coarse_cell_id	landuse	restored_ha
2927	ForestDryPoor	2.04000000
5285	ForestDryPoor	3.54000000
5298	ForestDryPoor	3.05000000
5299	ForestDryPoor	2.78000000
5580	ForestDryPoor	3.85000000
5587	ForestDryPoor	1.84000000
5875	ForestDryPoor	3.53000000
5890	ForestDryPoor	1.46000000
6167	ForestDryPoor	1.73000000
6170	ForestDryPoor	3.90000000
6175	ForestDryPoor	2.85000000
6184	ForestDryPoor	2.65000000
6185	ForestDryPoor	3.12000000
6187	ForestDryPoor	2.72000000
6188	ForestDryPoor	2.77000000
6189	ForestDryPoor	1.32000000
6465	ForestDryPoor	3.77000000
6470	ForestDryPoor	2.01000000
6478	ForestDryPoor	2.84000000
6483	ForestDryPoor	1.68000000
6756	ForestDryPoor	2.98000000
6760	ForestDryPoor	3.83000000
6761	ForestDryPoor	3.84000000
6762	ForestDryPoor	3.83000000
7056	ForestDryPoor	3.63000000
7057	ForestDryPoor	3.90000000
7068	ForestDryPoor	2.72000000
7346	ForestDryPoor	3.37000000
7347	ForestDryPoor	3.18000000
7352	ForestDryPoor	3.91000000
7641	ForestDryPoor	3.27000000
7642	ForestDryPoor	3.81000000
7647	ForestDryPoor	3.56000000
7658	ForestDryPoor	3.44000000
7935	ForestDryPoor	3.72000000
7936	ForestDryPoor	3.39000000
7937	ForestDryPoor	3.20000000
7940	ForestDryPoor	2.60000000
7941	ForestDryPoor	2.00000000
7942	ForestDryPoor	1.39000000
8226	ForestDryPoor	3.06000000
8230	ForestDryPoor	2.92000000
8231	ForestDryPoor	1.99000000
8232	ForestDryPoor	3.72000000
8233	ForestDryPoor	3.62000000
8234	ForestDryPoor	3.66000000
8246	ForestDryPoor	1.84000000
8521	ForestDryPoor	1.82000000
8525	ForestDryPoor	2.77000000
8528	ForestDryPoor	3.20000000
8822	ForestDryPoor	1.96000000
9111	ForestDryPoor	3.33000000
9112	ForestDryPoor	2.61000000
9407	ForestDryPoor	3.07000000
9408	ForestDryPoor	2.64000000
9409	ForestDryPoor	2.63000000
9410	ForestDryPoor	3.33000000
9424	ForestDryPoor	3.85000000
10010	ForestDryPoor	1.94000000
10287	ForestDryPoor	1.71000000
10293	ForestDryPoor	3.19000000
10582	ForestDryPoor	3.67000000
10587	ForestDryPoor	4.00000000
10588	ForestDryPoor	3.40000000
10878	ForestDryPoor	1.36000000
10879	ForestDryPoor	2.37000000
11170	ForestDryPoor	2.44000000
11172	ForestDryPoor	2.72000000
11173	ForestDryPoor	2.56000000
11174	ForestDryPoor	1.80000000
11178	ForestDryPoor	1.92000000
11467	ForestDryPoor	3.86000000
11757	ForestDryPoor	1.30000000
11758	ForestDryPoor	3.02000000
11759	ForestDryPoor	3.03000000
11762	ForestDryPoor	3.56000000
11765	ForestDryPoor	3.96000000
11767	ForestDryPoor	3.99000000
11775	ForestDryPoor	1.07000000
12051	ForestDryPoor	1.34000000
12052	ForestDryPoor	1.09000000
12053	ForestDryPoor	1.16000000
12054	ForestDryPoor	3.19000000
12057	ForestDryPoor	3.59000000
12060	ForestDryPoor	3.82000000
12062	ForestDryPoor	2.68000000
12346	ForestDryPoor	1.15000000
12348	ForestDryPoor	2.68000000
12349	ForestDryPoor	3.72000000
12350	ForestDryPoor	3.81000000
12352	ForestDryPoor	3.81000000
12355	ForestDryPoor	3.80000000
12364	ForestDryPoor	2.85000000
12641	ForestDryPoor	1.86000000
12642	ForestDryPoor	2.46000000
12643	ForestDryPoor	2.48000000
12644	ForestDryPoor	1.77000000
12645	ForestDryPoor	2.85000000
12647	ForestDryPoor	3.07000000
12648	ForestDryPoor	3.29000000
12650	ForestDryPoor	3.84000000
12651	ForestDryPoor	3.50000000
12937	ForestDryPoor	2.63000000
12938	ForestDryPoor	3.43000000
12940	ForestDryPoor	3.17000000
12941	ForestDryPoor	2.94000000
12942	ForestDryPoor	2.07000000
12943	ForestDryPoor	1.50000000
12944	ForestDryPoor	3.95000000
12946	ForestDryPoor	2.31000000
12952	ForestDryPoor	1.18000000
12953	ForestDryPoor	3.85000000
12956	ForestDryPoor	3.13000000
12957	ForestDryPoor	3.06000000
13234	ForestDryPoor	2.01000000
13236	ForestDryPoor	3.02000000
13237	ForestDryPoor	2.99000000
13239	ForestDryPoor	3.57000000
13247	ForestDryPoor	1.12000000
13527	ForestDryPoor	2.83000000
13528	ForestDryPoor	3.00000000
13529	ForestDryPoor	3.63000000
13530	ForestDryPoor	3.69000000
13531	ForestDryPoor	3.55000000
13532	ForestDryPoor	1.23000000
13543	ForestDryPoor	2.98000000
13826	ForestDryPoor	2.60000000
13842	ForestDryPoor	3.39000000
14119	ForestDryPoor	3.80000000
14120	ForestDryPoor	3.68000000
14121	ForestDryPoor	1.94000000
14416	ForestDryPoor	1.29000000
15005	ForestDryPoor	3.70000000
15018	ForestDryPoor	3.79000000
15300	ForestDryPoor	3.00000000
15308	ForestDryPoor	1.74000000
15594	ForestDryPoor	3.05000000
15595	ForestDryPoor	2.10000000
15603	ForestDryPoor	2.79000000
15612	ForestDryPoor	1.77000000
15888	ForestDryPoor	2.65000000
15889	ForestDryPoor	3.05000000
15890	ForestDryPoor	2.65000000
15906	ForestDryPoor	2.93000000
16183	ForestDryPoor	3.55000000
16184	ForestDryPoor	1.55000000
16191	ForestDryPoor	3.00000000
16201	ForestDryPoor	2.99000000
16476	ForestDryPoor	1.63000000
16477	ForestDryPoor	1.64000000
16478	ForestDryPoor	2.66000000
16479	ForestDryPoor	1.52000000
16486	ForestDryPoor	2.92000000
16773	ForestDryPoor	2.94000000
16774	ForestDryPoor	1.69000000
16781	ForestDryPoor	2.84000000
16784	ForestDryPoor	3.76000000
16790	ForestDryPoor	1.80000000
17065	ForestDryPoor	3.65000000
17068	ForestDryPoor	3.30000000
17069	ForestDryPoor	3.32000000
17076	ForestDryPoor	2.80000000
17362	ForestDryPoor	3.64000000
17363	ForestDryPoor	3.17000000
17364	ForestDryPoor	3.50000000
17365	ForestDryPoor	1.15000000
17374	ForestDryPoor	3.73000000
17658	ForestDryPoor	3.76000000
17659	ForestDryPoor	3.78000000
17660	ForestDryPoor	3.47000000
17661	ForestDryPoor	1.19000000
17666	ForestDryPoor	2.68000000
17955	ForestDryPoor	2.63000000
17961	ForestDryPoor	2.60000000
18256	ForestDryPoor	2.60000000
18551	ForestDryPoor	2.44000000
18552	ForestDryPoor	3.87000000
18842	ForestDryPoor	3.16000000
18846	ForestDryPoor	2.39000000
18847	ForestDryPoor	3.83000000
19137	ForestDryPoor	4.00000000
19141	ForestDryPoor	3.25000000
19142	ForestDryPoor	4.00000000
19143	ForestDryPoor	2.84000000
19144	ForestDryPoor	3.00000000
19432	ForestDryPoor	4.00000000
19433	ForestDryPoor	1.89000000
19438	ForestDryPoor	1.03000000
19439	ForestDryPoor	1.46000000
19727	ForestDryPoor	4.00000000
19728	ForestDryPoor	2.20000000
19732	ForestDryPoor	3.12000000
19733	ForestDryPoor	3.76000000
20021	ForestDryPoor	3.48000000
20022	ForestDryPoor	3.85000000
20023	ForestDryPoor	1.87000000
20027	ForestDryPoor	2.78000000
20028	ForestDryPoor	3.67000000
20029	ForestDryPoor	3.03000000
20315	ForestDryPoor	3.12000000
20316	ForestDryPoor	1.22000000
20317	ForestDryPoor	1.44000000
20322	ForestDryPoor	2.74000000
20323	ForestDryPoor	3.30000000
20324	ForestDryPoor	4.00000000
20325	ForestDryPoor	1.45000000
20606	ForestDryPoor	3.00000000
20611	ForestDryPoor	3.67000000
20612	ForestDryPoor	3.14000000
20613	ForestDryPoor	1.64000000
20617	ForestDryPoor	2.10000000
20618	ForestDryPoor	3.14000000
20619	ForestDryPoor	3.92000000
20620	ForestDryPoor	3.62000000
20907	ForestDryPoor	3.86000000
20908	ForestDryPoor	2.15000000
20913	ForestDryPoor	3.94000000
20914	ForestDryPoor	3.69000000
20915	ForestDryPoor	4.00000000
20916	ForestDryPoor	3.55000000
20917	ForestDryPoor	2.69000000
21199	ForestDryPoor	3.26000000
21203	ForestDryPoor	1.54000000
21210	ForestDryPoor	3.49000000
21211	ForestDryPoor	3.99000000
21492	ForestDryPoor	2.62000000
21498	ForestDryPoor	1.65000000
21503	ForestDryPoor	1.83000000
21505	ForestDryPoor	3.98000000
21506	ForestDryPoor	3.61000000
21509	ForestDryPoor	3.92000000
21787	ForestDryPoor	2.95000000
21789	ForestDryPoor	3.77000000
21790	ForestDryPoor	3.75000000
21798	ForestDryPoor	1.98000000
21801	ForestDryPoor	4.00000000
21804	ForestDryPoor	3.68000000
21805	ForestDryPoor	3.60000000
22083	ForestDryPoor	3.69000000
22084	ForestDryPoor	3.86000000
22085	ForestDryPoor	3.68000000
22088	ForestDryPoor	1.59000000
22094	ForestDryPoor	3.96000000
22099	ForestDryPoor	4.00000000
22100	ForestDryPoor	4.00000000
22380	ForestDryPoor	3.85000000
22381	ForestDryPoor	3.66000000
22382	ForestDryPoor	3.95000000
22383	ForestDryPoor	1.98000000
22389	ForestDryPoor	2.81000000
22391	ForestDryPoor	3.90000000
22392	ForestDryPoor	4.00000000
22395	ForestDryPoor	4.00000000
22397	ForestDryPoor	3.96000000
22676	ForestDryPoor	3.82000000
22678	ForestDryPoor	1.58000000
22684	ForestDryPoor	1.60000000
22687	ForestDryPoor	4.00000000
22971	ForestDryPoor	3.90000000
22979	ForestDryPoor	2.05000000
22982	ForestDryPoor	3.93000000
22983	ForestDryPoor	3.84000000
23265	ForestDryPoor	3.73000000
23266	ForestDryPoor	3.84000000
23267	ForestDryPoor	3.98000000
23274	ForestDryPoor	3.05000000
23279	ForestDryPoor	3.91000000
23280	ForestDryPoor	3.92000000
23281	ForestDryPoor	3.91000000
23282	ForestDryPoor	2.69000000
23560	ForestDryPoor	3.91000000
23561	ForestDryPoor	3.71000000
23562	ForestDryPoor	2.67000000
23572	ForestDryPoor	3.87000000
23574	ForestDryPoor	3.79000000
23575	ForestDryPoor	3.70000000
23576	ForestDryPoor	3.86000000
23870	ForestDryPoor	3.93000000
23871	ForestDryPoor	3.77000000
23872	ForestDryPoor	1.78000000
23873	ForestDryPoor	3.32000000
23874	ForestDryPoor	3.99000000
23877	ForestDryPoor	3.68000000
23880	ForestDryPoor	1.16000000
24147	ForestDryPoor	4.00000000
24148	ForestDryPoor	3.97000000
24149	ForestDryPoor	3.86000000
24165	ForestDryPoor	4.00000000
24167	ForestDryPoor	2.49000000
24168	ForestDryPoor	2.49000000
24169	ForestDryPoor	2.67000000
24170	ForestDryPoor	3.11000000
24173	ForestDryPoor	3.41000000
24176	ForestDryPoor	1.02000000
24444	ForestDryPoor	3.98000000
24445	ForestDryPoor	3.82000000
24462	ForestDryPoor	3.72000000
24465	ForestDryPoor	4.00000000
24466	ForestDryPoor	3.25000000
24468	ForestDryPoor	3.60000000
24740	ForestDryPoor	3.85000000
24757	ForestDryPoor	3.74000000
24761	ForestDryPoor	3.58000000
25042	ForestDryPoor	1.23000000
25052	ForestDryPoor	3.80000000
25056	ForestDryPoor	3.78000000
25057	ForestDryPoor	2.96000000
25058	ForestDryPoor	2.79000000
25323	ForestDryPoor	1.12000000
25330	ForestDryPoor	2.14000000
25341	ForestDryPoor	4.00000000
25344	ForestDryPoor	3.38000000
25351	ForestDryPoor	3.79000000
25353	ForestDryPoor	2.78000000
25355	ForestDryPoor	2.94000000
25356	ForestDryPoor	3.18000000
25359	ForestDryPoor	2.44000000
25611	ForestDryPoor	2.96000000
25612	ForestDryPoor	3.82000000
25615	ForestDryPoor	3.44000000
25616	ForestDryPoor	3.34000000
25617	ForestDryPoor	2.79000000
25618	ForestDryPoor	3.19000000
25619	ForestDryPoor	3.11000000
25620	ForestDryPoor	3.50000000
25621	ForestDryPoor	3.54000000
25623	ForestDryPoor	2.73000000
25625	ForestDryPoor	1.46000000
25642	ForestDryPoor	3.64000000
25643	ForestDryPoor	3.73000000
25644	ForestDryPoor	3.87000000
25645	ForestDryPoor	3.98000000
25646	ForestDryPoor	3.81000000
25647	ForestDryPoor	3.98000000
25648	ForestDryPoor	2.55000000
25651	ForestDryPoor	3.88000000
25652	ForestDryPoor	3.75000000
25900	ForestDryPoor	2.35000000
25901	ForestDryPoor	1.77000000
25902	ForestDryPoor	3.53000000
25903	ForestDryPoor	3.38000000
25904	ForestDryPoor	3.45000000
25905	ForestDryPoor	3.91000000
25906	ForestDryPoor	3.69000000
25907	ForestDryPoor	3.74000000
25908	ForestDryPoor	3.90000000
25910	ForestDryPoor	3.87000000
25911	ForestDryPoor	3.90000000
25912	ForestDryPoor	3.96000000
25913	ForestDryPoor	3.99000000
25914	ForestDryPoor	3.97000000
25915	ForestDryPoor	3.88000000
25916	ForestDryPoor	3.87000000
25917	ForestDryPoor	3.97000000
25919	ForestDryPoor	4.00000000
25920	ForestDryPoor	2.72000000
25939	ForestDryPoor	3.52000000
25940	ForestDryPoor	2.74000000
25942	ForestDryPoor	3.85000000
25943	ForestDryPoor	4.00000000
25951	ForestDryPoor	1.64000000
26200	ForestDryPoor	3.90000000
26201	ForestDryPoor	4.00000000
26202	ForestDryPoor	3.95000000
26203	ForestDryPoor	3.97000000
26209	ForestDryPoor	3.90000000
26210	ForestDryPoor	3.84000000
26211	ForestDryPoor	3.97000000
26212	ForestDryPoor	3.54000000
26215	ForestDryPoor	1.82000000
26223	ForestDryPoor	2.34000000
26224	ForestDryPoor	4.00000000
26235	ForestDryPoor	3.85000000
26237	ForestDryPoor	3.36000000
26238	ForestDryPoor	3.64000000
26239	ForestDryPoor	2.96000000
26241	ForestDryPoor	3.30000000
26243	ForestDryPoor	1.40000000
26486	ForestDryPoor	1.65000000
26487	ForestDryPoor	2.51000000
26492	ForestDryPoor	3.90000000
26494	ForestDryPoor	3.76000000
26497	ForestDryPoor	4.00000000
26498	ForestDryPoor	3.91000000
26506	ForestDryPoor	3.94000000
26507	ForestDryPoor	2.46000000
26508	ForestDryPoor	3.52000000
26509	ForestDryPoor	3.35000000
26519	ForestDryPoor	1.80000000
26521	ForestDryPoor	3.76000000
26530	ForestDryPoor	3.96000000
26531	ForestDryPoor	3.80000000
26533	ForestDryPoor	3.92000000
26534	ForestDryPoor	3.84000000
26535	ForestDryPoor	2.68000000
26536	ForestDryPoor	3.23000000
26538	ForestDryPoor	3.61000000
26778	ForestDryPoor	1.75000000
26779	ForestDryPoor	1.98000000
26780	ForestDryPoor	1.30000000
26782	ForestDryPoor	1.82000000
26783	ForestDryPoor	3.94000000
26784	ForestDryPoor	3.98000000
26785	ForestDryPoor	3.54000000
26786	ForestDryPoor	3.98000000
26787	ForestDryPoor	3.96000000
26788	ForestDryPoor	3.98000000
26789	ForestDryPoor	3.77000000
26790	ForestDryPoor	3.81000000
26791	ForestDryPoor	3.89000000
26792	ForestDryPoor	3.97000000
26793	ForestDryPoor	3.91000000
26794	ForestDryPoor	4.00000000
26795	ForestDryPoor	3.97000000
26796	ForestDryPoor	3.90000000
26797	ForestDryPoor	4.00000000
26798	ForestDryPoor	3.98000000
26799	ForestDryPoor	3.84000000
26800	ForestDryPoor	3.97000000
26801	ForestDryPoor	4.00000000
26802	ForestDryPoor	3.76000000
26803	ForestDryPoor	3.28000000
26804	ForestDryPoor	1.41000000
26816	ForestDryPoor	3.26000000
26821	ForestDryPoor	3.29000000
26822	ForestDryPoor	2.92000000
26823	ForestDryPoor	3.77000000
26824	ForestDryPoor	3.82000000
26825	ForestDryPoor	3.75000000
26826	ForestDryPoor	3.92000000
26828	ForestDryPoor	3.85000000
26830	ForestDryPoor	3.86000000
26831	ForestDryPoor	1.90000000
26832	ForestDryPoor	3.12000000
26833	ForestDryPoor	3.64000000
26834	ForestDryPoor	3.91000000
27075	ForestDryPoor	3.08000000
27076	ForestDryPoor	3.66000000
27095	ForestDryPoor	1.87000000
27112	ForestDryPoor	1.16000000
27114	ForestDryPoor	1.14000000
27120	ForestDryPoor	1.25000000
27121	ForestDryPoor	3.29000000
27122	ForestDryPoor	3.04000000
27123	ForestDryPoor	2.30000000
27124	ForestDryPoor	2.09000000
27125	ForestDryPoor	1.90000000
27127	ForestDryPoor	3.77000000
27128	ForestDryPoor	3.89000000
27129	ForestDryPoor	3.91000000
27130	ForestDryPoor	3.90000000
27400	ForestDryPoor	1.06000000
27423	ForestDryPoor	3.19000000
27424	ForestDryPoor	1.66000000
27425	ForestDryPoor	1.44000000
27426	ForestDryPoor	2.70000000
27657	ForestDryPoor	1.22000000
27675	ForestDryPoor	3.87000000
27696	ForestDryPoor	3.39000000
27711	ForestDryPoor	1.70000000
27946	ForestDryPoor	1.21000000
27948	ForestDryPoor	1.65000000
27955	ForestDryPoor	2.62000000
27963	ForestDryPoor	3.87000000
27971	ForestDryPoor	1.46000000
27973	ForestDryPoor	1.32000000
27983	ForestDryPoor	2.01000000
27986	ForestDryPoor	2.02000000
27990	ForestDryPoor	2.86000000
27992	ForestDryPoor	3.02000000
28003	ForestDryPoor	1.77000000
28004	ForestDryPoor	3.09000000
28266	ForestDryPoor	1.02000000
28288	ForestDryPoor	1.40000000
28289	ForestDryPoor	2.57000000
28290	ForestDryPoor	1.81000000
28296	ForestDryPoor	3.01000000
28592	ForestDryPoor	1.34000000
28593	ForestDryPoor	2.92000000
28855	ForestDryPoor	3.66000000
28894	ForestDryPoor	3.06000000
29143	ForestDryPoor	2.83000000
29153	ForestDryPoor	1.92000000
29390	ForestDryPoor	3.11000000
29393	ForestDryPoor	1.74000000
29394	ForestDryPoor	3.84000000
29447	ForestDryPoor	2.93000000
29473	ForestDryPoor	3.55000000
29474	ForestDryPoor	3.51000000
29478	ForestDryPoor	1.87000000
29479	ForestDryPoor	1.92000000
29685	ForestDryPoor	2.91000000
29688	ForestDryPoor	3.59000000
29689	ForestDryPoor	3.32000000
29690	ForestDryPoor	3.21000000
29691	ForestDryPoor	1.38000000
29733	ForestDryPoor	2.62000000
29981	ForestDryPoor	2.49000000
29982	ForestDryPoor	2.85000000
30035	ForestDryPoor	1.73000000
30036	ForestDryPoor	1.89000000
30065	ForestDryPoor	3.87000000
30271	ForestDryPoor	1.16000000
30272	ForestDryPoor	3.22000000
30273	ForestDryPoor	1.04000000
30274	ForestDryPoor	1.19000000
30276	ForestDryPoor	1.69000000
30279	ForestDryPoor	1.41000000
30566	ForestDryPoor	3.19000000
30568	ForestDryPoor	3.11000000
30569	ForestDryPoor	2.90000000
30622	ForestDryPoor	1.59000000
30657	ForestDryPoor	2.73000000
30859	ForestDryPoor	1.03000000
30860	ForestDryPoor	1.65000000
30861	ForestDryPoor	3.87000000
30862	ForestDryPoor	3.02000000
30863	ForestDryPoor	2.37000000
30904	ForestDryPoor	1.87000000
31156	ForestDryPoor	1.40000000
31158	ForestDryPoor	4.00000000
31160	ForestDryPoor	2.57000000
31165	ForestDryPoor	1.04000000
31166	ForestDryPoor	1.19000000
31449	ForestDryPoor	2.40000000
31450	ForestDryPoor	1.81000000
31451	ForestDryPoor	3.12000000
31452	ForestDryPoor	2.81000000
31453	ForestDryPoor	2.98000000
31454	ForestDryPoor	2.00000000
31455	ForestDryPoor	3.85000000
31456	ForestDryPoor	1.96000000
31505	ForestDryPoor	1.77000000
31746	ForestDryPoor	1.14000000
31747	ForestDryPoor	1.54000000
31748	ForestDryPoor	2.37000000
31749	ForestDryPoor	3.65000000
31750	ForestDryPoor	3.87000000
31751	ForestDryPoor	3.84000000
31759	ForestDryPoor	1.79000000
31797	ForestDryPoor	1.09000000
31798	ForestDryPoor	1.48000000
32042	ForestDryPoor	2.86000000
32044	ForestDryPoor	3.98000000
32045	ForestDryPoor	3.73000000
32046	ForestDryPoor	3.54000000
32048	ForestDryPoor	1.18000000
32338	ForestDryPoor	2.46000000
32340	ForestDryPoor	1.43000000
32341	ForestDryPoor	1.91000000
32342	ForestDryPoor	1.05000000
32633	ForestDryPoor	2.34000000
32634	ForestDryPoor	2.16000000
32635	ForestDryPoor	2.76000000
32636	ForestDryPoor	2.44000000
32927	ForestDryPoor	1.59000000
32928	ForestDryPoor	3.56000000
32929	ForestDryPoor	2.80000000
32930	ForestDryPoor	2.02000000
32931	ForestDryPoor	1.94000000
32932	ForestDryPoor	2.27000000
33217	ForestDryPoor	2.51000000
33218	ForestDryPoor	1.57000000
33219	ForestDryPoor	2.53000000
33222	ForestDryPoor	3.43000000
33223	ForestDryPoor	1.37000000
33224	ForestDryPoor	2.79000000
33512	ForestDryPoor	2.15000000
33513	ForestDryPoor	2.07000000
33514	ForestDryPoor	1.83000000
33516	ForestDryPoor	2.74000000
33517	ForestDryPoor	3.20000000
33518	ForestDryPoor	3.50000000
33521	ForestDryPoor	3.27000000
33809	ForestDryPoor	2.40000000
33810	ForestDryPoor	1.78000000
33811	ForestDryPoor	4.00000000
33812	ForestDryPoor	3.94000000
33813	ForestDryPoor	2.51000000
33815	ForestDryPoor	3.58000000
34104	ForestDryPoor	2.42000000
34105	ForestDryPoor	2.10000000
34107	ForestDryPoor	3.82000000
34108	ForestDryPoor	3.04000000
34402	ForestDryPoor	3.77000000
34403	ForestDryPoor	3.51000000
34404	ForestDryPoor	2.89000000
34985	ForestDryPoor	3.10000000
34991	ForestDryPoor	1.86000000
35280	ForestDryPoor	3.46000000
35286	ForestDryPoor	3.58000000
35574	ForestDryPoor	3.46000000
35575	ForestDryPoor	2.61000000
35580	ForestDryPoor	2.68000000
35582	ForestDryPoor	3.92000000
35854	ForestDryPoor	1.68000000
35855	ForestDryPoor	3.43000000
35856	ForestDryPoor	3.02000000
35857	ForestDryPoor	1.26000000
35867	ForestDryPoor	1.73000000
35868	ForestDryPoor	3.77000000
35869	ForestDryPoor	3.31000000
35874	ForestDryPoor	1.56000000
35876	ForestDryPoor	3.39000000
35877	ForestDryPoor	2.25000000
35878	ForestDryPoor	3.05000000
36151	ForestDryPoor	3.92000000
36152	ForestDryPoor	2.68000000
36163	ForestDryPoor	2.93000000
36164	ForestDryPoor	3.21000000
36165	ForestDryPoor	1.04000000
36168	ForestDryPoor	1.10000000
36171	ForestDryPoor	3.67000000
36172	ForestDryPoor	1.63000000
36173	ForestDryPoor	2.49000000
36443	ForestDryPoor	3.06000000
36444	ForestDryPoor	1.81000000
36445	ForestDryPoor	2.06000000
36446	ForestDryPoor	3.25000000
36447	ForestDryPoor	3.76000000
36448	ForestDryPoor	1.52000000
36455	ForestDryPoor	1.88000000
36457	ForestDryPoor	3.12000000
36458	ForestDryPoor	1.66000000
36464	ForestDryPoor	2.59000000
36465	ForestDryPoor	3.69000000
36466	ForestDryPoor	2.16000000
36467	ForestDryPoor	1.79000000
36468	ForestDryPoor	3.82000000
36737	ForestDryPoor	3.11000000
36739	ForestDryPoor	2.49000000
36740	ForestDryPoor	2.58000000
36741	ForestDryPoor	3.03000000
36743	ForestDryPoor	3.30000000
36750	ForestDryPoor	3.66000000
36751	ForestDryPoor	2.56000000
36758	ForestDryPoor	3.63000000
36759	ForestDryPoor	3.81000000
36760	ForestDryPoor	3.70000000
36761	ForestDryPoor	1.24000000
37031	ForestDryPoor	2.95000000
37036	ForestDryPoor	3.43000000
37037	ForestDryPoor	2.81000000
37039	ForestDryPoor	3.83000000
37043	ForestDryPoor	2.99000000
37044	ForestDryPoor	1.65000000
37052	ForestDryPoor	2.68000000
37053	ForestDryPoor	3.07000000
37327	ForestDryPoor	2.89000000
37328	ForestDryPoor	3.03000000
37329	ForestDryPoor	2.29000000
37330	ForestDryPoor	2.50000000
37331	ForestDryPoor	3.99000000
37333	ForestDryPoor	2.84000000
37334	ForestDryPoor	2.73000000
37335	ForestDryPoor	3.77000000
37336	ForestDryPoor	3.34000000
37342	ForestDryPoor	2.95000000
37621	ForestDryPoor	1.73000000
37625	ForestDryPoor	2.66000000
37626	ForestDryPoor	3.79000000
37627	ForestDryPoor	3.87000000
37628	ForestDryPoor	2.25000000
37629	ForestDryPoor	1.09000000
37630	ForestDryPoor	1.20000000
37634	ForestDryPoor	1.06000000
38494	ForestDryPoor	1.81000000
38515	ForestDryPoor	1.65000000
38516	ForestDryPoor	3.80000000
38810	ForestDryPoor	3.81000000
39077	ForestDryPoor	2.62000000
39362	ForestDryPoor	1.87000000
39366	ForestDryPoor	2.02000000
39368	ForestDryPoor	3.06000000
39370	ForestDryPoor	1.92000000
39381	ForestDryPoor	1.77000000
39397	ForestDryPoor	1.92000000
39399	ForestDryPoor	3.77000000
39652	ForestDryPoor	2.65000000
39654	ForestDryPoor	2.68000000
39667	ForestDryPoor	2.73000000
39671	ForestDryPoor	2.92000000
39694	ForestDryPoor	3.06000000
39943	ForestDryPoor	3.09000000
39964	ForestDryPoor	3.06000000
39967	ForestDryPoor	1.73000000
39968	ForestDryPoor	1.15000000
39969	ForestDryPoor	3.05000000
40228	ForestDryPoor	3.09000000
40255	ForestDryPoor	1.77000000
40256	ForestDryPoor	1.81000000
40533	ForestDryPoor	1.95000000
40534	ForestDryPoor	1.06000000
40549	ForestDryPoor	1.99000000
40551	ForestDryPoor	2.64000000
40557	ForestDryPoor	1.05000000
40558	ForestDryPoor	1.20000000
40559	ForestDryPoor	1.46000000
40561	ForestDryPoor	1.21000000
40577	ForestDryPoor	1.28000000
40578	ForestDryPoor	1.33000000
40579	ForestDryPoor	2.34000000
40822	ForestDryPoor	2.01000000
40828	ForestDryPoor	1.02000000
40844	ForestDryPoor	2.78000000
40845	ForestDryPoor	3.68000000
40846	ForestDryPoor	1.87000000
40849	ForestDryPoor	1.95000000
40855	ForestDryPoor	3.08000000
40856	ForestDryPoor	2.95000000
40872	ForestDryPoor	1.58000000
40873	ForestDryPoor	2.44000000
40874	ForestDryPoor	3.72000000
41119	ForestDryPoor	2.48000000
41124	ForestDryPoor	1.52000000
41125	ForestDryPoor	2.99000000
41126	ForestDryPoor	1.52000000
41140	ForestDryPoor	2.59000000
41141	ForestDryPoor	2.19000000
41143	ForestDryPoor	1.91000000
41168	ForestDryPoor	1.45000000
41169	ForestDryPoor	3.48000000
41412	ForestDryPoor	2.95000000
41418	ForestDryPoor	1.22000000
41419	ForestDryPoor	2.76000000
41420	ForestDryPoor	1.14000000
41432	ForestDryPoor	3.00000000
41435	ForestDryPoor	1.58000000
41436	ForestDryPoor	2.14000000
41438	ForestDryPoor	2.42000000
41439	ForestDryPoor	2.73000000
41442	ForestDryPoor	1.51000000
41443	ForestDryPoor	2.12000000
41444	ForestDryPoor	2.28000000
41445	ForestDryPoor	2.47000000
41447	ForestDryPoor	3.66000000
41449	ForestDryPoor	2.08000000
41461	ForestDryPoor	1.45000000
41462	ForestDryPoor	1.80000000
41463	ForestDryPoor	2.82000000
41464	ForestDryPoor	3.82000000
41710	ForestDryPoor	1.74000000
41711	ForestDryPoor	2.65000000
41712	ForestDryPoor	2.40000000
41714	ForestDryPoor	2.37000000
41715	ForestDryPoor	1.58000000
41726	ForestDryPoor	1.73000000
41727	ForestDryPoor	2.39000000
41732	ForestDryPoor	2.02000000
41733	ForestDryPoor	1.93000000
41734	ForestDryPoor	3.05000000
41736	ForestDryPoor	3.51000000
41737	ForestDryPoor	3.06000000
41741	ForestDryPoor	1.32000000
41742	ForestDryPoor	2.86000000
41743	ForestDryPoor	2.92000000
41744	ForestDryPoor	1.85000000
41745	ForestDryPoor	2.14000000
41746	ForestDryPoor	3.25000000
41747	ForestDryPoor	2.35000000
41748	ForestDryPoor	1.00000000
41755	ForestDryPoor	3.29000000
41757	ForestDryPoor	2.16000000
41996	ForestDryPoor	2.69000000
41998	ForestDryPoor	2.37000000
41999	ForestDryPoor	2.92000000
42001	ForestDryPoor	1.75000000
42002	ForestDryPoor	1.01000000
42003	ForestDryPoor	1.56000000
42004	ForestDryPoor	2.92000000
42006	ForestDryPoor	2.84000000
42007	ForestDryPoor	2.71000000
42008	ForestDryPoor	2.37000000
42009	ForestDryPoor	1.98000000
42010	ForestDryPoor	2.08000000
42011	ForestDryPoor	1.08000000
42021	ForestDryPoor	1.57000000
42022	ForestDryPoor	2.73000000
42029	ForestDryPoor	2.99000000
42033	ForestDryPoor	3.79000000
42034	ForestDryPoor	2.49000000
42035	ForestDryPoor	2.29000000
42037	ForestDryPoor	3.73000000
42038	ForestDryPoor	2.60000000
42040	ForestDryPoor	3.06000000
42041	ForestDryPoor	2.18000000
42043	ForestDryPoor	2.43000000
42050	ForestDryPoor	3.41000000
42051	ForestDryPoor	2.42000000
42288	ForestDryPoor	1.70000000
42289	ForestDryPoor	2.03000000
42290	ForestDryPoor	2.28000000
42291	ForestDryPoor	1.75000000
42295	ForestDryPoor	2.49000000
42296	ForestDryPoor	2.70000000
42297	ForestDryPoor	1.82000000
42306	ForestDryPoor	3.22000000
42315	ForestDryPoor	1.74000000
42324	ForestDryPoor	2.43000000
42328	ForestDryPoor	3.92000000
42331	ForestDryPoor	2.80000000
42332	ForestDryPoor	2.87000000
42333	ForestDryPoor	1.65000000
42337	ForestDryPoor	3.39000000
42338	ForestDryPoor	2.80000000
42345	ForestDryPoor	3.16000000
42346	ForestDryPoor	1.11000000
42347	ForestDryPoor	1.27000000
42576	ForestDryPoor	3.03000000
42577	ForestDryPoor	1.82000000
42579	ForestDryPoor	3.03000000
42583	ForestDryPoor	1.56000000
42585	ForestDryPoor	3.03000000
42586	ForestDryPoor	3.26000000
42601	ForestDryPoor	1.14000000
42608	ForestDryPoor	2.00000000
42612	ForestDryPoor	2.50000000
42622	ForestDryPoor	3.10000000
42623	ForestDryPoor	3.19000000
42624	ForestDryPoor	2.66000000
42625	ForestDryPoor	1.78000000
42626	ForestDryPoor	1.65000000
42627	ForestDryPoor	2.09000000
42629	ForestDryPoor	2.68000000
42634	ForestDryPoor	2.46000000
42638	ForestDryPoor	2.43000000
42639	ForestDryPoor	3.84000000
42640	ForestDryPoor	3.80000000
42641	ForestDryPoor	3.54000000
42870	ForestDryPoor	1.32000000
42872	ForestDryPoor	1.79000000
42877	ForestDryPoor	2.89000000
42907	ForestDryPoor	1.42000000
42908	ForestDryPoor	1.08000000
42917	ForestDryPoor	1.95000000
42920	ForestDryPoor	2.25000000
42928	ForestDryPoor	1.92000000
42929	ForestDryPoor	1.11000000
43165	ForestDryPoor	2.42000000
43169	ForestDryPoor	1.60000000
43170	ForestDryPoor	2.39000000
43173	ForestDryPoor	1.44000000
43174	ForestDryPoor	2.83000000
43215	ForestDryPoor	1.87000000
43220	ForestDryPoor	1.37000000
43223	ForestDryPoor	3.30000000
43224	ForestDryPoor	2.67000000
43225	ForestDryPoor	3.79000000
43227	ForestDryPoor	3.10000000
43229	ForestDryPoor	2.68000000
43460	ForestDryPoor	1.30000000
43462	ForestDryPoor	2.91000000
43463	ForestDryPoor	2.85000000
43466	ForestDryPoor	2.41000000
43467	ForestDryPoor	3.94000000
43468	ForestDryPoor	2.94000000
43509	ForestDryPoor	3.14000000
43519	ForestDryPoor	2.85000000
43521	ForestDryPoor	1.40000000
43524	ForestDryPoor	2.94000000
43752	ForestDryPoor	3.06000000
43759	ForestDryPoor	2.32000000
43762	ForestDryPoor	2.68000000
43766	ForestDryPoor	1.55000000
43767	ForestDryPoor	2.78000000
43814	ForestDryPoor	2.91000000
43815	ForestDryPoor	2.17000000
44049	ForestDryPoor	2.65000000
44051	ForestDryPoor	2.78000000
44112	ForestDryPoor	3.76000000
44113	ForestDryPoor	1.49000000
44114	ForestDryPoor	2.27000000
44322	ForestDryPoor	3.09000000
44410	ForestDryPoor	2.22000000
44703	ForestDryPoor	3.69000000
44705	ForestDryPoor	1.67000000
44909	ForestDryPoor	2.26000000
44914	ForestDryPoor	3.00000000
44934	ForestDryPoor	1.87000000
45203	ForestDryPoor	1.04000000
45205	ForestDryPoor	2.84000000
45226	ForestDryPoor	1.78000000
45499	ForestDryPoor	2.47000000
45500	ForestDryPoor	2.86000000
45504	ForestDryPoor	2.65000000
45791	ForestDryPoor	1.20000000
45796	ForestDryPoor	2.69000000
45797	ForestDryPoor	2.10000000
45798	ForestDryPoor	1.86000000
46085	ForestDryPoor	1.43000000
46086	ForestDryPoor	1.62000000
46088	ForestDryPoor	1.70000000
46089	ForestDryPoor	2.26000000
46091	ForestDryPoor	1.98000000
46092	ForestDryPoor	2.62000000
46095	ForestDryPoor	3.24000000
46096	ForestDryPoor	1.67000000
46376	ForestDryPoor	1.27000000
46380	ForestDryPoor	2.61000000
46381	ForestDryPoor	1.65000000
46384	ForestDryPoor	3.00000000
46387	ForestDryPoor	2.98000000
46389	ForestDryPoor	2.58000000
46670	ForestDryPoor	3.11000000
46671	ForestDryPoor	2.99000000
46673	ForestDryPoor	2.26000000
46674	ForestDryPoor	2.39000000
46677	ForestDryPoor	1.60000000
46678	ForestDryPoor	1.57000000
46679	ForestDryPoor	1.27000000
46682	ForestDryPoor	3.39000000
46684	ForestDryPoor	2.28000000
46685	ForestDryPoor	1.34000000
46965	ForestDryPoor	1.60000000
46970	ForestDryPoor	2.88000000
46971	ForestDryPoor	1.80000000
46972	ForestDryPoor	2.37000000
46974	ForestDryPoor	3.11000000
46977	ForestDryPoor	3.35000000
46978	ForestDryPoor	1.36000000
46979	ForestDryPoor	1.20000000
46982	ForestDryPoor	1.04000000
47268	ForestDryPoor	1.36000000
47271	ForestDryPoor	2.97000000
47273	ForestDryPoor	3.64000000
47274	ForestDryPoor	1.62000000
47276	ForestDryPoor	2.93000000
47277	ForestDryPoor	1.32000000
47278	ForestDryPoor	1.59000000
47564	ForestDryPoor	1.36000000
47565	ForestDryPoor	3.46000000
47569	ForestDryPoor	3.20000000
47573	ForestDryPoor	1.36000000
47576	ForestDryPoor	2.19000000
47577	ForestDryPoor	2.25000000
48157	ForestDryPoor	2.55000000
48746	ForestDryPoor	1.02000000
49037	ForestDryPoor	1.88000000
51984	ForestDryPoor	1.84000000
53482	ForestDryPoor	1.78000000
53777	ForestDryPoor	1.43000000
53789	ForestDryPoor	1.09000000
54054	ForestDryPoor	2.65000000
54075	ForestDryPoor	2.03000000
54076	ForestDryPoor	2.60000000
54083	ForestDryPoor	2.86000000
54084	ForestDryPoor	2.27000000
54361	ForestDryPoor	2.82000000
54363	ForestDryPoor	2.78000000
54365	ForestDryPoor	2.11000000
54366	ForestDryPoor	1.97000000
54369	ForestDryPoor	2.71000000
54371	ForestDryPoor	1.66000000
54372	ForestDryPoor	3.39000000
54375	ForestDryPoor	2.97000000
54378	ForestDryPoor	1.32000000
54379	ForestDryPoor	2.95000000
54653	ForestDryPoor	1.80000000
54656	ForestDryPoor	1.81000000
54661	ForestDryPoor	1.07000000
54667	ForestDryPoor	2.72000000
54947	ForestDryPoor	1.03000000
54948	ForestDryPoor	1.53000000
54959	ForestDryPoor	1.90000000
54962	ForestDryPoor	1.75000000
54964	ForestDryPoor	3.26000000
54969	ForestDryPoor	3.94000000
55238	ForestDryPoor	2.68000000
55244	ForestDryPoor	3.06000000
55245	ForestDryPoor	2.80000000
55246	ForestDryPoor	2.47000000
55247	ForestDryPoor	1.32000000
55254	ForestDryPoor	1.53000000
55255	ForestDryPoor	3.00000000
55256	ForestDryPoor	2.07000000
55257	ForestDryPoor	1.42000000
55265	ForestDryPoor	1.08000000
55537	ForestDryPoor	2.94000000
55553	ForestDryPoor	3.79000000
55559	ForestDryPoor	1.74000000
55560	ForestDryPoor	3.02000000
55829	ForestDryPoor	2.02000000
55831	ForestDryPoor	3.39000000
55832	ForestDryPoor	2.87000000
55834	ForestDryPoor	1.33000000
55849	ForestDryPoor	2.38000000
56126	ForestDryPoor	2.73000000
56143	ForestDryPoor	1.77000000
56144	ForestDryPoor	1.18000000
56433	ForestDryPoor	1.04000000
56437	ForestDryPoor	2.58000000
56438	ForestDryPoor	3.66000000
56439	ForestDryPoor	1.61000000
56440	ForestDryPoor	2.37000000
56441	ForestDryPoor	1.88000000
56736	ForestDryPoor	2.89000000
57020	ForestDryPoor	1.77000000
57315	ForestDryPoor	1.76000000
57316	ForestDryPoor	2.65000000
57612	ForestDryPoor	2.98000000
57613	ForestDryPoor	1.69000000
57903	ForestDryPoor	2.00000000
57906	ForestDryPoor	2.37000000
57907	ForestDryPoor	2.77000000
57908	ForestDryPoor	1.38000000
58201	ForestDryPoor	1.95000000
58202	ForestDryPoor	3.09000000
58203	ForestDryPoor	1.27000000
58496	ForestDryPoor	2.33000000
58497	ForestDryPoor	2.99000000
58792	ForestDryPoor	1.37000000
59373	ForestDryPoor	2.66000000
59374	ForestDryPoor	2.31000000
59375	ForestDryPoor	3.03000000
59376	ForestDryPoor	2.82000000
59381	ForestDryPoor	2.87000000
59671	ForestDryPoor	2.74000000
59676	ForestDryPoor	3.70000000
59677	ForestDryPoor	1.57000000
59681	ForestDryPoor	1.89000000
59966	ForestDryPoor	2.05000000
59971	ForestDryPoor	2.23000000
59972	ForestDryPoor	1.51000000
60260	ForestDryPoor	2.01000000
60261	ForestDryPoor	2.29000000
60265	ForestDryPoor	3.05000000
60266	ForestDryPoor	2.49000000
60560	ForestDryPoor	1.30000000
60561	ForestDryPoor	1.02000000
60851	ForestDryPoor	1.89000000
61144	ForestDryPoor	1.18000000
61145	ForestDryPoor	1.12000000
61146	ForestDryPoor	1.37000000
61445	ForestDryPoor	1.80000000
61739	ForestDryPoor	3.74000000
61740	ForestDryPoor	1.64000000
61741	ForestDryPoor	2.43000000
61742	ForestDryPoor	3.64000000
62035	ForestDryPoor	3.57000000
62036	ForestDryPoor	1.14000000
62331	ForestDryPoor	2.23000000
62332	ForestDryPoor	2.15000000
62627	ForestDryPoor	1.42000000
62628	ForestDryPoor	2.51000000
62629	ForestDryPoor	2.01000000
62919	ForestDryPoor	1.56000000
62922	ForestDryPoor	3.58000000
63215	ForestDryPoor	3.89000000
63218	ForestDryPoor	1.45000000
63221	ForestDryPoor	2.77000000
63509	ForestDryPoor	3.78000000
63510	ForestDryPoor	3.55000000
63513	ForestDryPoor	2.73000000
63514	ForestDryPoor	2.26000000
63516	ForestDryPoor	1.30000000
63801	ForestDryPoor	1.95000000
63806	ForestDryPoor	2.81000000
63809	ForestDryPoor	1.43000000
64104	ForestDryPoor	1.21000000
64106	ForestDryPoor	3.67000000
64107	ForestDryPoor	1.07000000
64398	ForestDryPoor	2.05000000
64402	ForestDryPoor	2.32000000
64699	ForestDryPoor	1.57000000
64994	ForestDryPoor	2.64000000
64995	ForestDryPoor	1.76000000
65285	ForestDryPoor	3.00000000
65286	ForestDryPoor	2.97000000
65287	ForestDryPoor	3.11000000
65289	ForestDryPoor	3.75000000
65576	ForestDryPoor	2.29000000
65580	ForestDryPoor	2.63000000
65874	ForestDryPoor	1.21000000
65880	ForestDryPoor	3.99000000
66167	ForestDryPoor	2.34000000
66168	ForestDryPoor	2.82000000
66169	ForestDryPoor	1.43000000
66170	ForestDryPoor	1.88000000
66171	ForestDryPoor	3.46000000
66174	ForestDryPoor	3.05000000
66457	ForestDryPoor	1.42000000
66464	ForestDryPoor	1.10000000
66465	ForestDryPoor	3.10000000
66470	ForestDryPoor	2.64000000
66753	ForestDryPoor	3.45000000
66755	ForestDryPoor	2.26000000
66756	ForestDryPoor	1.61000000
66757	ForestDryPoor	1.08000000
66759	ForestDryPoor	2.65000000
66764	ForestDryPoor	2.94000000
66765	ForestDryPoor	1.19000000
67048	ForestDryPoor	2.77000000
67052	ForestDryPoor	2.34000000
67059	ForestDryPoor	2.43000000
67346	ForestDryPoor	1.23000000
67347	ForestDryPoor	1.14000000
67348	ForestDryPoor	2.89000000
67349	ForestDryPoor	2.39000000
67352	ForestDryPoor	3.47000000
67353	ForestDryPoor	2.81000000
67354	ForestDryPoor	1.63000000
67643	ForestDryPoor	1.84000000
67644	ForestDryPoor	1.59000000
67645	ForestDryPoor	2.51000000
67648	ForestDryPoor	3.58000000
67650	ForestDryPoor	3.01000000
67939	ForestDryPoor	1.56000000
67942	ForestDryPoor	3.73000000
67943	ForestDryPoor	3.66000000
67945	ForestDryPoor	1.98000000
68233	ForestDryPoor	2.36000000
68234	ForestDryPoor	1.52000000
68235	ForestDryPoor	2.84000000
68240	ForestDryPoor	2.14000000
68528	ForestDryPoor	1.24000000
68535	ForestDryPoor	2.79000000
68824	ForestDryPoor	1.08000000
68825	ForestDryPoor	3.31000000
68830	ForestDryPoor	3.16000000
69119	ForestDryPoor	1.49000000
69120	ForestDryPoor	3.48000000
69125	ForestDryPoor	2.38000000
69414	ForestDryPoor	1.38000000
69415	ForestDryPoor	2.77000000
69708	ForestDryPoor	2.95000000
69710	ForestDryPoor	2.41000000
69711	ForestDryPoor	2.96000000
69712	ForestDryPoor	1.42000000
69713	ForestDryPoor	1.27000000
69714	ForestDryPoor	1.76000000
69715	ForestDryPoor	2.31000000
70008	ForestDryPoor	1.28000000
70303	ForestDryPoor	2.81000000
70307	ForestDryPoor	1.58000000
70590	ForestDryPoor	1.76000000
70591	ForestDryPoor	1.89000000
70600	ForestDryPoor	2.27000000
70601	ForestDryPoor	1.67000000
71465	ForestDryPoor	1.79000000
71476	ForestDryPoor	2.05000000
71477	ForestDryPoor	2.99000000
71766	ForestDryPoor	2.44000000
71767	ForestDryPoor	2.60000000
71770	ForestDryPoor	1.22000000
71771	ForestDryPoor	3.87000000
71772	ForestDryPoor	3.35000000
72062	ForestDryPoor	1.11000000
72065	ForestDryPoor	3.30000000
72356	ForestDryPoor	2.22000000
72357	ForestDryPoor	1.23000000
72359	ForestDryPoor	2.11000000
72362	ForestDryPoor	3.35000000
72364	ForestDryPoor	1.95000000
72365	ForestDryPoor	1.44000000
72652	ForestDryPoor	2.61000000
72654	ForestDryPoor	1.10000000
72657	ForestDryPoor	3.55000000
72659	ForestDryPoor	3.05000000
72947	ForestDryPoor	2.00000000
72948	ForestDryPoor	1.03000000
72950	ForestDryPoor	1.09000000
72951	ForestDryPoor	1.35000000
72952	ForestDryPoor	2.91000000
72953	ForestDryPoor	1.90000000
72955	ForestDryPoor	2.71000000
73242	ForestDryPoor	1.44000000
73243	ForestDryPoor	3.32000000
73245	ForestDryPoor	1.07000000
73248	ForestDryPoor	2.25000000
73836	ForestDryPoor	1.39000000
74423	ForestDryPoor	1.36000000
74427	ForestDryPoor	3.04000000
74717	ForestDryPoor	2.63000000
74720	ForestDryPoor	2.60000000
74721	ForestDryPoor	1.54000000
75301	ForestDryPoor	2.73000000
75306	ForestDryPoor	1.15000000
75315	ForestDryPoor	1.22000000
75598	ForestDryPoor	2.04000000
75599	ForestDryPoor	2.04000000
75610	ForestDryPoor	1.77000000
75905	ForestDryPoor	1.52000000
76478	ForestDryPoor	1.07000000
76479	ForestDryPoor	2.77000000
76771	ForestDryPoor	1.19000000
83542	ForestDryPoor	2.85000000
83543	ForestDryPoor	1.01000000
83841	ForestDryPoor	1.85000000
83842	ForestDryPoor	1.94000000
83843	ForestDryPoor	1.40000000
84136	ForestDryPoor	2.61000000
84138	ForestDryPoor	1.53000000
84430	ForestDryPoor	2.24000000
84431	ForestDryPoor	4.00000000
84432	ForestDryPoor	3.50000000
84433	ForestDryPoor	2.76000000
84443	ForestDryPoor	1.62000000
84444	ForestDryPoor	1.68000000
84445	ForestDryPoor	1.28000000
84446	ForestDryPoor	1.15000000
84448	ForestDryPoor	1.97000000
84449	ForestDryPoor	1.54000000
84450	ForestDryPoor	1.11000000
84731	ForestDryPoor	2.00000000
84734	ForestDryPoor	1.92000000
84736	ForestDryPoor	1.88000000
84737	ForestDryPoor	3.26000000
84738	ForestDryPoor	2.32000000
84739	ForestDryPoor	2.59000000
84740	ForestDryPoor	2.82000000
84741	ForestDryPoor	3.31000000
84742	ForestDryPoor	3.27000000
84743	ForestDryPoor	2.66000000
84744	ForestDryPoor	2.83000000
84745	ForestDryPoor	1.13000000
85024	ForestDryPoor	2.45000000
85025	ForestDryPoor	2.92000000
85026	ForestDryPoor	3.19000000
85027	ForestDryPoor	2.97000000
85028	ForestDryPoor	2.92000000
85029	ForestDryPoor	2.28000000
85037	ForestDryPoor	1.42000000
85038	ForestDryPoor	2.97000000
85039	ForestDryPoor	3.69000000
85040	ForestDryPoor	3.74000000
85041	ForestDryPoor	3.57000000
85042	ForestDryPoor	1.15000000
85318	ForestDryPoor	1.15000000
85319	ForestDryPoor	1.38000000
85323	ForestDryPoor	2.39000000
85330	ForestDryPoor	2.11000000
85331	ForestDryPoor	2.56000000
85332	ForestDryPoor	1.72000000
85333	ForestDryPoor	1.54000000
85334	ForestDryPoor	2.43000000
85337	ForestDryPoor	2.80000000
85616	ForestDryPoor	1.18000000
85617	ForestDryPoor	2.80000000
85618	ForestDryPoor	2.04000000
85619	ForestDryPoor	2.10000000
85620	ForestDryPoor	3.55000000
85621	ForestDryPoor	1.72000000
85629	ForestDryPoor	1.03000000
85631	ForestDryPoor	1.96000000
85632	ForestDryPoor	1.56000000
85633	ForestDryPoor	1.60000000
85912	ForestDryPoor	2.80000000
85913	ForestDryPoor	3.01000000
85914	ForestDryPoor	2.82000000
85915	ForestDryPoor	2.35000000
85916	ForestDryPoor	2.93000000
85917	ForestDryPoor	3.29000000
85918	ForestDryPoor	2.55000000
85927	ForestDryPoor	1.11000000
85928	ForestDryPoor	1.45000000
85929	ForestDryPoor	1.60000000
85930	ForestDryPoor	2.10000000
85931	ForestDryPoor	1.87000000
86207	ForestDryPoor	1.03000000
86208	ForestDryPoor	3.01000000
86209	ForestDryPoor	1.10000000
86210	ForestDryPoor	3.32000000
86212	ForestDryPoor	2.92000000
86213	ForestDryPoor	3.27000000
86214	ForestDryPoor	1.83000000
86221	ForestDryPoor	2.26000000
86222	ForestDryPoor	2.60000000
86225	ForestDryPoor	1.00000000
86227	ForestDryPoor	1.92000000
86228	ForestDryPoor	2.00000000
86229	ForestDryPoor	1.51000000
86241	ForestDryPoor	1.18000000
86242	ForestDryPoor	3.15000000
86503	ForestDryPoor	1.18000000
86504	ForestDryPoor	1.20000000
86505	ForestDryPoor	1.78000000
86506	ForestDryPoor	1.85000000
86508	ForestDryPoor	1.10000000
86509	ForestDryPoor	3.48000000
86510	ForestDryPoor	1.12000000
86511	ForestDryPoor	2.23000000
86516	ForestDryPoor	1.57000000
86517	ForestDryPoor	1.59000000
86522	ForestDryPoor	2.33000000
86523	ForestDryPoor	1.65000000
86524	ForestDryPoor	2.80000000
86525	ForestDryPoor	3.09000000
86536	ForestDryPoor	2.44000000
86537	ForestDryPoor	3.27000000
86805	ForestDryPoor	1.52000000
86806	ForestDryPoor	1.49000000
86807	ForestDryPoor	1.18000000
86808	ForestDryPoor	1.10000000
86819	ForestDryPoor	2.64000000
86820	ForestDryPoor	3.58000000
86821	ForestDryPoor	3.64000000
86822	ForestDryPoor	1.17000000
86823	ForestDryPoor	2.00000000
86830	ForestDryPoor	2.52000000
86835	ForestDryPoor	2.51000000
87113	ForestDryPoor	2.16000000
87114	ForestDryPoor	1.54000000
87116	ForestDryPoor	3.06000000
87117	ForestDryPoor	3.91000000
87118	ForestDryPoor	3.50000000
87119	ForestDryPoor	2.16000000
87123	ForestDryPoor	1.93000000
87124	ForestDryPoor	2.79000000
87125	ForestDryPoor	3.54000000
87130	ForestDryPoor	2.07000000
87131	ForestDryPoor	1.39000000
87132	ForestDryPoor	3.47000000
87134	ForestDryPoor	2.95000000
87136	ForestDryPoor	1.17000000
87408	ForestDryPoor	1.18000000
87409	ForestDryPoor	1.44000000
87411	ForestDryPoor	2.90000000
87412	ForestDryPoor	3.42000000
87413	ForestDryPoor	2.88000000
87414	ForestDryPoor	2.50000000
87415	ForestDryPoor	2.94000000
87416	ForestDryPoor	2.74000000
87417	ForestDryPoor	3.64000000
87418	ForestDryPoor	3.75000000
87419	ForestDryPoor	3.82000000
87420	ForestDryPoor	3.66000000
87421	ForestDryPoor	1.40000000
87423	ForestDryPoor	1.84000000
87424	ForestDryPoor	1.64000000
87425	ForestDryPoor	3.05000000
87427	ForestDryPoor	3.24000000
87428	ForestDryPoor	1.42000000
87705	ForestDryPoor	1.81000000
87707	ForestDryPoor	2.51000000
87711	ForestDryPoor	1.07000000
87712	ForestDryPoor	1.56000000
87713	ForestDryPoor	3.68000000
87714	ForestDryPoor	3.72000000
87715	ForestDryPoor	3.68000000
87716	ForestDryPoor	3.43000000
87717	ForestDryPoor	1.23000000
87718	ForestDryPoor	2.18000000
87719	ForestDryPoor	3.61000000
87720	ForestDryPoor	1.89000000
87722	ForestDryPoor	1.11000000
87723	ForestDryPoor	3.38000000
87725	ForestDryPoor	1.69000000
88008	ForestDryPoor	3.71000000
88009	ForestDryPoor	4.00000000
88010	ForestDryPoor	3.77000000
88011	ForestDryPoor	3.51000000
88012	ForestDryPoor	3.60000000
88013	ForestDryPoor	2.26000000
88014	ForestDryPoor	3.78000000
88015	ForestDryPoor	1.53000000
88018	ForestDryPoor	2.75000000
88020	ForestDryPoor	2.02000000
88304	ForestDryPoor	2.95000000
88305	ForestDryPoor	3.82000000
88306	ForestDryPoor	3.10000000
88307	ForestDryPoor	3.58000000
88308	ForestDryPoor	3.69000000
88309	ForestDryPoor	3.61000000
88310	ForestDryPoor	1.59000000
88316	ForestDryPoor	1.21000000
88600	ForestDryPoor	2.89000000
88601	ForestDryPoor	3.48000000
88602	ForestDryPoor	3.74000000
88603	ForestDryPoor	3.85000000
88604	ForestDryPoor	3.41000000
88605	ForestDryPoor	3.49000000
88606	ForestDryPoor	2.83000000
88612	ForestDryPoor	1.51000000
88895	ForestDryPoor	1.91000000
88896	ForestDryPoor	3.56000000
88897	ForestDryPoor	3.95000000
88898	ForestDryPoor	3.86000000
88899	ForestDryPoor	3.22000000
88900	ForestDryPoor	3.49000000
88901	ForestDryPoor	2.91000000
88903	ForestDryPoor	1.20000000
88904	ForestDryPoor	3.97000000
88906	ForestDryPoor	2.84000000
88907	ForestDryPoor	1.30000000
89191	ForestDryPoor	3.59000000
89192	ForestDryPoor	3.58000000
89193	ForestDryPoor	3.66000000
89194	ForestDryPoor	3.41000000
89195	ForestDryPoor	3.49000000
89196	ForestDryPoor	1.84000000
89199	ForestDryPoor	3.52000000
89200	ForestDryPoor	3.38000000
89201	ForestDryPoor	1.76000000
89486	ForestDryPoor	1.26000000
89487	ForestDryPoor	3.29000000
89488	ForestDryPoor	3.43000000
89489	ForestDryPoor	2.39000000
89490	ForestDryPoor	3.99000000
89491	ForestDryPoor	3.25000000
89495	ForestDryPoor	1.15000000
89782	ForestDryPoor	3.22000000
89783	ForestDryPoor	2.97000000
89784	ForestDryPoor	3.62000000
89785	ForestDryPoor	4.00000000
89786	ForestDryPoor	3.77000000
89787	ForestDryPoor	1.52000000
90077	ForestDryPoor	1.51000000
90078	ForestDryPoor	2.90000000
90079	ForestDryPoor	3.85000000
90080	ForestDryPoor	3.95000000
90081	ForestDryPoor	3.64000000
90082	ForestDryPoor	1.28000000
90372	ForestDryPoor	1.76000000
90373	ForestDryPoor	2.85000000
90374	ForestDryPoor	3.64000000
90375	ForestDryPoor	3.71000000
90376	ForestDryPoor	3.59000000
90377	ForestDryPoor	3.37000000
90378	ForestDryPoor	2.57000000
90379	ForestDryPoor	2.27000000
90380	ForestDryPoor	2.49000000
90381	ForestDryPoor	2.49000000
90382	ForestDryPoor	2.32000000
90383	ForestDryPoor	2.63000000
90384	ForestDryPoor	2.98000000
90385	ForestDryPoor	3.42000000
90667	ForestDryPoor	1.19000000
90668	ForestDryPoor	1.86000000
90669	ForestDryPoor	3.55000000
90670	ForestDryPoor	3.35000000
90671	ForestDryPoor	2.81000000
90672	ForestDryPoor	3.18000000
90673	ForestDryPoor	3.75000000
90674	ForestDryPoor	3.63000000
90675	ForestDryPoor	3.60000000
90676	ForestDryPoor	2.78000000
90677	ForestDryPoor	2.40000000
90678	ForestDryPoor	2.78000000
90679	ForestDryPoor	3.74000000
90680	ForestDryPoor	3.19000000
90681	ForestDryPoor	3.95000000
90682	ForestDryPoor	1.75000000
90963	ForestDryPoor	2.24000000
90974	ForestDryPoor	1.56000000
90975	ForestDryPoor	3.46000000
90976	ForestDryPoor	3.70000000
90977	ForestDryPoor	3.40000000
91258	ForestDryPoor	2.54000000
91259	ForestDryPoor	1.34000000
91270	ForestDryPoor	1.93000000
91271	ForestDryPoor	3.70000000
91272	ForestDryPoor	4.00000000
91566	ForestDryPoor	3.41000000
91567	ForestDryPoor	3.93000000
91861	ForestDryPoor	3.34000000
91862	ForestDryPoor	2.11000000
92156	ForestDryPoor	3.24000000
92157	ForestDryPoor	1.28000000
92164	ForestDryPoor	2.01000000
92451	ForestDryPoor	2.04000000
92452	ForestDryPoor	1.27000000
92460	ForestDryPoor	1.84000000
93042	ForestDryPoor	1.56000000
93043	ForestDryPoor	2.92000000
93044	ForestDryPoor	1.25000000
93045	ForestDryPoor	1.67000000
93053	ForestDryPoor	1.87000000
93330	ForestDryPoor	1.56000000
93337	ForestDryPoor	1.25000000
93338	ForestDryPoor	3.85000000
93339	ForestDryPoor	3.83000000
93343	ForestDryPoor	1.76000000
93347	ForestDryPoor	1.05000000
93348	ForestDryPoor	1.63000000
93626	ForestDryPoor	1.89000000
93636	ForestDryPoor	1.00000000
93637	ForestDryPoor	3.28000000
93638	ForestDryPoor	3.75000000
93639	ForestDryPoor	3.35000000
93640	ForestDryPoor	1.04000000
93911	ForestDryPoor	1.45000000
93917	ForestDryPoor	1.25000000
93918	ForestDryPoor	2.97000000
93919	ForestDryPoor	1.51000000
93921	ForestDryPoor	2.88000000
93922	ForestDryPoor	1.31000000
93923	ForestDryPoor	1.04000000
93924	ForestDryPoor	2.34000000
93931	ForestDryPoor	2.35000000
93933	ForestDryPoor	1.97000000
93934	ForestDryPoor	1.78000000
93935	ForestDryPoor	3.01000000
93936	ForestDryPoor	2.29000000
94206	ForestDryPoor	1.44000000
94207	ForestDryPoor	2.08000000
94214	ForestDryPoor	3.76000000
94215	ForestDryPoor	2.19000000
94216	ForestDryPoor	1.42000000
94217	ForestDryPoor	3.34000000
94218	ForestDryPoor	3.43000000
94219	ForestDryPoor	2.51000000
94226	ForestDryPoor	3.00000000
94231	ForestDryPoor	1.29000000
94232	ForestDryPoor	2.20000000
94497	ForestDryPoor	2.46000000
94498	ForestDryPoor	1.11000000
94503	ForestDryPoor	3.27000000
94507	ForestDryPoor	3.20000000
94508	ForestDryPoor	1.53000000
94511	ForestDryPoor	1.00000000
94512	ForestDryPoor	3.04000000
94513	ForestDryPoor	2.30000000
94514	ForestDryPoor	2.37000000
94521	ForestDryPoor	1.90000000
94790	ForestDryPoor	2.93000000
94792	ForestDryPoor	3.09000000
94796	ForestDryPoor	1.97000000
94797	ForestDryPoor	1.05000000
94798	ForestDryPoor	3.27000000
94799	ForestDryPoor	3.89000000
94802	ForestDryPoor	2.21000000
94806	ForestDryPoor	1.57000000
94807	ForestDryPoor	1.70000000
94810	ForestDryPoor	1.76000000
94811	ForestDryPoor	2.44000000
94812	ForestDryPoor	2.13000000
94813	ForestDryPoor	3.02000000
94814	ForestDryPoor	3.10000000
95084	ForestDryPoor	1.22000000
95085	ForestDryPoor	3.76000000
95086	ForestDryPoor	3.74000000
95087	ForestDryPoor	3.43000000
95088	ForestDryPoor	1.58000000
95091	ForestDryPoor	3.71000000
95092	ForestDryPoor	3.49000000
95093	ForestDryPoor	3.43000000
95094	ForestDryPoor	3.47000000
95095	ForestDryPoor	3.01000000
95096	ForestDryPoor	2.65000000
95380	ForestDryPoor	1.61000000
95381	ForestDryPoor	1.83000000
95382	ForestDryPoor	3.65000000
95383	ForestDryPoor	2.71000000
95385	ForestDryPoor	1.37000000
95386	ForestDryPoor	3.69000000
95387	ForestDryPoor	1.82000000
95388	ForestDryPoor	2.93000000
95389	ForestDryPoor	2.36000000
95390	ForestDryPoor	1.97000000
95391	ForestDryPoor	2.03000000
95406	ForestDryPoor	1.10000000
95677	ForestDryPoor	1.06000000
95678	ForestDryPoor	1.54000000
95682	ForestDryPoor	1.75000000
95683	ForestDryPoor	3.49000000
95684	ForestDryPoor	2.82000000
95685	ForestDryPoor	1.45000000
95686	ForestDryPoor	1.58000000
95701	ForestDryPoor	2.50000000
95965	ForestDryPoor	2.04000000
95967	ForestDryPoor	3.80000000
95968	ForestDryPoor	1.91000000
95969	ForestDryPoor	1.54000000
95970	ForestDryPoor	2.88000000
95972	ForestDryPoor	2.99000000
95973	ForestDryPoor	3.29000000
95974	ForestDryPoor	2.09000000
95978	ForestDryPoor	1.10000000
95981	ForestDryPoor	2.38000000
95988	ForestDryPoor	2.10000000
95989	ForestDryPoor	1.66000000
95993	ForestDryPoor	1.69000000
95995	ForestDryPoor	1.70000000
95996	ForestDryPoor	2.93000000
96258	ForestDryPoor	1.71000000
96259	ForestDryPoor	2.82000000
96260	ForestDryPoor	1.19000000
96262	ForestDryPoor	4.00000000
96263	ForestDryPoor	3.25000000
96264	ForestDryPoor	1.09000000
96265	ForestDryPoor	2.36000000
96266	ForestDryPoor	3.82000000
96267	ForestDryPoor	3.80000000
96268	ForestDryPoor	2.48000000
96269	ForestDryPoor	2.81000000
96270	ForestDryPoor	1.75000000
96273	ForestDryPoor	2.79000000
96274	ForestDryPoor	2.35000000
96275	ForestDryPoor	2.11000000
96276	ForestDryPoor	2.01000000
96288	ForestDryPoor	1.60000000
96289	ForestDryPoor	2.93000000
96290	ForestDryPoor	3.56000000
96292	ForestDryPoor	3.31000000
96293	ForestDryPoor	1.42000000
96554	ForestDryPoor	2.11000000
96558	ForestDryPoor	3.52000000
96561	ForestDryPoor	1.65000000
96562	ForestDryPoor	2.51000000
96567	ForestDryPoor	2.50000000
96568	ForestDryPoor	1.69000000
96569	ForestDryPoor	2.14000000
96575	ForestDryPoor	1.48000000
96581	ForestDryPoor	1.02000000
96582	ForestDryPoor	3.01000000
96583	ForestDryPoor	3.28000000
96584	ForestDryPoor	3.62000000
96585	ForestDryPoor	3.80000000
96586	ForestDryPoor	3.88000000
96587	ForestDryPoor	3.48000000
96588	ForestDryPoor	3.80000000
96589	ForestDryPoor	2.37000000
96850	ForestDryPoor	3.86000000
96851	ForestDryPoor	2.81000000
96852	ForestDryPoor	1.38000000
96853	ForestDryPoor	2.44000000
96862	ForestDryPoor	3.65000000
96876	ForestDryPoor	1.29000000
96877	ForestDryPoor	3.85000000
96878	ForestDryPoor	3.49000000
96879	ForestDryPoor	3.85000000
96880	ForestDryPoor	2.36000000
96881	ForestDryPoor	1.37000000
96882	ForestDryPoor	2.36000000
96883	ForestDryPoor	3.52000000
96884	ForestDryPoor	2.54000000
96885	ForestDryPoor	2.80000000
97145	ForestDryPoor	2.18000000
97146	ForestDryPoor	3.43000000
97147	ForestDryPoor	2.15000000
97148	ForestDryPoor	3.03000000
97149	ForestDryPoor	1.89000000
97152	ForestDryPoor	1.15000000
97153	ForestDryPoor	1.34000000
97157	ForestDryPoor	3.49000000
97158	ForestDryPoor	3.24000000
97172	ForestDryPoor	3.12000000
97173	ForestDryPoor	3.48000000
97175	ForestDryPoor	3.13000000
97176	ForestDryPoor	1.97000000
97177	ForestDryPoor	1.07000000
97180	ForestDryPoor	1.88000000
97435	ForestDryPoor	2.43000000
97447	ForestDryPoor	1.89000000
97452	ForestDryPoor	3.08000000
97453	ForestDryPoor	1.37000000
97457	ForestDryPoor	2.33000000
97458	ForestDryPoor	1.49000000
97730	ForestDryPoor	3.60000000
97738	ForestDryPoor	1.33000000
97739	ForestDryPoor	1.32000000
97742	ForestDryPoor	1.70000000
97743	ForestDryPoor	2.93000000
97753	ForestDryPoor	1.25000000
98024	ForestDryPoor	2.46000000
98025	ForestDryPoor	2.05000000
98031	ForestDryPoor	2.47000000
98032	ForestDryPoor	2.36000000
98033	ForestDryPoor	2.57000000
98034	ForestDryPoor	1.39000000
98326	ForestDryPoor	2.00000000
98327	ForestDryPoor	2.75000000
98617	ForestDryPoor	3.12000000
98621	ForestDryPoor	1.95000000
98909	ForestDryPoor	3.04000000
98915	ForestDryPoor	1.12000000
99204	ForestDryPoor	2.88000000
99209	ForestDryPoor	1.17000000
99499	ForestDryPoor	1.67000000
99503	ForestDryPoor	3.26000000
99504	ForestDryPoor	3.72000000
99505	ForestDryPoor	2.47000000
99793	ForestDryPoor	2.77000000
99795	ForestDryPoor	3.02000000
99797	ForestDryPoor	2.40000000
99798	ForestDryPoor	1.44000000
99799	ForestDryPoor	1.00000000
99801	ForestDryPoor	1.06000000
100088	ForestDryPoor	3.09000000
100091	ForestDryPoor	3.08000000
100092	ForestDryPoor	1.82000000
100096	ForestDryPoor	1.80000000
100384	ForestDryPoor	2.96000000
100386	ForestDryPoor	3.02000000
100388	ForestDryPoor	1.10000000
100389	ForestDryPoor	3.47000000
100684	ForestDryPoor	1.09000000
100685	ForestDryPoor	3.69000000
100686	ForestDryPoor	2.86000000
100981	ForestDryPoor	3.53000000
100983	ForestDryPoor	1.02000000
100984	ForestDryPoor	2.86000000
100985	ForestDryPoor	1.05000000
101277	ForestDryPoor	2.23000000
101278	ForestDryPoor	2.01000000
101568	ForestDryPoor	2.36000000
101571	ForestDryPoor	1.03000000
101572	ForestDryPoor	3.00000000
101574	ForestDryPoor	3.68000000
101864	ForestDryPoor	2.46000000
101867	ForestDryPoor	1.76000000
101868	ForestDryPoor	3.84000000
102160	ForestDryPoor	1.54000000
102164	ForestDryPoor	3.36000000
102166	ForestDryPoor	1.95000000
102168	ForestDryPoor	3.00000000
102455	ForestDryPoor	2.89000000
102461	ForestDryPoor	1.71000000
102750	ForestDryPoor	3.65000000
102753	ForestDryPoor	1.93000000
102757	ForestDryPoor	3.04000000
102759	ForestDryPoor	1.81000000
102760	ForestDryPoor	1.21000000
103045	ForestDryPoor	2.01000000
103048	ForestDryPoor	1.92000000
103049	ForestDryPoor	1.62000000
103052	ForestDryPoor	3.22000000
103053	ForestDryPoor	2.38000000
103347	ForestDryPoor	2.70000000
103351	ForestDryPoor	3.68000000
103638	ForestDryPoor	1.35000000
103640	ForestDryPoor	2.89000000
103642	ForestDryPoor	2.83000000
103645	ForestDryPoor	3.12000000
103933	ForestDryPoor	1.27000000
103934	ForestDryPoor	2.68000000
103936	ForestDryPoor	3.42000000
103943	ForestDryPoor	1.96000000
104231	ForestDryPoor	3.22000000
104236	ForestDryPoor	3.31000000
104237	ForestDryPoor	3.74000000
104525	ForestDryPoor	3.24000000
104820	ForestDryPoor	3.78000000
104821	ForestDryPoor	3.79000000
104825	ForestDryPoor	1.84000000
104827	ForestDryPoor	1.89000000
104829	ForestDryPoor	3.35000000
105117	ForestDryPoor	3.26000000
105122	ForestDryPoor	1.20000000
105124	ForestDryPoor	3.25000000
105125	ForestDryPoor	3.04000000
105403	ForestDryPoor	2.04000000
105404	ForestDryPoor	2.00000000
105408	ForestDryPoor	1.46000000
105412	ForestDryPoor	1.60000000
105419	ForestDryPoor	3.44000000
105420	ForestDryPoor	2.20000000
105698	ForestDryPoor	3.24000000
105714	ForestDryPoor	1.61000000
105715	ForestDryPoor	1.19000000
105994	ForestDryPoor	3.11000000
105998	ForestDryPoor	1.37000000
106295	ForestDryPoor	3.52000000
106299	ForestDryPoor	3.02000000
106590	ForestDryPoor	3.94000000
106593	ForestDryPoor	2.04000000
106594	ForestDryPoor	2.25000000
106885	ForestDryPoor	2.83000000
107181	ForestDryPoor	3.55000000
107186	ForestDryPoor	2.65000000
107477	ForestDryPoor	3.87000000
107478	ForestDryPoor	1.04000000
107481	ForestDryPoor	3.39000000
107771	ForestDryPoor	1.93000000
107773	ForestDryPoor	1.96000000
107776	ForestDryPoor	2.08000000
108074	ForestDryPoor	1.95000000
108075	ForestDryPoor	1.13000000
108077	ForestDryPoor	2.41000000
108078	ForestDryPoor	1.54000000
108079	ForestDryPoor	1.56000000
108367	ForestDryPoor	1.37000000
108369	ForestDryPoor	2.96000000
108372	ForestDryPoor	2.09000000
108657	ForestDryPoor	3.17000000
108658	ForestDryPoor	3.80000000
108667	ForestDryPoor	1.68000000
108951	ForestDryPoor	2.62000000
108954	ForestDryPoor	3.94000000
108955	ForestDryPoor	2.78000000
108956	ForestDryPoor	1.76000000
108957	ForestDryPoor	2.44000000
108958	ForestDryPoor	2.07000000
108961	ForestDryPoor	2.81000000
108962	ForestDryPoor	2.38000000
109247	ForestDryPoor	2.37000000
109248	ForestDryPoor	3.22000000
109253	ForestDryPoor	3.18000000
109255	ForestDryPoor	1.41000000
109256	ForestDryPoor	3.62000000
109543	ForestDryPoor	2.95000000
109545	ForestDryPoor	2.04000000
109837	ForestDryPoor	3.73000000
109838	ForestDryPoor	3.04000000
109839	ForestDryPoor	2.02000000
109841	ForestDryPoor	2.02000000
109842	ForestDryPoor	2.34000000
109843	ForestDryPoor	3.01000000
109844	ForestDryPoor	3.86000000
110131	ForestDryPoor	3.82000000
110132	ForestDryPoor	3.22000000
110133	ForestDryPoor	3.76000000
110139	ForestDryPoor	2.52000000
110427	ForestDryPoor	3.00000000
110723	ForestDryPoor	2.72000000
110724	ForestDryPoor	2.29000000
110728	ForestDryPoor	2.90000000
111016	ForestDryPoor	2.75000000
111018	ForestDryPoor	2.78000000
111022	ForestDryPoor	1.09000000
111594	ForestDryPoor	1.00000000
111606	ForestDryPoor	1.41000000
111607	ForestDryPoor	2.77000000
111609	ForestDryPoor	3.33000000
111610	ForestDryPoor	3.78000000
111613	ForestDryPoor	1.84000000
111889	ForestDryPoor	3.03000000
111896	ForestDryPoor	2.06000000
111900	ForestDryPoor	1.59000000
111904	ForestDryPoor	3.52000000
112183	ForestDryPoor	1.21000000
112184	ForestDryPoor	3.50000000
112190	ForestDryPoor	1.54000000
112191	ForestDryPoor	3.68000000
112194	ForestDryPoor	3.38000000
112198	ForestDryPoor	3.76000000
112200	ForestDryPoor	3.87000000
112201	ForestDryPoor	2.91000000
112478	ForestDryPoor	3.37000000
112479	ForestDryPoor	1.81000000
112485	ForestDryPoor	3.67000000
112486	ForestDryPoor	3.08000000
112487	ForestDryPoor	2.27000000
112488	ForestDryPoor	1.84000000
112490	ForestDryPoor	1.88000000
112491	ForestDryPoor	2.29000000
112495	ForestDryPoor	3.32000000
112772	ForestDryPoor	2.18000000
112773	ForestDryPoor	3.88000000
112774	ForestDryPoor	1.07000000
112780	ForestDryPoor	3.76000000
112781	ForestDryPoor	3.66000000
112782	ForestDryPoor	1.09000000
112783	ForestDryPoor	3.09000000
112784	ForestDryPoor	3.67000000
112789	ForestDryPoor	2.22000000
113067	ForestDryPoor	3.72000000
113068	ForestDryPoor	3.81000000
113069	ForestDryPoor	1.96000000
113077	ForestDryPoor	2.74000000
113361	ForestDryPoor	3.10000000
113362	ForestDryPoor	4.00000000
113363	ForestDryPoor	3.93000000
113364	ForestDryPoor	3.79000000
113366	ForestDryPoor	3.00000000
113370	ForestDryPoor	2.63000000
113651	ForestDryPoor	1.60000000
113655	ForestDryPoor	1.21000000
113656	ForestDryPoor	2.77000000
113657	ForestDryPoor	3.76000000
113658	ForestDryPoor	2.17000000
113659	ForestDryPoor	4.00000000
113660	ForestDryPoor	3.92000000
113666	ForestDryPoor	2.00000000
113667	ForestDryPoor	3.06000000
113668	ForestDryPoor	3.79000000
113946	ForestDryPoor	2.30000000
113947	ForestDryPoor	2.51000000
113948	ForestDryPoor	2.14000000
113950	ForestDryPoor	2.69000000
113951	ForestDryPoor	2.05000000
113952	ForestDryPoor	2.23000000
113953	ForestDryPoor	2.38000000
113954	ForestDryPoor	3.88000000
113955	ForestDryPoor	3.97000000
113959	ForestDryPoor	2.37000000
113963	ForestDryPoor	3.60000000
114240	ForestDryPoor	2.94000000
114241	ForestDryPoor	2.74000000
114242	ForestDryPoor	1.19000000
114243	ForestDryPoor	2.17000000
114244	ForestDryPoor	3.08000000
114245	ForestDryPoor	2.97000000
114246	ForestDryPoor	2.84000000
114247	ForestDryPoor	2.95000000
114248	ForestDryPoor	3.35000000
114249	ForestDryPoor	3.72000000
114250	ForestDryPoor	3.08000000
114254	ForestDryPoor	1.06000000
114255	ForestDryPoor	2.50000000
114258	ForestDryPoor	3.26000000
114538	ForestDryPoor	2.24000000
114539	ForestDryPoor	3.28000000
114540	ForestDryPoor	1.11000000
114541	ForestDryPoor	2.04000000
114543	ForestDryPoor	2.91000000
114544	ForestDryPoor	3.29000000
114545	ForestDryPoor	3.80000000
114546	ForestDryPoor	3.41000000
114548	ForestDryPoor	3.55000000
114550	ForestDryPoor	2.16000000
114551	ForestDryPoor	3.84000000
114555	ForestDryPoor	1.62000000
114838	ForestDryPoor	1.26000000
114839	ForestDryPoor	3.55000000
114840	ForestDryPoor	2.86000000
114841	ForestDryPoor	3.66000000
114842	ForestDryPoor	3.65000000
114843	ForestDryPoor	1.93000000
114846	ForestDryPoor	1.84000000
114851	ForestDryPoor	1.70000000
114852	ForestDryPoor	1.87000000
115132	ForestDryPoor	3.61000000
115133	ForestDryPoor	3.91000000
115134	ForestDryPoor	3.79000000
115135	ForestDryPoor	1.89000000
115136	ForestDryPoor	3.00000000
115137	ForestDryPoor	2.97000000
115139	ForestDryPoor	1.76000000
115143	ForestDryPoor	2.89000000
115144	ForestDryPoor	3.65000000
115145	ForestDryPoor	2.29000000
115147	ForestDryPoor	2.04000000
115423	ForestDryPoor	2.90000000
115424	ForestDryPoor	1.68000000
115425	ForestDryPoor	1.70000000
115426	ForestDryPoor	3.20000000
115427	ForestDryPoor	3.05000000
115428	ForestDryPoor	3.89000000
115429	ForestDryPoor	3.84000000
115430	ForestDryPoor	1.14000000
115434	ForestDryPoor	2.74000000
115712	ForestDryPoor	2.60000000
115717	ForestDryPoor	2.32000000
115718	ForestDryPoor	2.70000000
115719	ForestDryPoor	3.17000000
115720	ForestDryPoor	3.10000000
115721	ForestDryPoor	2.08000000
115722	ForestDryPoor	1.22000000
115723	ForestDryPoor	1.29000000
115724	ForestDryPoor	1.50000000
116006	ForestDryPoor	1.52000000
116007	ForestDryPoor	3.86000000
116008	ForestDryPoor	1.52000000
116013	ForestDryPoor	2.59000000
116014	ForestDryPoor	2.42000000
116016	ForestDryPoor	2.42000000
116017	ForestDryPoor	3.91000000
116018	ForestDryPoor	1.97000000
116019	ForestDryPoor	1.13000000
116020	ForestDryPoor	1.82000000
116301	ForestDryPoor	1.66000000
116302	ForestDryPoor	3.24000000
116303	ForestDryPoor	1.71000000
116306	ForestDryPoor	1.59000000
116307	ForestDryPoor	3.12000000
116308	ForestDryPoor	3.57000000
116309	ForestDryPoor	3.63000000
116311	ForestDryPoor	2.55000000
116312	ForestDryPoor	3.95000000
116313	ForestDryPoor	3.86000000
116314	ForestDryPoor	3.89000000
116596	ForestDryPoor	1.32000000
116598	ForestDryPoor	2.18000000
116599	ForestDryPoor	2.10000000
116600	ForestDryPoor	1.92000000
116601	ForestDryPoor	3.21000000
116602	ForestDryPoor	3.20000000
116603	ForestDryPoor	3.17000000
116604	ForestDryPoor	3.38000000
116605	ForestDryPoor	1.99000000
116607	ForestDryPoor	3.89000000
116891	ForestDryPoor	1.04000000
116892	ForestDryPoor	2.76000000
116893	ForestDryPoor	1.67000000
116894	ForestDryPoor	3.62000000
116895	ForestDryPoor	4.00000000
116896	ForestDryPoor	3.77000000
116897	ForestDryPoor	3.55000000
116898	ForestDryPoor	3.88000000
116899	ForestDryPoor	3.93000000
116900	ForestDryPoor	3.14000000
116902	ForestDryPoor	1.93000000
117184	ForestDryPoor	3.53000000
117185	ForestDryPoor	2.37000000
117186	ForestDryPoor	1.27000000
117187	ForestDryPoor	1.15000000
117189	ForestDryPoor	3.09000000
117190	ForestDryPoor	3.84000000
117191	ForestDryPoor	3.83000000
117192	ForestDryPoor	3.60000000
117193	ForestDryPoor	3.61000000
117194	ForestDryPoor	3.35000000
117195	ForestDryPoor	3.28000000
117197	ForestDryPoor	2.73000000
117479	ForestDryPoor	1.12000000
117480	ForestDryPoor	2.11000000
117481	ForestDryPoor	3.41000000
117482	ForestDryPoor	2.41000000
117483	ForestDryPoor	2.55000000
117484	ForestDryPoor	3.92000000
117485	ForestDryPoor	3.90000000
117486	ForestDryPoor	3.99000000
117487	ForestDryPoor	3.07000000
117488	ForestDryPoor	3.81000000
117489	ForestDryPoor	3.02000000
117491	ForestDryPoor	1.11000000
117777	ForestDryPoor	1.45000000
117778	ForestDryPoor	3.77000000
117779	ForestDryPoor	3.72000000
117780	ForestDryPoor	3.99000000
117781	ForestDryPoor	3.99000000
117782	ForestDryPoor	3.92000000
117783	ForestDryPoor	3.88000000
117784	ForestDryPoor	1.25000000
117785	ForestDryPoor	2.79000000
118072	ForestDryPoor	2.31000000
118073	ForestDryPoor	3.46000000
118074	ForestDryPoor	3.90000000
118075	ForestDryPoor	3.82000000
118076	ForestDryPoor	3.84000000
118077	ForestDryPoor	3.55000000
118078	ForestDryPoor	1.11000000
118079	ForestDryPoor	3.12000000
118080	ForestDryPoor	3.26000000
118366	ForestDryPoor	1.74000000
118367	ForestDryPoor	3.79000000
118368	ForestDryPoor	3.93000000
118369	ForestDryPoor	3.85000000
118370	ForestDryPoor	3.87000000
118371	ForestDryPoor	3.92000000
118372	ForestDryPoor	1.07000000
118373	ForestDryPoor	2.79000000
118374	ForestDryPoor	3.92000000
118375	ForestDryPoor	2.69000000
118660	ForestDryPoor	1.79000000
118661	ForestDryPoor	3.57000000
118662	ForestDryPoor	3.96000000
118663	ForestDryPoor	3.95000000
118664	ForestDryPoor	3.38000000
118665	ForestDryPoor	3.23000000
118666	ForestDryPoor	2.13000000
118667	ForestDryPoor	2.37000000
118668	ForestDryPoor	3.61000000
118669	ForestDryPoor	3.45000000
118670	ForestDryPoor	3.86000000
118671	ForestDryPoor	3.17000000
118672	ForestDryPoor	1.23000000
118951	ForestDryPoor	1.17000000
118953	ForestDryPoor	1.15000000
118954	ForestDryPoor	2.74000000
118955	ForestDryPoor	3.49000000
118956	ForestDryPoor	3.96000000
118957	ForestDryPoor	3.69000000
118958	ForestDryPoor	3.80000000
118959	ForestDryPoor	2.65000000
118962	ForestDryPoor	2.07000000
118965	ForestDryPoor	3.15000000
118966	ForestDryPoor	2.91000000
118967	ForestDryPoor	2.73000000
118968	ForestDryPoor	3.51000000
118969	ForestDryPoor	2.83000000
118970	ForestDryPoor	3.64000000
118971	ForestDryPoor	2.00000000
118972	ForestDryPoor	2.56000000
119246	ForestDryPoor	2.26000000
119247	ForestDryPoor	2.38000000
119248	ForestDryPoor	3.29000000
119249	ForestDryPoor	3.38000000
119250	ForestDryPoor	3.34000000
119251	ForestDryPoor	3.58000000
119252	ForestDryPoor	3.62000000
119253	ForestDryPoor	3.44000000
119254	ForestDryPoor	1.80000000
119263	ForestDryPoor	3.81000000
119264	ForestDryPoor	3.68000000
119265	ForestDryPoor	3.98000000
119266	ForestDryPoor	3.52000000
119267	ForestDryPoor	1.39000000
119541	ForestDryPoor	3.25000000
119542	ForestDryPoor	2.03000000
119543	ForestDryPoor	2.01000000
119544	ForestDryPoor	3.99000000
119545	ForestDryPoor	4.00000000
119546	ForestDryPoor	3.99000000
119547	ForestDryPoor	3.87000000
119548	ForestDryPoor	3.52000000
119837	ForestDryPoor	1.03000000
119838	ForestDryPoor	1.28000000
119839	ForestDryPoor	4.00000000
119840	ForestDryPoor	4.00000000
119841	ForestDryPoor	4.00000000
119842	ForestDryPoor	3.96000000
119843	ForestDryPoor	3.20000000
119844	ForestDryPoor	2.48000000
120131	ForestDryPoor	1.32000000
120132	ForestDryPoor	2.12000000
120133	ForestDryPoor	1.90000000
120134	ForestDryPoor	2.39000000
120135	ForestDryPoor	2.29000000
120136	ForestDryPoor	2.37000000
120137	ForestDryPoor	2.28000000
120138	ForestDryPoor	2.08000000
120139	ForestDryPoor	1.61000000
120428	ForestDryPoor	2.46000000
120429	ForestDryPoor	3.79000000
120430	ForestDryPoor	4.00000000
120431	ForestDryPoor	4.00000000
120432	ForestDryPoor	3.86000000
120433	ForestDryPoor	3.58000000
120434	ForestDryPoor	2.71000000
120725	ForestDryPoor	3.80000000
120726	ForestDryPoor	3.82000000
120727	ForestDryPoor	3.67000000
120728	ForestDryPoor	3.72000000
120729	ForestDryPoor	2.67000000
120959	ForestDryPoor	1.42000000
121020	ForestDryPoor	2.75000000
121021	ForestDryPoor	2.24000000
121023	ForestDryPoor	3.81000000
121024	ForestDryPoor	1.30000000
121025	ForestDryPoor	1.35000000
121254	ForestDryPoor	2.71000000
121255	ForestDryPoor	1.81000000
121315	ForestDryPoor	3.01000000
121316	ForestDryPoor	3.64000000
121317	ForestDryPoor	1.47000000
121318	ForestDryPoor	1.17000000
121319	ForestDryPoor	1.62000000
121320	ForestDryPoor	1.56000000
121610	ForestDryPoor	2.83000000
121611	ForestDryPoor	3.24000000
121612	ForestDryPoor	1.08000000
121613	ForestDryPoor	3.13000000
121615	ForestDryPoor	2.28000000
121904	ForestDryPoor	2.37000000
121905	ForestDryPoor	3.55000000
121910	ForestDryPoor	2.07000000
122199	ForestDryPoor	3.16000000
122200	ForestDryPoor	3.59000000
122202	ForestDryPoor	3.41000000
122427	ForestDryPoor	1.98000000
122428	ForestDryPoor	1.00000000
122429	ForestDryPoor	1.10000000
122430	ForestDryPoor	3.10000000
122431	ForestDryPoor	1.18000000
122434	ForestDryPoor	1.09000000
122436	ForestDryPoor	1.64000000
122491	ForestDryPoor	1.47000000
122492	ForestDryPoor	2.50000000
122493	ForestDryPoor	3.22000000
122494	ForestDryPoor	2.08000000
122495	ForestDryPoor	1.47000000
122496	ForestDryPoor	3.16000000
122726	ForestDryPoor	3.34000000
122727	ForestDryPoor	3.01000000
122728	ForestDryPoor	2.08000000
122729	ForestDryPoor	1.96000000
122731	ForestDryPoor	3.20000000
122732	ForestDryPoor	1.99000000
122774	ForestDryPoor	1.40000000
122775	ForestDryPoor	1.53000000
122784	ForestDryPoor	2.30000000
122785	ForestDryPoor	3.70000000
122786	ForestDryPoor	4.00000000
122787	ForestDryPoor	3.95000000
122788	ForestDryPoor	3.60000000
122789	ForestDryPoor	1.48000000
122790	ForestDryPoor	3.97000000
123021	ForestDryPoor	1.98000000
123022	ForestDryPoor	3.32000000
123023	ForestDryPoor	3.43000000
123024	ForestDryPoor	2.24000000
123025	ForestDryPoor	3.32000000
123026	ForestDryPoor	1.45000000
123030	ForestDryPoor	1.68000000
123070	ForestDryPoor	3.72000000
123077	ForestDryPoor	1.88000000
123078	ForestDryPoor	3.36000000
123079	ForestDryPoor	4.00000000
123080	ForestDryPoor	4.00000000
123081	ForestDryPoor	3.00000000
123082	ForestDryPoor	2.11000000
123083	ForestDryPoor	2.53000000
123084	ForestDryPoor	3.23000000
123315	ForestDryPoor	1.69000000
123316	ForestDryPoor	1.64000000
123317	ForestDryPoor	2.38000000
123318	ForestDryPoor	3.24000000
123319	ForestDryPoor	3.35000000
123320	ForestDryPoor	3.62000000
123325	ForestDryPoor	1.66000000
123326	ForestDryPoor	2.04000000
123327	ForestDryPoor	1.44000000
123365	ForestDryPoor	2.00000000
123369	ForestDryPoor	1.71000000
123370	ForestDryPoor	3.84000000
123371	ForestDryPoor	3.95000000
123372	ForestDryPoor	3.92000000
123373	ForestDryPoor	3.22000000
123374	ForestDryPoor	3.96000000
123375	ForestDryPoor	3.43000000
123376	ForestDryPoor	1.55000000
123377	ForestDryPoor	3.57000000
123613	ForestDryPoor	2.79000000
123614	ForestDryPoor	3.53000000
123615	ForestDryPoor	2.82000000
123618	ForestDryPoor	2.94000000
123619	ForestDryPoor	2.19000000
123620	ForestDryPoor	1.14000000
123621	ForestDryPoor	1.11000000
123622	ForestDryPoor	1.51000000
123627	ForestDryPoor	2.68000000
123628	ForestDryPoor	1.34000000
123658	ForestDryPoor	2.25000000
123660	ForestDryPoor	1.01000000
123665	ForestDryPoor	2.56000000
123666	ForestDryPoor	3.91000000
123667	ForestDryPoor	3.87000000
123668	ForestDryPoor	3.52000000
123669	ForestDryPoor	2.37000000
123670	ForestDryPoor	1.86000000
123908	ForestDryPoor	2.97000000
123909	ForestDryPoor	2.64000000
123910	ForestDryPoor	1.54000000
123911	ForestDryPoor	3.04000000
123912	ForestDryPoor	1.68000000
123913	ForestDryPoor	3.79000000
123914	ForestDryPoor	2.80000000
123915	ForestDryPoor	1.13000000
123917	ForestDryPoor	2.79000000
123921	ForestDryPoor	1.47000000
123922	ForestDryPoor	3.99000000
123923	ForestDryPoor	3.73000000
123952	ForestDryPoor	3.70000000
123953	ForestDryPoor	3.10000000
123954	ForestDryPoor	3.79000000
123955	ForestDryPoor	3.65000000
123960	ForestDryPoor	2.28000000
123961	ForestDryPoor	3.98000000
123962	ForestDryPoor	3.67000000
123963	ForestDryPoor	1.92000000
123965	ForestDryPoor	3.61000000
124205	ForestDryPoor	3.13000000
124206	ForestDryPoor	3.46000000
124207	ForestDryPoor	3.24000000
124208	ForestDryPoor	3.63000000
124209	ForestDryPoor	2.87000000
124210	ForestDryPoor	3.13000000
124211	ForestDryPoor	2.03000000
124213	ForestDryPoor	2.55000000
124214	ForestDryPoor	1.59000000
124216	ForestDryPoor	3.21000000
124217	ForestDryPoor	3.91000000
124218	ForestDryPoor	2.66000000
124220	ForestDryPoor	2.07000000
124246	ForestDryPoor	1.53000000
124247	ForestDryPoor	2.62000000
124249	ForestDryPoor	2.93000000
124250	ForestDryPoor	3.18000000
124251	ForestDryPoor	2.61000000
124255	ForestDryPoor	1.08000000
124256	ForestDryPoor	1.73000000
124258	ForestDryPoor	1.32000000
124259	ForestDryPoor	1.26000000
124504	ForestDryPoor	3.42000000
124505	ForestDryPoor	3.76000000
124506	ForestDryPoor	1.97000000
124508	ForestDryPoor	1.10000000
124509	ForestDryPoor	3.47000000
124510	ForestDryPoor	3.69000000
124511	ForestDryPoor	3.86000000
124512	ForestDryPoor	3.98000000
124513	ForestDryPoor	2.32000000
124514	ForestDryPoor	2.94000000
124515	ForestDryPoor	2.63000000
124542	ForestDryPoor	2.04000000
124543	ForestDryPoor	2.50000000
124544	ForestDryPoor	3.57000000
124545	ForestDryPoor	2.76000000
124546	ForestDryPoor	3.64000000
124547	ForestDryPoor	2.29000000
124548	ForestDryPoor	1.76000000
124550	ForestDryPoor	1.29000000
124551	ForestDryPoor	1.43000000
124552	ForestDryPoor	2.71000000
124798	ForestDryPoor	1.19000000
124799	ForestDryPoor	3.62000000
124800	ForestDryPoor	3.66000000
124801	ForestDryPoor	2.41000000
124802	ForestDryPoor	3.48000000
124804	ForestDryPoor	2.29000000
124805	ForestDryPoor	3.81000000
124806	ForestDryPoor	3.91000000
124807	ForestDryPoor	3.52000000
124808	ForestDryPoor	3.37000000
124809	ForestDryPoor	1.56000000
124810	ForestDryPoor	1.58000000
124836	ForestDryPoor	1.23000000
124837	ForestDryPoor	2.72000000
124838	ForestDryPoor	3.68000000
124839	ForestDryPoor	3.32000000
124840	ForestDryPoor	3.20000000
124841	ForestDryPoor	3.82000000
124842	ForestDryPoor	3.36000000
124843	ForestDryPoor	3.55000000
124844	ForestDryPoor	1.82000000
125094	ForestDryPoor	3.29000000
125095	ForestDryPoor	3.83000000
125096	ForestDryPoor	3.43000000
125097	ForestDryPoor	2.98000000
125098	ForestDryPoor	1.30000000
125099	ForestDryPoor	1.06000000
125100	ForestDryPoor	3.94000000
125101	ForestDryPoor	4.00000000
125102	ForestDryPoor	3.49000000
125103	ForestDryPoor	2.93000000
125104	ForestDryPoor	3.38000000
125105	ForestDryPoor	3.92000000
125106	ForestDryPoor	1.25000000
125132	ForestDryPoor	1.88000000
125133	ForestDryPoor	3.70000000
125134	ForestDryPoor	2.65000000
125135	ForestDryPoor	3.08000000
125136	ForestDryPoor	3.72000000
125137	ForestDryPoor	3.03000000
125138	ForestDryPoor	3.01000000
125139	ForestDryPoor	1.39000000
125140	ForestDryPoor	1.52000000
125389	ForestDryPoor	3.68000000
125390	ForestDryPoor	3.89000000
125391	ForestDryPoor	2.31000000
125392	ForestDryPoor	3.92000000
125393	ForestDryPoor	2.06000000
125395	ForestDryPoor	3.10000000
125396	ForestDryPoor	2.88000000
125397	ForestDryPoor	3.82000000
125398	ForestDryPoor	1.90000000
125399	ForestDryPoor	3.72000000
125400	ForestDryPoor	3.56000000
125401	ForestDryPoor	2.03000000
125426	ForestDryPoor	1.73000000
125427	ForestDryPoor	2.75000000
125428	ForestDryPoor	3.25000000
125429	ForestDryPoor	3.11000000
125430	ForestDryPoor	3.34000000
125431	ForestDryPoor	3.75000000
125432	ForestDryPoor	3.95000000
125433	ForestDryPoor	1.64000000
125434	ForestDryPoor	1.60000000
125435	ForestDryPoor	2.53000000
125684	ForestDryPoor	3.52000000
125685	ForestDryPoor	2.74000000
125686	ForestDryPoor	2.24000000
125687	ForestDryPoor	3.98000000
125688	ForestDryPoor	2.24000000
125690	ForestDryPoor	1.59000000
125691	ForestDryPoor	3.84000000
125692	ForestDryPoor	3.55000000
125693	ForestDryPoor	2.62000000
125694	ForestDryPoor	3.57000000
125695	ForestDryPoor	3.70000000
125696	ForestDryPoor	1.24000000
125719	ForestDryPoor	1.46000000
125720	ForestDryPoor	3.10000000
125721	ForestDryPoor	3.60000000
125722	ForestDryPoor	3.04000000
125723	ForestDryPoor	1.19000000
125726	ForestDryPoor	2.09000000
125729	ForestDryPoor	1.84000000
125985	ForestDryPoor	1.12000000
125986	ForestDryPoor	1.82000000
125987	ForestDryPoor	2.25000000
125988	ForestDryPoor	3.28000000
125989	ForestDryPoor	3.84000000
125990	ForestDryPoor	3.95000000
125991	ForestDryPoor	1.07000000
126014	ForestDryPoor	3.35000000
126015	ForestDryPoor	1.87000000
126016	ForestDryPoor	3.29000000
126017	ForestDryPoor	1.83000000
126018	ForestDryPoor	2.50000000
126019	ForestDryPoor	2.28000000
126021	ForestDryPoor	1.28000000
126280	ForestDryPoor	1.66000000
126282	ForestDryPoor	1.99000000
126283	ForestDryPoor	3.63000000
126284	ForestDryPoor	2.96000000
126285	ForestDryPoor	3.87000000
126286	ForestDryPoor	2.19000000
126308	ForestDryPoor	1.70000000
126309	ForestDryPoor	2.48000000
126310	ForestDryPoor	2.54000000
126311	ForestDryPoor	3.84000000
126312	ForestDryPoor	3.08000000
126313	ForestDryPoor	3.85000000
126314	ForestDryPoor	3.04000000
126576	ForestDryPoor	1.66000000
126577	ForestDryPoor	1.10000000
126578	ForestDryPoor	2.67000000
126579	ForestDryPoor	3.60000000
126580	ForestDryPoor	3.63000000
126581	ForestDryPoor	3.12000000
126598	ForestDryPoor	1.01000000
126599	ForestDryPoor	1.61000000
126600	ForestDryPoor	3.19000000
126601	ForestDryPoor	3.10000000
126602	ForestDryPoor	3.74000000
126603	ForestDryPoor	3.74000000
126604	ForestDryPoor	3.50000000
126605	ForestDryPoor	2.95000000
126606	ForestDryPoor	1.56000000
126608	ForestDryPoor	1.56000000
126609	ForestDryPoor	2.16000000
126872	ForestDryPoor	3.31000000
126873	ForestDryPoor	1.57000000
126874	ForestDryPoor	3.48000000
126875	ForestDryPoor	2.71000000
126876	ForestDryPoor	3.92000000
126877	ForestDryPoor	3.14000000
126892	ForestDryPoor	2.03000000
126893	ForestDryPoor	3.94000000
126894	ForestDryPoor	3.02000000
126895	ForestDryPoor	3.22000000
126896	ForestDryPoor	3.60000000
126897	ForestDryPoor	3.86000000
126898	ForestDryPoor	3.23000000
126899	ForestDryPoor	1.80000000
127163	ForestDryPoor	2.78000000
127164	ForestDryPoor	1.43000000
127167	ForestDryPoor	2.69000000
127168	ForestDryPoor	1.11000000
127171	ForestDryPoor	2.56000000
127172	ForestDryPoor	3.68000000
127173	ForestDryPoor	3.76000000
127174	ForestDryPoor	1.49000000
127185	ForestDryPoor	2.91000000
127186	ForestDryPoor	2.54000000
127187	ForestDryPoor	2.32000000
127188	ForestDryPoor	4.00000000
127189	ForestDryPoor	3.44000000
127190	ForestDryPoor	3.29000000
127191	ForestDryPoor	3.14000000
127192	ForestDryPoor	2.32000000
127193	ForestDryPoor	2.28000000
127194	ForestDryPoor	2.59000000
127210	ForestDryPoor	1.86000000
127457	ForestDryPoor	2.01000000
127458	ForestDryPoor	3.15000000
127459	ForestDryPoor	2.80000000
127460	ForestDryPoor	3.04000000
127461	ForestDryPoor	1.28000000
127462	ForestDryPoor	1.81000000
127463	ForestDryPoor	2.42000000
127464	ForestDryPoor	3.37000000
127466	ForestDryPoor	1.12000000
127467	ForestDryPoor	3.53000000
127468	ForestDryPoor	3.12000000
127469	ForestDryPoor	3.16000000
127478	ForestDryPoor	1.21000000
127479	ForestDryPoor	3.23000000
127480	ForestDryPoor	3.04000000
127481	ForestDryPoor	1.53000000
127482	ForestDryPoor	3.25000000
127483	ForestDryPoor	3.44000000
127484	ForestDryPoor	3.77000000
127485	ForestDryPoor	2.57000000
127486	ForestDryPoor	2.07000000
127487	ForestDryPoor	3.89000000
127488	ForestDryPoor	2.69000000
127504	ForestDryPoor	2.87000000
127506	ForestDryPoor	1.81000000
127754	ForestDryPoor	3.93000000
127755	ForestDryPoor	3.35000000
127756	ForestDryPoor	2.53000000
127757	ForestDryPoor	2.73000000
127758	ForestDryPoor	3.71000000
127759	ForestDryPoor	3.66000000
127763	ForestDryPoor	2.32000000
127764	ForestDryPoor	4.00000000
127774	ForestDryPoor	2.84000000
127775	ForestDryPoor	3.31000000
127776	ForestDryPoor	3.47000000
127777	ForestDryPoor	2.27000000
127778	ForestDryPoor	3.80000000
127779	ForestDryPoor	3.74000000
127780	ForestDryPoor	1.97000000
127782	ForestDryPoor	1.19000000
127801	ForestDryPoor	2.57000000
128049	ForestDryPoor	3.87000000
128050	ForestDryPoor	3.44000000
128051	ForestDryPoor	3.36000000
128052	ForestDryPoor	2.77000000
128053	ForestDryPoor	3.62000000
128054	ForestDryPoor	3.69000000
128055	ForestDryPoor	1.87000000
128059	ForestDryPoor	3.29000000
128069	ForestDryPoor	1.29000000
128070	ForestDryPoor	3.93000000
128071	ForestDryPoor	3.27000000
128072	ForestDryPoor	3.35000000
128073	ForestDryPoor	2.85000000
128074	ForestDryPoor	3.47000000
128075	ForestDryPoor	3.35000000
128076	ForestDryPoor	3.33000000
128077	ForestDryPoor	3.54000000
128078	ForestDryPoor	1.51000000
128092	ForestDryPoor	2.87000000
128093	ForestDryPoor	3.09000000
128095	ForestDryPoor	2.01000000
128344	ForestDryPoor	2.15000000
128345	ForestDryPoor	3.41000000
128346	ForestDryPoor	2.58000000
128348	ForestDryPoor	2.97000000
128349	ForestDryPoor	3.41000000
128350	ForestDryPoor	2.99000000
128354	ForestDryPoor	3.43000000
128363	ForestDryPoor	1.64000000
128364	ForestDryPoor	1.62000000
128365	ForestDryPoor	3.83000000
128366	ForestDryPoor	3.68000000
128367	ForestDryPoor	3.66000000
128368	ForestDryPoor	3.84000000
128369	ForestDryPoor	3.21000000
128370	ForestDryPoor	3.65000000
128371	ForestDryPoor	2.20000000
128372	ForestDryPoor	3.88000000
128373	ForestDryPoor	1.60000000
128383	ForestDryPoor	1.21000000
128386	ForestDryPoor	1.10000000
128640	ForestDryPoor	3.65000000
128641	ForestDryPoor	4.00000000
128642	ForestDryPoor	3.54000000
128643	ForestDryPoor	3.47000000
128644	ForestDryPoor	3.60000000
128645	ForestDryPoor	2.78000000
128646	ForestDryPoor	1.43000000
128647	ForestDryPoor	1.05000000
128649	ForestDryPoor	2.05000000
128655	ForestDryPoor	1.20000000
128658	ForestDryPoor	3.53000000
128659	ForestDryPoor	3.36000000
128660	ForestDryPoor	3.04000000
128661	ForestDryPoor	2.97000000
128662	ForestDryPoor	3.45000000
128663	ForestDryPoor	3.92000000
128664	ForestDryPoor	3.36000000
128665	ForestDryPoor	3.58000000
128666	ForestDryPoor	2.30000000
128667	ForestDryPoor	1.21000000
128678	ForestDryPoor	1.13000000
128681	ForestDryPoor	3.05000000
128935	ForestDryPoor	1.72000000
128936	ForestDryPoor	3.21000000
128937	ForestDryPoor	3.54000000
128938	ForestDryPoor	3.62000000
128939	ForestDryPoor	3.77000000
128940	ForestDryPoor	3.58000000
128941	ForestDryPoor	3.01000000
128942	ForestDryPoor	1.99000000
128943	ForestDryPoor	1.49000000
128950	ForestDryPoor	1.03000000
128952	ForestDryPoor	1.30000000
128953	ForestDryPoor	3.94000000
128954	ForestDryPoor	4.00000000
128955	ForestDryPoor	3.19000000
128956	ForestDryPoor	3.95000000
128957	ForestDryPoor	3.72000000
128958	ForestDryPoor	3.89000000
128959	ForestDryPoor	2.85000000
128960	ForestDryPoor	1.87000000
128974	ForestDryPoor	1.19000000
128975	ForestDryPoor	1.75000000
129230	ForestDryPoor	2.85000000
129231	ForestDryPoor	1.93000000
129232	ForestDryPoor	2.50000000
129233	ForestDryPoor	1.66000000
129234	ForestDryPoor	3.44000000
129235	ForestDryPoor	3.60000000
129236	ForestDryPoor	3.80000000
129237	ForestDryPoor	3.87000000
129238	ForestDryPoor	3.52000000
129239	ForestDryPoor	1.76000000
129245	ForestDryPoor	1.25000000
129248	ForestDryPoor	2.56000000
129249	ForestDryPoor	3.66000000
129250	ForestDryPoor	1.58000000
129251	ForestDryPoor	3.07000000
129252	ForestDryPoor	2.95000000
129253	ForestDryPoor	3.25000000
129254	ForestDryPoor	2.58000000
129268	ForestDryPoor	1.21000000
129269	ForestDryPoor	3.52000000
129527	ForestDryPoor	2.95000000
129528	ForestDryPoor	3.98000000
129529	ForestDryPoor	3.80000000
129530	ForestDryPoor	3.73000000
129531	ForestDryPoor	3.90000000
129532	ForestDryPoor	3.87000000
129533	ForestDryPoor	3.84000000
129534	ForestDryPoor	2.88000000
129539	ForestDryPoor	2.44000000
129540	ForestDryPoor	2.41000000
129543	ForestDryPoor	1.02000000
129544	ForestDryPoor	2.12000000
129545	ForestDryPoor	3.30000000
129546	ForestDryPoor	3.00000000
129547	ForestDryPoor	1.98000000
129548	ForestDryPoor	1.46000000
129553	ForestDryPoor	1.06000000
129557	ForestDryPoor	1.99000000
129558	ForestDryPoor	3.64000000
129562	ForestDryPoor	3.10000000
129823	ForestDryPoor	3.73000000
129824	ForestDryPoor	3.81000000
129825	ForestDryPoor	3.90000000
129826	ForestDryPoor	3.99000000
129827	ForestDryPoor	3.72000000
129828	ForestDryPoor	3.25000000
129829	ForestDryPoor	3.83000000
129840	ForestDryPoor	1.02000000
129841	ForestDryPoor	1.18000000
129843	ForestDryPoor	1.50000000
129844	ForestDryPoor	2.67000000
129845	ForestDryPoor	1.37000000
129848	ForestDryPoor	1.24000000
129849	ForestDryPoor	1.60000000
129852	ForestDryPoor	1.26000000
129853	ForestDryPoor	1.89000000
129857	ForestDryPoor	1.38000000
130118	ForestDryPoor	3.81000000
130119	ForestDryPoor	2.98000000
130120	ForestDryPoor	2.51000000
130121	ForestDryPoor	3.08000000
130122	ForestDryPoor	3.65000000
130123	ForestDryPoor	3.69000000
130124	ForestDryPoor	3.84000000
130125	ForestDryPoor	3.04000000
130138	ForestDryPoor	3.06000000
130139	ForestDryPoor	2.33000000
130144	ForestDryPoor	1.26000000
130150	ForestDryPoor	1.11000000
130417	ForestDryPoor	3.04000000
130418	ForestDryPoor	3.79000000
130419	ForestDryPoor	3.95000000
130420	ForestDryPoor	2.56000000
130421	ForestDryPoor	1.56000000
130422	ForestDryPoor	1.81000000
130423	ForestDryPoor	1.34000000
130429	ForestDryPoor	2.60000000
130430	ForestDryPoor	2.08000000
130433	ForestDryPoor	1.93000000
130434	ForestDryPoor	1.03000000
130438	ForestDryPoor	1.42000000
130444	ForestDryPoor	1.53000000
130712	ForestDryPoor	1.88000000
130713	ForestDryPoor	3.12000000
130714	ForestDryPoor	3.83000000
130715	ForestDryPoor	2.08000000
130716	ForestDryPoor	3.33000000
130717	ForestDryPoor	3.98000000
130718	ForestDryPoor	3.41000000
130719	ForestDryPoor	1.63000000
130733	ForestDryPoor	1.67000000
130734	ForestDryPoor	1.17000000
130735	ForestDryPoor	2.71000000
130736	ForestDryPoor	2.13000000
130739	ForestDryPoor	2.21000000
131008	ForestDryPoor	1.72000000
131009	ForestDryPoor	2.29000000
131010	ForestDryPoor	3.73000000
131011	ForestDryPoor	3.97000000
131012	ForestDryPoor	2.90000000
131013	ForestDryPoor	1.79000000
131014	ForestDryPoor	3.27000000
131015	ForestDryPoor	3.41000000
131016	ForestDryPoor	2.26000000
131024	ForestDryPoor	2.31000000
131025	ForestDryPoor	1.38000000
131028	ForestDryPoor	2.59000000
131029	ForestDryPoor	2.01000000
131030	ForestDryPoor	1.53000000
131031	ForestDryPoor	3.45000000
131032	ForestDryPoor	2.98000000
131033	ForestDryPoor	3.68000000
131034	ForestDryPoor	3.07000000
131309	ForestDryPoor	1.73000000
131310	ForestDryPoor	1.35000000
131311	ForestDryPoor	1.14000000
131312	ForestDryPoor	2.70000000
131313	ForestDryPoor	1.46000000
131317	ForestDryPoor	1.86000000
131318	ForestDryPoor	2.40000000
131319	ForestDryPoor	2.74000000
131320	ForestDryPoor	2.35000000
131323	ForestDryPoor	1.48000000
131327	ForestDryPoor	1.25000000
131328	ForestDryPoor	2.22000000
131329	ForestDryPoor	1.78000000
131607	ForestDryPoor	1.37000000
131608	ForestDryPoor	1.08000000
131609	ForestDryPoor	2.97000000
131610	ForestDryPoor	1.68000000
131611	ForestDryPoor	2.44000000
131612	ForestDryPoor	3.06000000
131613	ForestDryPoor	1.42000000
131614	ForestDryPoor	1.67000000
131615	ForestDryPoor	3.04000000
131619	ForestDryPoor	2.01000000
131620	ForestDryPoor	2.30000000
131622	ForestDryPoor	1.67000000
131902	ForestDryPoor	1.95000000
131903	ForestDryPoor	3.46000000
131904	ForestDryPoor	2.94000000
132197	ForestDryPoor	3.83000000
132198	ForestDryPoor	3.57000000
132199	ForestDryPoor	1.75000000
132200	ForestDryPoor	1.16000000
132201	ForestDryPoor	2.13000000
132494	ForestDryPoor	1.94000000
132495	ForestDryPoor	3.00000000
32333	ForestWetRich	2.46000000
55844	ForestWetRich	3.05000000
75017	ForestWetRich	1.44000000
75607	ForestWetRich	2.83000000
85022	ForestWetRich	1.51000000
85909	ForestWetRich	1.86000000
87104	ForestWetRich	1.65000000
87127	ForestWetRich	1.67000000
88003	ForestWetRich	1.69000000
97139	ForestWetRich	1.73000000
97142	ForestWetRich	1.81000000
98625	ForestWetRich	1.39000000
130132	ForestWetRich	1.06000000
131019	ForestWetRich	1.64000000
32629	OpenWetRich	2.10000000
40556	OpenWetRich	1.36000000
43164	OpenWetRich	3.06000000
46981	OpenWetRich	1.59000000
48452	OpenWetRich	1.77000000
54655	OpenWetRich	2.25000000
70302	OpenWetRich	2.33000000
70304	OpenWetRich	2.04000000
70602	OpenWetRich	1.33000000
88905	OpenWetRich	1.98000000
90386	OpenWetRich	1.67000000
92747	OpenWetRich	2.48000000
93046	OpenWetRich	1.58000000
93331	OpenWetRich	1.25000000
95111	OpenWetRich	1.58000000
96860	OpenWetRich	1.03000000
96886	OpenWetRich	1.74000000
97740	OpenWetRich	1.17000000
99502	OpenWetRich	2.70000000
100682	OpenWetRich	1.34000000
101567	OpenWetRich	1.83000000
113371	OpenWetRich	1.19000000
115716	OpenWetRich	1.01000000
119256	OpenWetRich	2.18000000
119550	OpenWetRich	1.09000000
121550	OpenWetRich	2.67000000
121843	OpenWetRich	1.08000000
121906	OpenWetRich	2.03000000
126025	OpenWetRich	1.46000000
126319	OpenWetRich	1.37000000
128944	OpenWetRich	1.03000000
128966	OpenWetRich	1.83000000
129846	OpenWetRich	1.26000000
131021	OpenWetRich	1.35000000
