network_name,warm_component,CertifiedAreaHa,selected_cells,existing_patches,FlowAreaHa,RequiredAreaHa,HasExistingRoot,HasNewRestoration,PassesArea,FeasibleWarmCertificate
Global,1,163.18000000000015,47,1,163.18000000000015,5000,TRUE,TRUE,FALSE,FALSE
Global,2,609.4600000000004,144,23,609.4600000000004,5000,TRUE,TRUE,FALSE,FALSE
Global,3,107.6300000000001,38,5,107.6300000000001,5000,TRUE,TRUE,FALSE,FALSE
Global,4,1.590000000000001,1,5,1.590000000000001,5000,TRUE,TRUE,FALSE,FALSE
Global,5,486.8200000000003,119,65,486.8200000000003,5000,TRUE,TRUE,FALSE,FALSE
Global,6,4.530000000000003,2,1,4.530000000000003,5000,TRUE,TRUE,FALSE,FALSE
Global,7,1.5600000000000014,1,0,1.5600000000000014,5000,FALSE,TRUE,FALSE,FALSE
Global,8,49.74000000000004,14,14,49.74000000000004,5000,TRUE,TRUE,FALSE,FALSE
Global,9,309.46000000000015,51,13,309.46000000000015,5000,TRUE,TRUE,FALSE,FALSE
Global,10,7.730000000000006,2,1,7.730000000000006,5000,TRUE,TRUE,FALSE,FALSE
Global,11,467.9000000000003,130,10,467.9000000000003,5000,TRUE,TRUE,FALSE,FALSE
Global,12,7.3300000000000045,2,3,7.3300000000000045,5000,TRUE,TRUE,FALSE,FALSE
Global,13,117.3900000000001,34,2,117.3900000000001,5000,TRUE,TRUE,FALSE,FALSE
Global,14,51.24000000000004,16,3,51.24000000000004,5000,TRUE,TRUE,FALSE,FALSE
Global,15,1.170000000000001,1,0,1.170000000000001,5000,FALSE,TRUE,FALSE,FALSE
Global,16,5.850000000000001,1,2,5.850000000000001,5000,TRUE,TRUE,FALSE,FALSE
Global,17,340.56000000000023,90,15,340.56000000000023,5000,TRUE,TRUE,FALSE,FALSE
Global,18,369.59000000000026,107,4,369.59000000000026,5000,TRUE,TRUE,FALSE,FALSE
Global,19,619.4500000000004,169,38,619.4500000000004,5000,TRUE,TRUE,FALSE,FALSE
Global,20,155.6400000000001,38,12,155.6400000000001,5000,TRUE,TRUE,FALSE,FALSE
Global,21,133.90000000000006,25,4,133.90000000000006,5000,TRUE,TRUE,FALSE,FALSE
Global,22,30.89000000000001,6,7,30.89000000000001,5000,TRUE,TRUE,FALSE,FALSE
Global,23,51.020000000000046,18,1,51.020000000000046,5000,TRUE,TRUE,FALSE,FALSE
Global,24,3.0400000000000027,2,0,3.0400000000000027,5000,FALSE,TRUE,FALSE,FALSE
Global,25,21.500000000000018,9,0,21.500000000000018,5000,FALSE,TRUE,FALSE,FALSE
Global,26,130.00000000000006,29,7,130.00000000000006,5000,TRUE,TRUE,FALSE,FALSE
Global,27,4.610000000000001,1,1,4.610000000000001,5000,TRUE,TRUE,FALSE,FALSE
Global,28,417.45000000000016,66,36,417.45000000000016,5000,TRUE,TRUE,FALSE,FALSE
Global,29,8.340000000000003,1,1,8.340000000000003,5000,TRUE,TRUE,FALSE,FALSE
Global,30,39.430000000000014,7,1,39.430000000000014,5000,TRUE,TRUE,FALSE,FALSE
Global,31,18.320000000000014,8,1,18.320000000000014,5000,TRUE,TRUE,FALSE,FALSE
Global,32,7.7000000000000055,2,1,7.7000000000000055,5000,TRUE,TRUE,FALSE,FALSE
Global,33,14.160000000000009,3,2,14.160000000000009,5000,TRUE,TRUE,FALSE,FALSE
Global,34,72.74000000000002,12,13,72.74000000000002,5000,TRUE,TRUE,FALSE,FALSE
Global,35,7.420000000000005,5,2,7.420000000000005,5000,TRUE,TRUE,FALSE,FALSE
Global,36,11.470000000000002,1,2,11.470000000000002,5000,TRUE,TRUE,FALSE,FALSE
Global,37,21.380000000000006,2,2,21.380000000000006,5000,TRUE,TRUE,FALSE,FALSE
Global,38,9.940000000000003,1,1,9.940000000000003,5000,TRUE,TRUE,FALSE,FALSE
Global,39,43.660000000000025,12,14,43.660000000000025,5000,TRUE,TRUE,FALSE,FALSE
Global,40,359.3600000000001,58,41,359.3600000000001,5000,TRUE,TRUE,FALSE,FALSE
Global,41,7.090000000000002,1,1,7.090000000000002,5000,TRUE,TRUE,FALSE,FALSE
Global,42,13.430000000000005,3,2,13.430000000000005,5000,TRUE,TRUE,FALSE,FALSE
Global,43,363.01000000000016,77,41,363.01000000000016,5000,TRUE,TRUE,FALSE,FALSE
Global,44,10.960000000000003,2,5,10.960000000000003,5000,TRUE,TRUE,FALSE,FALSE
Global,45,7.530000000000004,2,2,7.530000000000004,5000,TRUE,TRUE,FALSE,FALSE
Global,46,6.750000000000002,2,2,6.750000000000002,5000,TRUE,TRUE,FALSE,FALSE
Global,47,2.820000000000002,1,2,2.820000000000002,5000,TRUE,TRUE,FALSE,FALSE
Global,48,27.70000000000002,9,1,27.70000000000002,5000,TRUE,TRUE,FALSE,FALSE
Global,49,265.8600000000001,63,33,265.8600000000001,5000,TRUE,TRUE,FALSE,FALSE
Global,50,157.98000000000005,27,12,157.98000000000005,5000,TRUE,TRUE,FALSE,FALSE
Global,51,2.2700000000000014,1,1,2.2700000000000014,5000,TRUE,TRUE,FALSE,FALSE
Global,52,5.130000000000001,1,1,5.130000000000001,5000,TRUE,TRUE,FALSE,FALSE
Global,53,14.370000000000005,3,1,14.370000000000005,5000,TRUE,TRUE,FALSE,FALSE
Global,54,6.420000000000004,2,7,6.420000000000004,5000,TRUE,TRUE,FALSE,FALSE
Global,55,24.86000000000001,5,2,24.86000000000001,5000,TRUE,TRUE,FALSE,FALSE
Global,56,10.990000000000002,2,2,10.990000000000002,5000,TRUE,TRUE,FALSE,FALSE
Global,57,37.44000000000002,8,3,37.44000000000002,5000,TRUE,TRUE,FALSE,FALSE
Global,58,3.750000000000003,1,1,3.750000000000003,5000,TRUE,TRUE,FALSE,FALSE
Global,59,12.090000000000005,2,2,12.090000000000005,5000,TRUE,TRUE,FALSE,FALSE
Global,60,12.940000000000007,3,3,12.940000000000007,5000,TRUE,TRUE,FALSE,FALSE
Global,61,10.850000000000007,3,3,10.850000000000007,5000,TRUE,TRUE,FALSE,FALSE
Global,62,8.060000000000004,2,1,8.060000000000004,5000,TRUE,TRUE,FALSE,FALSE
Global,63,3.1300000000000017,1,1,3.1300000000000017,5000,TRUE,TRUE,FALSE,FALSE
Global,64,10.610000000000007,4,3,10.610000000000007,5000,TRUE,TRUE,FALSE,FALSE
Global,65,5.980000000000001,1,3,5.980000000000001,5000,TRUE,TRUE,FALSE,FALSE
Global,66,3.7600000000000025,1,1,3.7600000000000025,5000,TRUE,TRUE,FALSE,FALSE
Global,67,2.920000000000001,1,1,2.920000000000001,5000,TRUE,TRUE,FALSE,FALSE
Global,68,3.6200000000000023,1,2,3.6200000000000023,5000,TRUE,TRUE,FALSE,FALSE
Global,69,33.95000000000002,7,8,33.95000000000002,5000,TRUE,TRUE,FALSE,FALSE
Global,70,4.390000000000002,1,1,4.390000000000002,5000,TRUE,TRUE,FALSE,FALSE
Global,71,5.940000000000004,2,1,5.940000000000004,5000,TRUE,TRUE,FALSE,FALSE
Global,72,23.07000000000001,6,4,23.07000000000001,5000,TRUE,TRUE,FALSE,FALSE
Global,73,25.370000000000008,6,5,25.370000000000008,5000,TRUE,TRUE,FALSE,FALSE
Global,74,4.690000000000002,1,4,4.690000000000002,5000,TRUE,TRUE,FALSE,FALSE
Global,75,2.1900000000000013,1,2,2.1900000000000013,5000,TRUE,TRUE,FALSE,FALSE
Global,76,11.900000000000004,2,5,11.900000000000004,5000,TRUE,TRUE,FALSE,FALSE
Global,77,16.390000000000004,3,5,16.390000000000004,5000,TRUE,TRUE,FALSE,FALSE
Global,78,3.570000000000003,1,1,3.570000000000003,5000,TRUE,TRUE,FALSE,FALSE
Global,79,2.9600000000000017,1,1,2.9600000000000017,5000,TRUE,TRUE,FALSE,FALSE
Global,80,6.430000000000002,1,3,6.430000000000002,5000,TRUE,TRUE,FALSE,FALSE
Global,81,10.56,1,2,10.56,5000,TRUE,TRUE,FALSE,FALSE
Global,82,2.4700000000000015,1,4,2.4700000000000015,5000,TRUE,TRUE,FALSE,FALSE
Global,83,10.100000000000001,1,2,10.100000000000001,5000,TRUE,TRUE,FALSE,FALSE
Global,84,8.590000000000005,2,2,8.590000000000005,5000,TRUE,TRUE,FALSE,FALSE
Global,85,20.240000000000006,2,12,20.240000000000006,5000,TRUE,TRUE,FALSE,FALSE
Global,86,11.560000000000002,1,5,11.560000000000002,5000,TRUE,TRUE,FALSE,FALSE
Global,87,32.680000000000014,10,16,32.680000000000014,5000,TRUE,TRUE,FALSE,FALSE
Global,88,10.89,1,2,10.89,5000,TRUE,TRUE,FALSE,FALSE
Global,89,9.090000000000003,2,2,9.090000000000003,5000,TRUE,TRUE,FALSE,FALSE
Global,90,103.33000000000004,22,15,103.33000000000004,5000,TRUE,TRUE,FALSE,FALSE
Global,91,1.930000000000001,1,3,1.930000000000001,5000,TRUE,TRUE,FALSE,FALSE
Global,92,96.66000000000007,27,49,96.66000000000007,5000,TRUE,TRUE,FALSE,FALSE
Global,93,4.300000000000001,1,1,4.300000000000001,5000,TRUE,TRUE,FALSE,FALSE
Global,94,104.03000000000006,28,21,104.03000000000006,5000,TRUE,TRUE,FALSE,FALSE
Global,95,230.93000000000015,61,85,230.93000000000015,5000,TRUE,TRUE,FALSE,FALSE
Global,96,2.5300000000000016,1,1,2.5300000000000016,5000,TRUE,TRUE,FALSE,FALSE
Global,97,2.4200000000000013,1,5,2.4200000000000013,5000,TRUE,TRUE,FALSE,FALSE
Global,98,4.000000000000003,2,1,4.000000000000003,5000,TRUE,TRUE,FALSE,FALSE
Global,99,4.220000000000003,2,0,4.220000000000003,5000,FALSE,TRUE,FALSE,FALSE
Global,100,5.920000000000004,2,1,5.920000000000004,5000,TRUE,TRUE,FALSE,FALSE
Global,101,4.120000000000004,1,4,4.120000000000004,5000,TRUE,TRUE,FALSE,FALSE
Global,102,10.530000000000005,2,1,10.530000000000005,5000,TRUE,TRUE,FALSE,FALSE
Global,103,28.18000000000002,9,3,28.18000000000002,5000,TRUE,TRUE,FALSE,FALSE
Global,104,250.96000000000012,56,34,250.96000000000012,5000,TRUE,TRUE,FALSE,FALSE
Global,105,5.190000000000001,1,1,5.190000000000001,5000,TRUE,TRUE,FALSE,FALSE
Global,106,483.4600000000002,112,104,483.4600000000002,5000,TRUE,TRUE,FALSE,FALSE
Global,107,16.450000000000006,4,7,16.450000000000006,5000,TRUE,TRUE,FALSE,FALSE
Global,108,4.370000000000001,1,1,4.370000000000001,5000,TRUE,TRUE,FALSE,FALSE
Global,109,2.830000000000001,1,1,2.830000000000001,5000,TRUE,TRUE,FALSE,FALSE
Global,110,4.520000000000004,3,2,4.520000000000004,5000,TRUE,TRUE,FALSE,FALSE
Global,111,204.6300000000001,48,40,204.6300000000001,5000,TRUE,TRUE,FALSE,FALSE
Global,112,7.070000000000001,1,2,7.070000000000001,5000,TRUE,TRUE,FALSE,FALSE
Global,113,1.010000000000001,1,0,1.010000000000001,5000,FALSE,TRUE,FALSE,FALSE
Global,114,21.62000000000002,9,4,21.62000000000002,5000,TRUE,TRUE,FALSE,FALSE
Global,115,81.63000000000005,23,47,81.63000000000005,5000,TRUE,TRUE,FALSE,FALSE
Global,116,217.03000000000011,60,51,217.03000000000011,5000,TRUE,TRUE,FALSE,FALSE
Global,117,21.11000000000001,6,6,21.11000000000001,5000,TRUE,TRUE,FALSE,FALSE
Global,118,1.8600000000000017,1,2,1.8600000000000017,5000,TRUE,TRUE,FALSE,FALSE
Global,119,51.51000000000004,23,7,51.51000000000004,5000,TRUE,TRUE,FALSE,FALSE
Global,120,120.27000000000005,23,13,120.27000000000005,5000,TRUE,TRUE,FALSE,FALSE
Global,121,8.300000000000008,4,0,8.300000000000008,5000,FALSE,TRUE,FALSE,FALSE
Global,122,25.21000000000002,10,6,25.21000000000002,5000,TRUE,TRUE,FALSE,FALSE
Global,123,446.4900000000002,103,87,446.4900000000002,5000,TRUE,TRUE,FALSE,FALSE
Global,124,135.93000000000012,47,18,135.93000000000012,5000,TRUE,TRUE,FALSE,FALSE
Global,125,4.120000000000002,1,1,4.120000000000002,5000,TRUE,TRUE,FALSE,FALSE
Global,126,15.490000000000009,6,6,15.490000000000009,5000,TRUE,TRUE,FALSE,FALSE
Global,127,1.5100000000000011,1,0,1.5100000000000011,5000,FALSE,TRUE,FALSE,FALSE
Global,128,414.2500000000002,97,49,414.2500000000002,5000,TRUE,TRUE,FALSE,FALSE
Global,129,7.750000000000002,1,2,7.750000000000002,5000,TRUE,TRUE,FALSE,FALSE
Global,130,5.400000000000005,4,0,5.400000000000005,5000,FALSE,TRUE,FALSE,FALSE
Global,131,5.090000000000005,2,0,5.090000000000005,5000,FALSE,TRUE,FALSE,FALSE
Global,132,94.99000000000004,23,7,94.99000000000004,5000,TRUE,TRUE,FALSE,FALSE
Global,133,94.77000000000005,29,27,94.77000000000005,5000,TRUE,TRUE,FALSE,FALSE
Global,134,934.7400000000004,180,168,934.7400000000004,5000,TRUE,TRUE,FALSE,FALSE
Global,135,8.650000000000006,3,1,8.650000000000006,5000,TRUE,TRUE,FALSE,FALSE
Global,136,2.9800000000000018,1,1,2.9800000000000018,5000,TRUE,TRUE,FALSE,FALSE
Global,137,81.98000000000005,23,19,81.98000000000005,5000,TRUE,TRUE,FALSE,FALSE
Global,138,4.580000000000004,2,1,4.580000000000004,5000,TRUE,TRUE,FALSE,FALSE
Global,139,42.38000000000001,5,3,42.38000000000001,5000,TRUE,TRUE,FALSE,FALSE
Global,140,2.070000000000001,1,2,2.070000000000001,5000,TRUE,TRUE,FALSE,FALSE
Global,141,10.110000000000001,1,1,10.110000000000001,5000,TRUE,TRUE,FALSE,FALSE
Global,142,11.260000000000007,5,2,11.260000000000007,5000,TRUE,TRUE,FALSE,FALSE
Global,143,3.3800000000000026,1,2,3.3800000000000026,5000,TRUE,TRUE,FALSE,FALSE
Global,144,3.4000000000000026,1,2,3.4000000000000026,5000,TRUE,TRUE,FALSE,FALSE
Global,145,105.42000000000003,17,14,105.42000000000003,5000,TRUE,TRUE,FALSE,FALSE
Global,146,29.41000000000001,8,14,29.41000000000001,5000,TRUE,TRUE,FALSE,FALSE
Global,147,26.480000000000018,9,25,26.480000000000018,5000,TRUE,TRUE,FALSE,FALSE
Global,148,382.9300000000001,60,57,382.9300000000001,5000,TRUE,TRUE,FALSE,FALSE
Global,149,9.730000000000004,2,2,9.730000000000004,5000,TRUE,TRUE,FALSE,FALSE
Global,150,2.6400000000000015,1,2,2.6400000000000015,5000,TRUE,TRUE,FALSE,FALSE
Global,151,3.1400000000000023,1,1,3.1400000000000023,5000,TRUE,TRUE,FALSE,FALSE
Global,152,3.8500000000000028,1,2,3.8500000000000028,5000,TRUE,TRUE,FALSE,FALSE
Global,153,1.650000000000001,1,1,1.650000000000001,5000,TRUE,TRUE,FALSE,FALSE
Global,154,11.830000000000005,3,5,11.830000000000005,5000,TRUE,TRUE,FALSE,FALSE
Global,155,82.47000000000003,13,18,82.47000000000003,5000,TRUE,TRUE,FALSE,FALSE
Global,156,3.0900000000000025,1,1,3.0900000000000025,5000,TRUE,TRUE,FALSE,FALSE
Global,157,3.4400000000000026,1,3,3.4400000000000026,5000,TRUE,TRUE,FALSE,FALSE
Global,158,14.490000000000006,3,1,14.490000000000006,5000,TRUE,TRUE,FALSE,FALSE
Global,159,47.81000000000001,4,7,47.81000000000001,5000,TRUE,TRUE,FALSE,FALSE
Global,160,1.6900000000000013,1,3,1.6900000000000013,5000,TRUE,TRUE,FALSE,FALSE
Global,161,6.040000000000004,2,2,6.040000000000004,5000,TRUE,TRUE,FALSE,FALSE
Global,162,10.230000000000008,4,3,10.230000000000008,5000,TRUE,TRUE,FALSE,FALSE
Global,163,86.97000000000003,14,31,86.97000000000003,5000,TRUE,TRUE,FALSE,FALSE
Global,164,98.17,7,7,98.17,5000,TRUE,TRUE,FALSE,FALSE
Global,165,65.27000000000002,13,13,65.27000000000002,5000,TRUE,TRUE,FALSE,FALSE
Global,166,126.35000000000004,15,12,126.35000000000004,5000,TRUE,TRUE,FALSE,FALSE
Global,167,7.460000000000004,2,1,7.460000000000004,5000,TRUE,TRUE,FALSE,FALSE
Global,168,4.570000000000002,1,1,4.570000000000002,5000,TRUE,TRUE,FALSE,FALSE
Global,169,4.040000000000003,1,2,4.040000000000003,5000,TRUE,TRUE,FALSE,FALSE
Global,170,10.280000000000006,3,3,10.280000000000006,5000,TRUE,TRUE,FALSE,FALSE
Global,171,349.32000000000005,14,8,349.32000000000005,5000,TRUE,TRUE,FALSE,FALSE
Global,172,3.3700000000000028,1,3,3.3700000000000028,5000,TRUE,TRUE,FALSE,FALSE
Global,173,75.65,7,8,75.65,5000,TRUE,TRUE,FALSE,FALSE
Global,174,12.97,1,1,12.97,5000,TRUE,TRUE,FALSE,FALSE
Global,175,3.6800000000000015,1,2,3.6800000000000015,5000,TRUE,TRUE,FALSE,FALSE
Global,176,18.720000000000006,4,2,18.720000000000006,5000,TRUE,TRUE,FALSE,FALSE
Global,177,19.1,1,1,19.1,5000,TRUE,TRUE,FALSE,FALSE
Global,178,568.98,39,14,568.98,5000,TRUE,TRUE,FALSE,FALSE
Global,179,14.18,1,4,14.18,5000,TRUE,TRUE,FALSE,FALSE
Global,180,2.6800000000000015,1,1,2.6800000000000015,5000,TRUE,TRUE,FALSE,FALSE
Global,181,3.9700000000000015,1,2,3.9700000000000015,5000,TRUE,TRUE,FALSE,FALSE
Global,182,9.770000000000001,1,1,9.770000000000001,5000,TRUE,TRUE,FALSE,FALSE
Global,183,16.640000000000008,4,2,16.640000000000008,5000,TRUE,TRUE,FALSE,FALSE
Subarea1,134,46.93074877929689,180,168,934.7400000000004,1000,TRUE,TRUE,FALSE,FALSE
Subarea1,139,42.38000019531251,5,3,42.38000000000001,1000,TRUE,TRUE,FALSE,FALSE
Subarea1,144,3.3999999511718775,1,2,3.4000000000000026,1000,TRUE,TRUE,FALSE,FALSE
Subarea1,145,104.4582011230469,17,14,105.42000000000003,1000,TRUE,TRUE,FALSE,FALSE
Subarea1,146,28.247596337890638,8,14,29.41000000000001,1000,TRUE,TRUE,FALSE,FALSE
Subarea1,147,26.47999970703127,9,25,26.480000000000018,1000,TRUE,TRUE,FALSE,FALSE
Subarea1,148,378.3986286376954,60,57,382.9300000000001,1000,TRUE,TRUE,FALSE,FALSE
Subarea1,149,9.73000004882813,2,2,9.730000000000004,1000,TRUE,TRUE,FALSE,FALSE
Subarea1,150,2.6400000000000015,1,2,2.6400000000000015,1000,TRUE,TRUE,FALSE,FALSE
Subarea1,151,3.1400000000000023,1,1,3.1400000000000023,1000,TRUE,TRUE,FALSE,FALSE
Subarea1,152,3.8500000000000028,1,2,3.8500000000000028,1000,TRUE,TRUE,FALSE,FALSE
Subarea1,153,1.650000000000001,1,1,1.650000000000001,1000,TRUE,TRUE,FALSE,FALSE
Subarea1,154,10.69379887695313,3,5,11.830000000000005,1000,TRUE,TRUE,FALSE,FALSE
Subarea1,155,82.47000063476565,13,18,82.47000000000003,1000,TRUE,TRUE,FALSE,FALSE
Subarea1,156,3.0900000000000025,1,1,3.0900000000000025,1000,TRUE,TRUE,FALSE,FALSE
Subarea1,157,3.4400000488281273,1,3,3.4400000000000026,1000,TRUE,TRUE,FALSE,FALSE
Subarea1,158,14.490000195312504,3,1,14.490000000000006,1000,TRUE,TRUE,FALSE,FALSE
Subarea1,159,47.80999946289064,4,7,47.81000000000001,1000,TRUE,TRUE,FALSE,FALSE
Subarea1,160,1.6900000000000013,1,3,1.6900000000000013,1000,TRUE,TRUE,FALSE,FALSE
Subarea1,161,5.925199755859379,2,2,6.040000000000004,1000,TRUE,TRUE,FALSE,FALSE
Subarea1,162,10.134801513671883,4,3,10.230000000000008,1000,TRUE,TRUE,FALSE,FALSE
Subarea1,163,85.31999477539065,14,31,86.97000000000003,1000,TRUE,TRUE,FALSE,FALSE
Subarea1,164,82.55195097656251,7,7,98.17,1000,TRUE,TRUE,FALSE,FALSE
Subarea1,165,65.27000073242189,13,13,65.27000000000002,1000,TRUE,TRUE,FALSE,FALSE
Subarea1,166,119.14579580078127,15,12,126.35000000000004,1000,TRUE,TRUE,FALSE,FALSE
Subarea1,167,7.459999902343754,2,1,7.460000000000004,1000,TRUE,TRUE,FALSE,FALSE
Subarea1,168,4.570000048828128,1,1,4.570000000000002,1000,TRUE,TRUE,FALSE,FALSE
Subarea1,169,4.0400001464843776,1,2,4.040000000000003,1000,TRUE,TRUE,FALSE,FALSE
Subarea1,170,10.280000097656256,3,3,10.280000000000006,1000,TRUE,TRUE,FALSE,FALSE
Subarea1,171,349.27939892578127,14,8,349.32000000000005,1000,TRUE,TRUE,FALSE,FALSE
Subarea1,172,3.3700000000000028,1,3,3.3700000000000028,1000,TRUE,TRUE,FALSE,FALSE
Subarea1,173,72.83080585937502,7,8,75.65,1000,TRUE,TRUE,FALSE,FALSE
Subarea1,174,4.088930664062501,1,1,12.97,1000,TRUE,TRUE,FALSE,FALSE
Subarea1,175,2.6837970214843763,1,2,3.6800000000000015,1000,TRUE,TRUE,FALSE,FALSE
Subarea1,176,18.720000244140632,4,2,18.720000000000006,1000,TRUE,TRUE,FALSE,FALSE
Subarea1,177,19.099799853515627,1,1,19.1,1000,TRUE,TRUE,FALSE,FALSE
Subarea1,178,568.6149997558595,39,14,568.98,1000,TRUE,TRUE,FALSE,FALSE
Subarea1,179,14.179999951171876,1,4,14.18,1000,TRUE,TRUE,FALSE,FALSE
Subarea1,180,2.680000048828126,1,1,2.6800000000000015,1000,TRUE,TRUE,FALSE,FALSE
Subarea1,181,3.7641627441406267,1,2,3.9700000000000015,1000,TRUE,TRUE,FALSE,FALSE
Subarea1,182,7.923632861328127,1,1,9.770000000000001,1000,TRUE,TRUE,FALSE,FALSE
Subarea1,183,16.640000097656255,4,2,16.640000000000008,1000,TRUE,TRUE,FALSE,FALSE
Subarea2,106,1.4273031005859376,112,104,483.4600000000002,1000,TRUE,TRUE,FALSE,FALSE
Subarea2,109,2.704229663085939,1,1,2.830000000000001,1000,TRUE,TRUE,FALSE,FALSE
Subarea2,110,4.520000000000004,3,2,4.520000000000004,1000,TRUE,TRUE,FALSE,FALSE
Subarea2,112,7.069999951171876,1,2,7.070000000000001,1000,TRUE,TRUE,FALSE,FALSE
Subarea2,113,1.010000000000001,1,0,1.010000000000001,1000,FALSE,TRUE,FALSE,FALSE
Subarea2,114,21.61999995117189,9,4,21.62000000000002,1000,TRUE,TRUE,FALSE,FALSE
Subarea2,115,73.41737907714848,23,47,81.63000000000005,1000,TRUE,TRUE,FALSE,FALSE
Subarea2,116,201.144590185547,60,51,217.03000000000011,1000,TRUE,TRUE,FALSE,FALSE
Subarea2,117,17.64999365234376,6,6,21.11000000000001,1000,TRUE,TRUE,FALSE,FALSE
Subarea2,118,1.8600000000000017,1,2,1.8600000000000017,1000,TRUE,TRUE,FALSE,FALSE
Subarea2,119,51.251601806640664,23,7,51.51000000000004,1000,TRUE,TRUE,FALSE,FALSE
Subarea2,120,69.7790297119141,23,13,120.27000000000005,1000,TRUE,TRUE,FALSE,FALSE
Subarea2,121,8.300000000000008,4,0,8.300000000000008,1000,FALSE,TRUE,FALSE,FALSE
Subarea2,122,25.21000000000002,10,6,25.21000000000002,1000,TRUE,TRUE,FALSE,FALSE
Subarea2,123,384.91309545898457,103,87,446.4900000000002,1000,TRUE,TRUE,FALSE,FALSE
Subarea2,124,133.6536746826173,47,18,135.93000000000012,1000,TRUE,TRUE,FALSE,FALSE
Subarea2,125,2.179200048828127,1,1,4.120000000000002,1000,TRUE,TRUE,FALSE,FALSE
Subarea2,126,15.44779931640626,6,6,15.490000000000009,1000,TRUE,TRUE,FALSE,FALSE
Subarea2,127,1.5100000000000011,1,0,1.5100000000000011,1000,FALSE,TRUE,FALSE,FALSE
Subarea2,128,372.6567945800783,97,49,414.2500000000002,1000,TRUE,TRUE,FALSE,FALSE
Subarea2,129,7.569800634765627,1,2,7.750000000000002,1000,TRUE,TRUE,FALSE,FALSE
Subarea2,130,5.400000000000005,4,0,5.400000000000005,1000,FALSE,TRUE,FALSE,FALSE
Subarea2,131,5.090000000000005,2,0,5.090000000000005,1000,FALSE,TRUE,FALSE,FALSE
Subarea2,132,70.32361765136723,23,7,94.99000000000004,1000,TRUE,TRUE,FALSE,FALSE
Subarea2,133,94.7699997070313,29,27,94.77000000000005,1000,TRUE,TRUE,FALSE,FALSE
Subarea2,134,797.1585416503909,180,168,934.7400000000004,1000,TRUE,TRUE,FALSE,FALSE
Subarea2,135,8.441401367187506,3,1,8.650000000000006,1000,TRUE,TRUE,FALSE,FALSE
Subarea2,136,2.980000048828127,1,1,2.9800000000000018,1000,TRUE,TRUE,FALSE,FALSE
Subarea2,137,79.11999145507818,23,19,81.98000000000005,1000,TRUE,TRUE,FALSE,FALSE
Subarea2,138,4.580000000000004,2,1,4.580000000000004,1000,TRUE,TRUE,FALSE,FALSE
Subarea2,140,2.070000097656251,1,2,2.070000000000001,1000,TRUE,TRUE,FALSE,FALSE
Subarea2,141,10.109999853515626,1,1,10.110000000000001,1000,TRUE,TRUE,FALSE,FALSE
Subarea2,142,11.260000097656258,5,2,11.260000000000007,1000,TRUE,TRUE,FALSE,FALSE
Subarea2,143,3.29568132324219,1,2,3.3800000000000026,1000,TRUE,TRUE,FALSE,FALSE
Subarea3,28,417.4499997070314,66,36,417.45000000000016,1000,TRUE,TRUE,FALSE,FALSE
Subarea3,34,68.90424284667971,12,13,72.74000000000002,1000,TRUE,TRUE,FALSE,FALSE
Subarea3,35,6.789001464843755,5,2,7.420000000000005,1000,TRUE,TRUE,FALSE,FALSE
Subarea3,36,11.470000048828128,1,2,11.470000000000002,1000,TRUE,TRUE,FALSE,FALSE
Subarea3,37,21.37999995117188,2,2,21.380000000000006,1000,TRUE,TRUE,FALSE,FALSE
Subarea3,38,2.7154021484375015,1,1,9.940000000000003,1000,TRUE,TRUE,FALSE,FALSE
Subarea3,39,43.65999951171877,12,14,43.660000000000025,1000,TRUE,TRUE,FALSE,FALSE
Subarea3,40,354.4279962890626,58,41,359.3600000000001,1000,TRUE,TRUE,FALSE,FALSE
Subarea3,41,7.089999755859377,1,1,7.090000000000002,1000,TRUE,TRUE,FALSE,FALSE
Subarea3,42,11.783464672851569,3,2,13.430000000000005,1000,TRUE,TRUE,FALSE,FALSE
Subarea3,43,354.82020234375017,77,41,363.01000000000016,1000,TRUE,TRUE,FALSE,FALSE
Subarea3,44,4.560595556640628,2,5,10.960000000000003,1000,TRUE,TRUE,FALSE,FALSE
Subarea3,45,6.126399755859379,2,2,7.530000000000004,1000,TRUE,TRUE,FALSE,FALSE
Subarea3,46,4.2131950683593775,2,2,6.750000000000002,1000,TRUE,TRUE,FALSE,FALSE
Subarea3,47,2.341798583984377,1,2,2.820000000000002,1000,TRUE,TRUE,FALSE,FALSE
Subarea3,48,27.69999990234377,9,1,27.70000000000002,1000,TRUE,TRUE,FALSE,FALSE
Subarea3,49,252.9070104492189,63,33,265.8600000000001,1000,TRUE,TRUE,FALSE,FALSE
Subarea3,50,147.4618002929688,27,12,157.98000000000005,1000,TRUE,TRUE,FALSE,FALSE
Subarea3,51,2.2700000000000014,1,1,2.2700000000000014,1000,TRUE,TRUE,FALSE,FALSE
Subarea3,52,3.6359803466796885,1,1,5.130000000000001,1000,TRUE,TRUE,FALSE,FALSE
Subarea3,53,7.6083923828125055,3,1,14.370000000000005,1000,TRUE,TRUE,FALSE,FALSE
Subarea3,54,5.773000537109379,2,7,6.420000000000004,1000,TRUE,TRUE,FALSE,FALSE
Subarea3,55,22.275662231445324,5,2,24.86000000000001,1000,TRUE,TRUE,FALSE,FALSE
Subarea3,56,5.999781665039066,2,2,10.990000000000002,1000,TRUE,TRUE,FALSE,FALSE
Subarea3,57,29.95563410644533,8,3,37.44000000000002,1000,TRUE,TRUE,FALSE,FALSE
Subarea3,58,3.750000000000003,1,1,3.750000000000003,1000,TRUE,TRUE,FALSE,FALSE
Subarea3,59,12.090000097656254,2,2,12.090000000000005,1000,TRUE,TRUE,FALSE,FALSE
Subarea3,60,10.30919643554688,3,3,12.940000000000007,1000,TRUE,TRUE,FALSE,FALSE
Subarea3,61,10.850000097656256,3,3,10.850000000000007,1000,TRUE,TRUE,FALSE,FALSE
Subarea3,62,7.1754016113281285,2,1,8.060000000000004,1000,TRUE,TRUE,FALSE,FALSE
Subarea3,63,3.1300000000000017,1,1,3.1300000000000017,1000,TRUE,TRUE,FALSE,FALSE
Subarea3,64,10.610000097656256,4,3,10.610000000000007,1000,TRUE,TRUE,FALSE,FALSE
Subarea3,65,2.1202008789062514,1,3,5.980000000000001,1000,TRUE,TRUE,FALSE,FALSE
Subarea3,66,3.7599998535156276,1,1,3.7600000000000025,1000,TRUE,TRUE,FALSE,FALSE
Subarea3,67,2.919999951171876,1,1,2.920000000000001,1000,TRUE,TRUE,FALSE,FALSE
Subarea3,68,3.6200000488281274,1,2,3.6200000000000023,1000,TRUE,TRUE,FALSE,FALSE
Subarea3,69,33.94999975585939,7,8,33.95000000000002,1000,TRUE,TRUE,FALSE,FALSE
Subarea3,70,4.390000097656252,1,1,4.390000000000002,1000,TRUE,TRUE,FALSE,FALSE
Subarea3,71,5.133596484375004,2,1,5.940000000000004,1000,TRUE,TRUE,FALSE,FALSE
Subarea3,72,23.057999560546886,6,4,23.07000000000001,1000,TRUE,TRUE,FALSE,FALSE
Subarea3,73,25.37000009765626,6,5,25.370000000000008,1000,TRUE,TRUE,FALSE,FALSE
Subarea3,74,4.689999902343752,1,4,4.690000000000002,1000,TRUE,TRUE,FALSE,FALSE
Subarea3,75,2.1900001464843766,1,2,2.1900000000000013,1000,TRUE,TRUE,FALSE,FALSE
Subarea3,76,10.279000830078129,2,5,11.900000000000004,1000,TRUE,TRUE,FALSE,FALSE
Subarea3,77,13.368419091796879,3,5,16.390000000000004,1000,TRUE,TRUE,FALSE,FALSE
Subarea3,78,3.569999951171878,1,1,3.570000000000003,1000,TRUE,TRUE,FALSE,FALSE
Subarea3,79,2.779800341796877,1,1,2.9600000000000017,1000,TRUE,TRUE,FALSE,FALSE
Subarea3,80,6.429999951171878,1,3,6.430000000000002,1000,TRUE,TRUE,FALSE,FALSE
Subarea3,81,5.514197265625001,1,2,10.56,1000,TRUE,TRUE,FALSE,FALSE
Subarea3,82,2.4699999511718764,1,4,2.4700000000000015,1000,TRUE,TRUE,FALSE,FALSE
Subarea3,83,10.100000488281252,1,2,10.100000000000001,1000,TRUE,TRUE,FALSE,FALSE
Subarea3,84,8.590000048828129,2,2,8.590000000000005,1000,TRUE,TRUE,FALSE,FALSE
Subarea3,85,19.559597314453132,2,12,20.240000000000006,1000,TRUE,TRUE,FALSE,FALSE
Subarea3,86,11.560000146484377,1,5,11.560000000000002,1000,TRUE,TRUE,FALSE,FALSE
Subarea3,87,30.983387377929702,10,16,32.680000000000014,1000,TRUE,TRUE,FALSE,FALSE
Subarea3,88,10.828602587890625,1,2,10.89,1000,TRUE,TRUE,FALSE,FALSE
Subarea3,89,8.887602636718754,2,2,9.090000000000003,1000,TRUE,TRUE,FALSE,FALSE
Subarea3,90,98.34222707519535,22,15,103.33000000000004,1000,TRUE,TRUE,FALSE,FALSE
Subarea3,91,1.930000000000001,1,3,1.930000000000001,1000,TRUE,TRUE,FALSE,FALSE
Subarea3,92,96.65999931640631,27,49,96.66000000000007,1000,TRUE,TRUE,FALSE,FALSE
Subarea3,93,1.203599902343751,1,1,4.300000000000001,1000,TRUE,TRUE,FALSE,FALSE
Subarea3,94,98.18035129394538,28,21,104.03000000000006,1000,TRUE,TRUE,FALSE,FALSE
Subarea3,95,230.92999995117202,61,85,230.93000000000015,1000,TRUE,TRUE,FALSE,FALSE
Subarea3,96,2.3859985351562516,1,1,2.5300000000000016,1000,TRUE,TRUE,FALSE,FALSE
Subarea3,97,2.420000097656251,1,5,2.4200000000000013,1000,TRUE,TRUE,FALSE,FALSE
Subarea3,98,4.000000097656253,2,1,4.000000000000003,1000,TRUE,TRUE,FALSE,FALSE
Subarea3,99,4.220000000000003,2,0,4.220000000000003,1000,FALSE,TRUE,FALSE,FALSE
Subarea3,100,5.919999902343754,2,1,5.920000000000004,1000,TRUE,TRUE,FALSE,FALSE
Subarea3,101,4.1199999023437535,1,4,4.120000000000004,1000,TRUE,TRUE,FALSE,FALSE
Subarea3,102,9.612194042968754,2,1,10.530000000000005,1000,TRUE,TRUE,FALSE,FALSE
Subarea3,103,28.179999902343773,9,3,28.18000000000002,1000,TRUE,TRUE,FALSE,FALSE
Subarea3,104,211.80365603027354,56,34,250.96000000000012,1000,TRUE,TRUE,FALSE,FALSE
Subarea3,105,2.6077993164062514,1,1,5.190000000000001,1000,TRUE,TRUE,FALSE,FALSE
Subarea3,106,450.21467309570335,112,104,483.4600000000002,1000,TRUE,TRUE,FALSE,FALSE
Subarea3,107,12.142603173828132,4,7,16.450000000000006,1000,TRUE,TRUE,FALSE,FALSE
Subarea3,108,4.091598779296876,1,1,4.370000000000001,1000,TRUE,TRUE,FALSE,FALSE
Subarea3,111,189.4878846435548,48,40,204.6300000000001,1000,TRUE,TRUE,FALSE,FALSE
Subarea3,115,1.477422778320313,23,47,81.63000000000005,1000,TRUE,TRUE,FALSE,FALSE
Subarea4,1,163.1800000976564,47,1,163.18000000000015,1000,TRUE,TRUE,FALSE,FALSE
Subarea4,2,602.7143958251957,144,23,609.4600000000004,1000,TRUE,TRUE,FALSE,FALSE
Subarea4,3,107.63000009765634,38,5,107.6300000000001,1000,TRUE,TRUE,FALSE,FALSE
Subarea4,4,1.169202001953126,1,5,1.590000000000001,1000,TRUE,TRUE,FALSE,FALSE
Subarea4,5,484.17580488281277,119,65,486.8200000000003,1000,TRUE,TRUE,FALSE,FALSE
Subarea4,6,4.5299998046875025,2,1,4.530000000000003,1000,TRUE,TRUE,FALSE,FALSE
Subarea4,7,1.5600000000000014,1,0,1.5600000000000014,1000,FALSE,TRUE,FALSE,FALSE
Subarea4,8,47.488191210937536,14,14,49.74000000000004,1000,TRUE,TRUE,FALSE,FALSE
Subarea4,9,309.4599997558595,51,13,309.46000000000015,1000,TRUE,TRUE,FALSE,FALSE
Subarea4,10,7.730000000000006,2,1,7.730000000000006,1000,TRUE,TRUE,FALSE,FALSE
Subarea4,11,467.89999990234406,130,10,467.9000000000003,1000,TRUE,TRUE,FALSE,FALSE
Subarea4,12,7.3300000000000045,2,3,7.3300000000000045,1000,TRUE,TRUE,FALSE,FALSE
Subarea4,13,117.39000024414072,34,2,117.3900000000001,1000,TRUE,TRUE,FALSE,FALSE
Subarea4,14,48.70359912109379,16,3,51.24000000000004,1000,TRUE,TRUE,FALSE,FALSE
Subarea4,15,1.170000000000001,1,0,1.170000000000001,1000,FALSE,TRUE,FALSE,FALSE
Subarea4,16,5.336796923828126,1,2,5.850000000000001,1000,TRUE,TRUE,FALSE,FALSE
Subarea4,17,324.4331878906252,90,15,340.56000000000023,1000,TRUE,TRUE,FALSE,FALSE
Subarea4,18,369.5900005371097,107,4,369.59000000000026,1000,TRUE,TRUE,FALSE,FALSE
Subarea4,19,601.1800020019535,169,38,619.4500000000004,1000,TRUE,TRUE,FALSE,FALSE
Subarea4,20,155.63999995117197,38,12,155.6400000000001,1000,TRUE,TRUE,FALSE,FALSE
Subarea4,21,133.88043813476568,25,4,133.90000000000006,1000,TRUE,TRUE,FALSE,FALSE
Subarea4,22,30.889999804687513,6,7,30.89000000000001,1000,TRUE,TRUE,FALSE,FALSE
Subarea4,23,51.02000009765629,18,1,51.020000000000046,1000,TRUE,TRUE,FALSE,FALSE
Subarea4,24,3.0400000000000027,2,0,3.0400000000000027,1000,FALSE,TRUE,FALSE,FALSE
Subarea4,25,21.500000000000018,9,0,21.500000000000018,1000,FALSE,TRUE,FALSE,FALSE
Subarea4,26,128.59560405273444,29,7,130.00000000000006,1000,TRUE,TRUE,FALSE,FALSE
Subarea4,27,4.609999853515626,1,1,4.610000000000001,1000,TRUE,TRUE,FALSE,FALSE
Subarea4,29,8.339999853515629,1,1,8.340000000000003,1000,TRUE,TRUE,FALSE,FALSE
Subarea4,30,39.429999902343766,7,1,39.430000000000014,1000,TRUE,TRUE,FALSE,FALSE
Subarea4,31,18.14960063476564,8,1,18.320000000000014,1000,TRUE,TRUE,FALSE,FALSE
Subarea4,32,7.7000000000000055,2,1,7.7000000000000055,1000,TRUE,TRUE,FALSE,FALSE
Subarea4,33,14.160000048828135,3,2,14.160000000000009,1000,TRUE,TRUE,FALSE,FALSE
