stage,kind,key,path,bytes
01_climate_Denmark_crop,raster,95fd5a897990ab7e,/home/au687614/Documents/BiodiversitySignatureProjects/Intermediates/gudenaa_scenarios/01_climate_Denmark_crop/95fd5a897990ab7e/01_climate_Denmark_crop_14cb66017400.tif,41609962
02_landuse_Denmark_CHELSA_grid,raster,7f305b99c89a0582,/home/au687614/Documents/BiodiversitySignatureProjects/Intermediates/gudenaa_scenarios/02_landuse_Denmark_CHELSA_grid/7f305b99c89a0582/02_landuse_Denmark_CHELSA_grid_14cb61e949848.tif,812255
03_training_domain,raster,93814e54317d6ead,/home/au687614/Documents/BiodiversitySignatureProjects/Intermediates/gudenaa_scenarios/03_training_domain/93814e54317d6ead/03_training_domain_14cb67bcd321a.tif,147518
04_training_landuse,raster,4f33c1e6d5d085ef,/home/au687614/Documents/BiodiversitySignatureProjects/Intermediates/gudenaa_scenarios/04_training_landuse/4f33c1e6d5d085ef/04_training_landuse_14cb64c0ce592.tif,800507
05_training_climate,raster,af7121434dca5660,/home/au687614/Documents/BiodiversitySignatureProjects/Intermediates/gudenaa_scenarios/05_training_climate/af7121434dca5660/05_training_climate_14cb66ec11035.tif,41153163
06_training_audit,rds,ea0fba271ab0f3a0,/home/au687614/Documents/BiodiversitySignatureProjects/Intermediates/gudenaa_scenarios/06_training_audit/ea0fba271ab0f3a0/06_training_audit_14cb62fbfd5f7.rds,319
07_local_landuse,raster,1cd5cf3effa17bdf,/home/au687614/Documents/BiodiversitySignatureProjects/Intermediates/gudenaa_scenarios/07_local_landuse/1cd5cf3effa17bdf/07_local_landuse_14cb6419843d7.tif,5334361
08_climate_local_projected,raster,dc6931d3a71750f7,/home/au687614/Documents/BiodiversitySignatureProjects/Intermediates/gudenaa_scenarios/08_climate_local_projected/dc6931d3a71750f7/08_climate_local_projected_14cb647cefb09.tif,871612008
09_climate_local_masked,raster,579f0001e6785ee0,/home/au687614/Documents/BiodiversitySignatureProjects/Intermediates/gudenaa_scenarios/09_climate_local_masked/579f0001e6785ee0/09_climate_local_masked_14cb68ff3386.tif,856114462
10_local_prediction_domain,raster,8de08d2b9d0c6e25,/home/au687614/Documents/BiodiversitySignatureProjects/Intermediates/gudenaa_scenarios/10_local_prediction_domain/8de08d2b9d0c6e25/10_local_prediction_domain_14cb62133ebbf.tif,540190
11_local_audit,rds,047cb24a76f96337,/home/au687614/Documents/BiodiversitySignatureProjects/Intermediates/gudenaa_scenarios/11_local_audit/047cb24a76f96337/11_local_audit_14cb6476f6aa3.rds,196
12_convertible_mask,raster,4331ba0fda94243c,/home/au687614/Documents/BiodiversitySignatureProjects/Intermediates/gudenaa_scenarios/12_convertible_mask/4331ba0fda94243c/12_convertible_mask_14cb6641a92b2.tif,3931984
13_local_cell_area,raster,648d690a95f24dd2,/home/au687614/Documents/BiodiversitySignatureProjects/Intermediates/gudenaa_scenarios/13_local_cell_area/648d690a95f24dd2/13_local_cell_area_14cb679d44352.tif,5745390
14_conversion_audit,rds,50a731d7a5d62792,/home/au687614/Documents/BiodiversitySignatureProjects/Intermediates/gudenaa_scenarios/14_conversion_audit/50a731d7a5d62792/14_conversion_audit_14cb63ac0d781.rds,165
15_all_to_forest_dry_poor,raster,fd22368dda889b57,/home/au687614/Documents/BiodiversitySignatureProjects/Intermediates/gudenaa_scenarios/15_all_to_forest_dry_poor/fd22368dda889b57/15_all_to_forest_dry_poor_14cb66eb80331.tif,4936037
15_all_to_forest_dry_rich,raster,c66cb0d71b43fdd5,/home/au687614/Documents/BiodiversitySignatureProjects/Intermediates/gudenaa_scenarios/15_all_to_forest_dry_rich/c66cb0d71b43fdd5/15_all_to_forest_dry_rich_14cb67327be69.tif,4954763
15_all_to_forest_wet_poor,raster,fd003b94a7ab1510,/home/au687614/Documents/BiodiversitySignatureProjects/Intermediates/gudenaa_scenarios/15_all_to_forest_wet_poor/fd003b94a7ab1510/15_all_to_forest_wet_poor_14cb6412ce8ec.tif,4952171
15_all_to_forest_wet_rich,raster,2c3b1b53ad626060,/home/au687614/Documents/BiodiversitySignatureProjects/Intermediates/gudenaa_scenarios/15_all_to_forest_wet_rich/2c3b1b53ad626060/15_all_to_forest_wet_rich_14cb673d1cf03.tif,4949821
15_all_to_open_dry_poor,raster,84fe5645699fbb5d,/home/au687614/Documents/BiodiversitySignatureProjects/Intermediates/gudenaa_scenarios/15_all_to_open_dry_poor/84fe5645699fbb5d/15_all_to_open_dry_poor_14cb652552340.tif,4826569
15_all_to_open_dry_rich,raster,40ed9a010320db84,/home/au687614/Documents/BiodiversitySignatureProjects/Intermediates/gudenaa_scenarios/15_all_to_open_dry_rich/40ed9a010320db84/15_all_to_open_dry_rich_14cb6283991dd.tif,4935065
15_all_to_open_wet_poor,raster,b8486a250adb9923,/home/au687614/Documents/BiodiversitySignatureProjects/Intermediates/gudenaa_scenarios/15_all_to_open_wet_poor/b8486a250adb9923/15_all_to_open_wet_poor_14cb638ec43ae.tif,4947381
15_all_to_open_wet_rich,raster,6b506c0d23d07301,/home/au687614/Documents/BiodiversitySignatureProjects/Intermediates/gudenaa_scenarios/15_all_to_open_wet_rich/6b506c0d23d07301/15_all_to_open_wet_rich_14cb652c8caeb.tif,4647207
16_audit_all_to_forest_dry_poor,rds,a4a848fe9b5c4f51,/home/au687614/Documents/BiodiversitySignatureProjects/Intermediates/gudenaa_scenarios/16_audit_all_to_forest_dry_poor/a4a848fe9b5c4f51/16_audit_all_to_forest_dry_poor_14cb625640b68.rds,340
16_audit_all_to_forest_dry_rich,rds,b17ede39dd8d2973,/home/au687614/Documents/BiodiversitySignatureProjects/Intermediates/gudenaa_scenarios/16_audit_all_to_forest_dry_rich/b17ede39dd8d2973/16_audit_all_to_forest_dry_rich_14cb69a9e72e.rds,341
16_audit_all_to_forest_wet_poor,rds,6e89594117f73a8c,/home/au687614/Documents/BiodiversitySignatureProjects/Intermediates/gudenaa_scenarios/16_audit_all_to_forest_wet_poor/6e89594117f73a8c/16_audit_all_to_forest_wet_poor_14cb6589ec8f9.rds,339
16_audit_all_to_forest_wet_rich,rds,22ecb8932e88d0de,/home/au687614/Documents/BiodiversitySignatureProjects/Intermediates/gudenaa_scenarios/16_audit_all_to_forest_wet_rich/22ecb8932e88d0de/16_audit_all_to_forest_wet_rich_14cb66166c89b.rds,339
16_audit_all_to_open_dry_poor,rds,4fce97730cd2f7d1,/home/au687614/Documents/BiodiversitySignatureProjects/Intermediates/gudenaa_scenarios/16_audit_all_to_open_dry_poor/4fce97730cd2f7d1/16_audit_all_to_open_dry_poor_14cb66a7b6c62.rds,340
16_audit_all_to_open_dry_rich,rds,d36a534f6df7e7f0,/home/au687614/Documents/BiodiversitySignatureProjects/Intermediates/gudenaa_scenarios/16_audit_all_to_open_dry_rich/d36a534f6df7e7f0/16_audit_all_to_open_dry_rich_14cb638260e73.rds,341
16_audit_all_to_open_wet_poor,rds,304460ed90c5ac6d,/home/au687614/Documents/BiodiversitySignatureProjects/Intermediates/gudenaa_scenarios/16_audit_all_to_open_wet_poor/304460ed90c5ac6d/16_audit_all_to_open_wet_poor_14cb640e311d9.rds,339
16_audit_all_to_open_wet_rich,rds,e2141d859dfdf98f,/home/au687614/Documents/BiodiversitySignatureProjects/Intermediates/gudenaa_scenarios/16_audit_all_to_open_wet_rich/e2141d859dfdf98f/16_audit_all_to_open_wet_rich_14cb66234ed96.rds,340
