network_name,coarse_cell_id
Global,83542
Global,83543
Global,83841
Global,83842
Global,83843
Global,84136
Global,84138
Global,84430
Global,84431
Global,84432
Global,84433
Global,84443
Global,84444
Global,84445
Global,84446
Global,84448
Global,84449
Global,84450
Global,84731
Global,84734
Global,84736
Global,84737
Global,84738
Global,84739
Global,84740
Global,84741
Global,84742
Global,84743
Global,84744
Global,84745
Global,85022
Global,85024
Global,85025
Global,85026
Global,85027
Global,85028
Global,85029
Global,85037
Global,85038
Global,85039
Global,85040
Global,85041
Global,85318
Global,85319
Global,85323
Global,85330
Global,85331
Global,85332
Global,85333
Global,85334
Global,85337
Global,85616
Global,85617
Global,85618
Global,85619
Global,85620
Global,85621
Global,85629
Global,85631
Global,85632
Global,85633
Global,85909
Global,85912
Global,85913
Global,85914
Global,85915
Global,85916
Global,85917
Global,85918
Global,85927
Global,85928
Global,85929
Global,85930
Global,85931
Global,86208
Global,86209
Global,86210
Global,86212
Global,86213
Global,86214
Global,86221
Global,86222
Global,86225
Global,86227
Global,86228
Global,86229
Global,86242
Global,86503
Global,86504
Global,86505
Global,86506
Global,86508
Global,86509
Global,86510
Global,86511
Global,86516
Global,86517
Global,86522
Global,86523
Global,86524
Global,86525
Global,86536
Global,86537
Global,86805
Global,86806
Global,86807
Global,86808
Global,86819
Global,86820
Global,86821
Global,86822
Global,86823
Global,86830
Global,86835
Global,87104
Global,87113
Global,87114
Global,87116
Global,87117
Global,87118
Global,87119
Global,87123
Global,87124
Global,87125
Global,87127
Global,87130
Global,87131
Global,87132
Global,87408
Global,87409
Global,87411
Global,87412
Global,87413
Global,87414
Global,87415
Global,87416
Global,87417
Global,87418
Global,87419
Global,87420
Global,87421
Global,87423
Global,87424
Global,87425
Global,87427
Global,87428
Global,87705
Global,87707
Global,87711
Global,87712
Global,87713
Global,87714
Global,87715
Global,87716
Global,87717
Global,87718
Global,87719
Global,87720
Global,87722
Global,87723
Global,88003
Global,88008
Global,88009
Global,88010
Global,88011
Global,88012
Global,88013
Global,88014
Global,88015
Global,88018
Global,88304
Global,88305
Global,88306
Global,88307
Global,88308
Global,88309
Global,88310
Global,88600
Global,88601
Global,88602
Global,88603
Global,88604
Global,88605
Global,88606
Global,88895
Global,88896
Global,88897
Global,88898
Global,88899
Global,88900
Global,88901
Global,89191
Global,89192
Global,89194
Global,89195
Global,89196
Global,89486
Global,89487
Global,89489
Global,89490
Global,89491
Global,89782
Global,89783
Global,89784
Global,89785
Global,89786
Global,89787
Global,90077
Global,90078
Global,90079
Global,90080
Global,90081
Global,90082
Global,90372
Global,90373
Global,90374
Global,90375
Global,90376
Global,90377
Global,90378
Global,90379
Global,90380
Global,90382
Global,90383
Global,90384
Global,90385
Global,90386
Global,90667
Global,90668
Global,90669
Global,90670
Global,90671
Global,90672
Global,90673
Global,90674
Global,90675
Global,90676
Global,90677
Global,90678
Global,90679
Global,90680
Global,90681
Global,90682
Global,90974
Global,90975
Global,90976
Global,90977
Global,91270
Global,91271
Global,91272
Global,91566
Global,91567
Global,91861
Global,91862
Global,92156
Global,92157
Global,92451
Global,92452
Global,92747
Global,93042
Global,93043
Global,93044
Global,93045
Global,93046
Global,93053
Global,93338
Global,93339
Global,93343
Global,93348
Global,93636
Global,93637
Global,93638
Global,93639
Global,93640
Global,93931
Global,93933
Global,93934
Global,93935
Global,93936
Global,94226
Global,94231
Global,94232
Global,94508
Global,94521
Global,94797
Global,94798
Global,95093
Global,95094
Global,95095
Global,95096
Global,95111
Global,95406
Global,95678
Global,95701
Global,95973
Global,95995
Global,96268
Global,96289
Global,96290
Global,96582
Global,96583
Global,96584
Global,97739
Global,98031
Global,98326
Global,99209
Global,99504
Global,99799
Global,100092
Global,100682
Global,101865
Global,102753
Global,103048
Global,103049
Global,103050
Global,105412
Global,106593
Global,107478
Global,108954
Global,108955
Global,108956
Global,109248
Global,109249
Global,109543
Global,109838
Global,110133
Global,110428
Global,110723
Global,111018
Global,111313
Global,111594
Global,111607
Global,111608
Global,111889
Global,111900
Global,112183
Global,112184
Global,112193
Global,112194
Global,112195
Global,112478
Global,112479
Global,112488
Global,112772
Global,112773
Global,112774
Global,113067
Global,113068
Global,113069
Global,113361
Global,113362
Global,113363
Global,113364
Global,113651
Global,113655
Global,113656
Global,113657
Global,113658
Global,113659
Global,113660
Global,113946
Global,113947
Global,113948
Global,113950
Global,113951
Global,113952
Global,113953
Global,113954
Global,113955
Global,114240
Global,114241
Global,114242
Global,114243
Global,114244
Global,114245
Global,114246
Global,114247
Global,114248
Global,114249
Global,114250
Global,114538
Global,114539
Global,114540
Global,114541
Global,114543
Global,114544
Global,114545
Global,114838
Global,114839
Global,114840
Global,114841
Global,114842
Global,114843
Global,115132
Global,115133
Global,115134
Global,115135
Global,115423
Global,115424
Global,115425
Global,115426
Global,115427
Global,115428
Global,115429
Global,115430
Global,115712
Global,115716
Global,115717
Global,115718
Global,115719
Global,115720
Global,115721
Global,115722
Global,115723
Global,115724
Global,116006
Global,116007
Global,116008
Global,116013
Global,116014
Global,116016
Global,116017
Global,116018
Global,116019
Global,116020
Global,116301
Global,116302
Global,116303
Global,116306
Global,116307
Global,116308
Global,116309
Global,116311
Global,116312
Global,116313
Global,116314
Global,116596
Global,116598
Global,116599
Global,116600
Global,116601
Global,116602
Global,116603
Global,116604
Global,116605
Global,116607
Global,116891
Global,116892
Global,116893
Global,116894
Global,116895
Global,116896
Global,116897
Global,116898
Global,116899
Global,116900
Global,116902
Global,117184
Global,117185
Global,117186
Global,117187
Global,117189
Global,117190
Global,117191
Global,117192
Global,117193
Global,117194
Global,117195
Global,117197
Global,117479
Global,117480
Global,117481
Global,117482
Global,117483
Global,117484
Global,117485
Global,117486
Global,117487
Global,117488
Global,117489
Global,117491
Global,117777
Global,117778
Global,117779
Global,117780
Global,117781
Global,117782
Global,117783
Global,117784
Global,117785
Global,118072
Global,118073
Global,118074
Global,118075
Global,118076
Global,118077
Global,118078
Global,118079
Global,118080
Global,118366
Global,118367
Global,118368
Global,118369
Global,118370
Global,118371
Global,118372
Global,118373
Global,118374
Global,118375
Global,118660
Global,118661
Global,118662
Global,118663
Global,118664
Global,118665
Global,118666
Global,118667
Global,118668
Global,118669
Global,118670
Global,118671
Global,118672
Global,118951
Global,118953
Global,118954
Global,118955
Global,118956
Global,118957
Global,118958
Global,118959
Global,118962
Global,118965
Global,118966
Global,118967
Global,118968
Global,118969
Global,118970
Global,118971
Global,118972
Global,119246
Global,119247
Global,119248
Global,119249
Global,119250
Global,119251
Global,119252
Global,119253
Global,119254
Global,119256
Global,119263
Global,119264
Global,119265
Global,119266
Global,119267
Global,119541
Global,119542
Global,119543
Global,119544
Global,119545
Global,119546
Global,119547
Global,119548
Global,119550
Global,119837
Global,119838
Global,119839
Global,119840
Global,119841
Global,119842
Global,119843
Global,119844
Global,120131
Global,120132
Global,120133
Global,120134
Global,120135
Global,120136
Global,120137
Global,120138
Global,120139
Global,120428
Global,120429
Global,120430
Global,120431
Global,120432
Global,120433
Global,120434
Global,120725
Global,120726
Global,120727
Global,120728
Global,120729
Global,120959
Global,121020
Global,121021
Global,121023
Global,121024
Global,121025
Global,121254
Global,121255
Global,121315
Global,121316
Global,121317
Global,121318
Global,121319
Global,121320
Global,121550
Global,121610
Global,121611
Global,121612
Global,121613
Global,121843
Global,121904
Global,121905
Global,121906
Global,122199
Global,122200
Global,122202
Global,122427
Global,122428
Global,122429
Global,122430
Global,122431
Global,122434
Global,122436
Global,122491
Global,122492
Global,122493
Global,122494
Global,122495
Global,122496
Global,122726
Global,122727
Global,122728
Global,122729
Global,122731
Global,122732
Global,122774
Global,122775
Global,122784
Global,122785
Global,122786
Global,122787
Global,122788
Global,122789
Global,122790
Global,123021
Global,123022
Global,123023
Global,123024
Global,123025
Global,123026
Global,123030
Global,123070
Global,123077
Global,123078
Global,123079
Global,123080
Global,123081
Global,123082
Global,123083
Global,123084
Global,123315
Global,123316
Global,123317
Global,123318
Global,123319
Global,123320
Global,123325
Global,123326
Global,123327
Global,123365
Global,123369
Global,123370
Global,123371
Global,123372
Global,123373
Global,123374
Global,123375
Global,123376
Global,123377
Global,123613
Global,123614
Global,123615
Global,123618
Global,123619
Global,123620
Global,123621
Global,123622
Global,123627
Global,123628
Global,123658
Global,123660
Global,123665
Global,123666
Global,123667
Global,123668
Global,123669
Global,123670
Global,123908
Global,123909
Global,123910
Global,123911
Global,123912
Global,123913
Global,123914
Global,123915
Global,123917
Global,123921
Global,123922
Global,123923
Global,123952
Global,123953
Global,123954
Global,123955
Global,123960
Global,123961
Global,123962
Global,123963
Global,123965
Global,124205
Global,124206
Global,124207
Global,124208
Global,124209
Global,124210
Global,124211
Global,124213
Global,124214
Global,124216
Global,124217
Global,124218
Global,124220
Global,124246
Global,124247
Global,124249
Global,124250
Global,124251
Global,124255
Global,124256
Global,124258
Global,124259
Global,124504
Global,124505
Global,124506
Global,124508
Global,124509
Global,124510
Global,124511
Global,124512
Global,124513
Global,124514
Global,124515
Global,124542
Global,124543
Global,124544
Global,124545
Global,124546
Global,124547
Global,124548
Global,124550
Global,124551
Global,124552
Global,124798
Global,124799
Global,124800
Global,124801
Global,124802
Global,124804
Global,124805
Global,124806
Global,124807
Global,124808
Global,124809
Global,124810
Global,124836
Global,124837
Global,124838
Global,124839
Global,124840
Global,124841
Global,124842
Global,124843
Global,124844
Global,125094
Global,125095
Global,125096
Global,125097
Global,125098
Global,125099
Global,125100
Global,125101
Global,125102
Global,125103
Global,125104
Global,125105
Global,125106
Global,125132
Global,125133
Global,125134
Global,125135
Global,125136
Global,125137
Global,125138
Global,125139
Global,125140
Global,125389
Global,125390
Global,125391
Global,125392
Global,125393
Global,125395
Global,125396
Global,125397
Global,125398
Global,125399
Global,125400
Global,125401
Global,125426
Global,125427
Global,125428
Global,125429
Global,125430
Global,125431
Global,125432
Global,125433
Global,125434
Global,125435
Global,125684
Global,125685
Global,125686
Global,125687
Global,125688
Global,125690
Global,125691
Global,125692
Global,125693
Global,125694
Global,125695
Global,125696
Global,125719
Global,125720
Global,125721
Global,125722
Global,125723
Global,125726
Global,125729
Global,125985
Global,125986
Global,125987
Global,125988
Global,125989
Global,125990
Global,125991
Global,126014
Global,126015
Global,126016
Global,126017
Global,126018
Global,126019
Global,126021
Global,126025
Global,126280
Global,126282
Global,126283
Global,126284
Global,126285
Global,126286
Global,126308
Global,126309
Global,126310
Global,126311
Global,126312
Global,126313
Global,126314
Global,126319
Global,126576
Global,126577
Global,126578
Global,126579
Global,126580
Global,126581
Global,126598
Global,126599
Global,126600
Global,126601
Global,126602
Global,126603
Global,126604
Global,126605
Global,126606
Global,126608
Global,126609
Global,126872
Global,126873
Global,126874
Global,126875
Global,126876
Global,126877
Global,126892
Global,126893
Global,126894
Global,126895
Global,126896
Global,126897
Global,126898
Global,126899
Global,127163
Global,127164
Global,127167
Global,127168
Global,127171
Global,127172
Global,127173
Global,127174
Global,127185
Global,127186
Global,127187
Global,127188
Global,127189
Global,127190
Global,127191
Global,127192
Global,127193
Global,127194
Global,127457
Global,127458
Global,127459
Global,127460
Global,127461
Global,127462
Global,127463
Global,127464
Global,127466
Global,127467
Global,127468
Global,127469
Global,127478
Global,127479
Global,127480
Global,127481
Global,127482
Global,127483
Global,127484
Global,127485
Global,127486
Global,127487
Global,127488
Global,127754
Global,127755
Global,127756
Global,127757
Global,127758
Global,127759
Global,127763
Global,127764
Global,127774
Global,127775
Global,127776
Global,127777
Global,127778
Global,127779
Global,127780
Global,127782
Global,128049
Global,128050
Global,128051
Global,128052
Global,128053
Global,128054
Global,128055
Global,128059
Global,128069
Global,128070
Global,128071
Global,128072
Global,128073
Global,128074
Global,128075
Global,128076
Global,128077
Global,128078
Global,128092
Global,128344
Global,128345
Global,128346
Global,128348
Global,128349
Global,128350
Global,128354
Global,128363
Global,128364
Global,128365
Global,128366
Global,128367
Global,128368
Global,128369
Global,128370
Global,128371
Global,128372
Global,128373
Global,128383
Global,128386
Global,128640
Global,128641
Global,128642
Global,128643
Global,128644
Global,128645
Global,128646
Global,128647
Global,128649
Global,128655
Global,128658
Global,128659
Global,128660
Global,128661
Global,128662
Global,128663
Global,128664
Global,128665
Global,128666
Global,128667
Global,128678
Global,128681
Global,128935
Global,128936
Global,128937
Global,128938
Global,128939
Global,128940
Global,128941
Global,128942
Global,128943
Global,128944
Global,128950
Global,128952
Global,128953
Global,128954
Global,128955
Global,128956
Global,128957
Global,128958
Global,128959
Global,128960
Global,128966
Global,128974
Global,128975
Global,129230
Global,129231
Global,129232
Global,129233
Global,129234
Global,129235
Global,129236
Global,129237
Global,129238
Global,129239
Global,129245
Global,129248
Global,129249
Global,129250
Global,129251
Global,129252
Global,129253
Global,129254
Global,129268
Global,129527
Global,129528
Global,129529
Global,129530
Global,129531
Global,129532
Global,129533
Global,129534
Global,129539
Global,129540
Global,129543
Global,129544
Global,129545
Global,129546
Global,129547
Global,129548
Global,129553
Global,129557
Global,129558
Global,129562
Global,129823
Global,129824
Global,129825
Global,129826
Global,129827
Global,129828
Global,129829
Global,129840
Global,129841
Global,129843
Global,129844
Global,129845
Global,129846
Global,129848
Global,129849
Global,129852
Global,129853
Global,129857
Global,130118
Global,130119
Global,130120
Global,130121
Global,130122
Global,130123
Global,130124
Global,130125
Global,130132
Global,130138
Global,130139
Global,130144
Global,130150
Global,130417
Global,130418
Global,130419
Global,130420
Global,130421
Global,130422
Global,130423
Global,130429
Global,130430
Global,130433
Global,130434
Global,130438
Global,130444
Global,130712
Global,130713
Global,130714
Global,130715
Global,130716
Global,130717
Global,130718
Global,130719
Global,130733
Global,130734
Global,130735
Global,130736
Global,130739
Global,131008
Global,131009
Global,131010
Global,131011
Global,131012
Global,131013
Global,131014
Global,131015
Global,131016
Global,131019
Global,131021
Global,131024
Global,131025
Global,131028
Global,131029
Global,131030
Global,131031
Global,131032
Global,131033
Global,131034
Global,131309
Global,131310
Global,131311
Global,131312
Global,131313
Global,131317
Global,131318
Global,131319
Global,131320
Global,131323
Global,131327
Global,131328
Global,131329
Global,131607
Global,131608
Global,131609
Global,131610
Global,131611
Global,131612
Global,131613
Global,131614
Global,131615
Global,131619
Global,131620
Global,131622
Global,131902
Global,131903
Global,131904
Global,132197
Global,132198
Global,132199
Global,132200
Global,132201
Global,132494
Global,132495
Subarea1,115721
Subarea1,115724
Subarea1,116018
Subarea1,116019
Subarea1,116020
Subarea1,116313
Subarea1,116314
Subarea1,116902
Subarea1,117197
Subarea1,117489
Subarea1,117784
Subarea1,117785
Subarea1,118077
Subarea1,118372
Subarea1,118664
Subarea1,118665
Subarea1,118666
Subarea1,118667
Subarea1,118958
Subarea1,118959
Subarea1,119254
Subarea1,119550
Subarea1,119843
Subarea1,119844
Subarea1,120138
Subarea1,120139
Subarea1,120434
Subarea1,120729
Subarea1,121023
Subarea1,121024
Subarea1,121025
Subarea1,121318
Subarea1,121319
Subarea1,121320
Subarea1,121613
Subarea1,123325
Subarea1,123326
Subarea1,123619
Subarea1,123620
Subarea1,123621
Subarea1,123622
Subarea1,123669
Subarea1,123917
Subarea1,124213
Subarea1,124509
Subarea1,124551
Subarea1,124804
Subarea1,124805
Subarea1,124844
Subarea1,125098
Subarea1,125099
Subarea1,125100
Subarea1,125101
Subarea1,125102
Subarea1,125139
Subarea1,125140
Subarea1,125396
Subarea1,125397
Subarea1,125428
Subarea1,125433
Subarea1,125434
Subarea1,125691
Subarea1,125692
Subarea1,125696
Subarea1,125722
Subarea1,125723
Subarea1,125726
Subarea1,125729
Subarea1,125985
Subarea1,125986
Subarea1,125987
Subarea1,125988
Subarea1,125989
Subarea1,125991
Subarea1,126015
Subarea1,126017
Subarea1,126018
Subarea1,126282
Subarea1,126283
Subarea1,126284
Subarea1,126285
Subarea1,126286
Subarea1,126310
Subarea1,126313
Subarea1,126314
Subarea1,126319
Subarea1,126576
Subarea1,126577
Subarea1,126578
Subarea1,126579
Subarea1,126580
Subarea1,126581
Subarea1,126605
Subarea1,126609
Subarea1,126872
Subarea1,126874
Subarea1,126875
Subarea1,126876
Subarea1,126877
Subarea1,126899
Subarea1,127171
Subarea1,127172
Subarea1,127467
Subarea1,127488
Subarea1,128092
Subarea1,128645
Subarea1,128646
Subarea1,128649
Subarea1,128940
Subarea1,128941
Subarea1,128942
Subarea1,128944
Subarea1,128966
Subarea1,128974
Subarea1,129238
Subarea1,129245
Subarea1,129532
Subarea1,129533
Subarea1,129544
Subarea1,129547
Subarea1,129548
Subarea1,129558
Subarea1,129826
Subarea1,129827
Subarea1,129828
Subarea1,129840
Subarea1,129841
Subarea1,129843
Subarea1,129844
Subarea1,129845
Subarea1,130122
Subarea1,130123
Subarea1,130124
Subarea1,130417
Subarea1,130418
Subarea1,130419
Subarea1,130433
Subarea1,130712
Subarea1,130713
Subarea1,130714
Subarea1,130716
Subarea1,130733
Subarea1,130734
Subarea1,131009
Subarea1,131010
Subarea1,131011
Subarea1,131012
Subarea1,131013
Subarea1,131014
Subarea1,131015
Subarea1,131016
Subarea1,131028
Subarea1,131033
Subarea1,131034
Subarea1,131310
Subarea1,131311
Subarea1,131312
Subarea1,131317
Subarea1,131320
Subarea1,131323
Subarea1,131328
Subarea1,131607
Subarea1,131608
Subarea1,131609
Subarea1,131610
Subarea1,131611
Subarea1,131615
Subarea1,131904
Subarea1,132198
Subarea2,83542
Subarea2,83543
Subarea2,83841
Subarea2,83842
Subarea2,83843
Subarea2,84136
Subarea2,84138
Subarea2,84430
Subarea2,84431
Subarea2,84432
Subarea2,84433
Subarea2,84443
Subarea2,84444
Subarea2,84445
Subarea2,84446
Subarea2,84448
Subarea2,84449
Subarea2,84450
Subarea2,84731
Subarea2,84734
Subarea2,84736
Subarea2,84737
Subarea2,84738
Subarea2,84739
Subarea2,84740
Subarea2,84741
Subarea2,84742
Subarea2,84743
Subarea2,84744
Subarea2,84745
Subarea2,85022
Subarea2,85024
Subarea2,85025
Subarea2,85026
Subarea2,85027
Subarea2,85028
Subarea2,85029
Subarea2,85037
Subarea2,85038
Subarea2,85039
Subarea2,85040
Subarea2,85041
Subarea2,85318
Subarea2,85319
Subarea2,85323
Subarea2,85330
Subarea2,85331
Subarea2,85332
Subarea2,85333
Subarea2,85334
Subarea2,85337
Subarea2,85616
Subarea2,85617
Subarea2,85618
Subarea2,85619
Subarea2,85620
Subarea2,85621
Subarea2,85629
Subarea2,85631
Subarea2,85632
Subarea2,85633
Subarea2,85909
Subarea2,85912
Subarea2,85913
Subarea2,85914
Subarea2,85915
Subarea2,85916
Subarea2,85917
Subarea2,85918
Subarea2,85927
Subarea2,85928
Subarea2,85929
Subarea2,85930
Subarea2,85931
Subarea2,86208
Subarea2,86209
Subarea2,86210
Subarea2,86212
Subarea2,86213
Subarea2,86214
Subarea2,86221
Subarea2,86222
Subarea2,86225
Subarea2,86227
Subarea2,86228
Subarea2,86229
Subarea2,86242
Subarea2,86503
Subarea2,86504
Subarea2,86505
Subarea2,86506
Subarea2,86508
Subarea2,86509
Subarea2,86510
Subarea2,86511
Subarea2,86516
Subarea2,86517
Subarea2,86522
Subarea2,86523
Subarea2,86524
Subarea2,86525
Subarea2,86536
Subarea2,86537
Subarea2,86805
Subarea2,86806
Subarea2,86807
Subarea2,86808
Subarea2,86819
Subarea2,86820
Subarea2,86821
Subarea2,86822
Subarea2,86823
Subarea2,86830
Subarea2,86835
Subarea2,87104
Subarea2,87113
Subarea2,87114
Subarea2,87116
Subarea2,87117
Subarea2,87118
Subarea2,87119
Subarea2,87123
Subarea2,87124
Subarea2,87125
Subarea2,87127
Subarea2,87130
Subarea2,87131
Subarea2,87132
Subarea2,87408
Subarea2,87409
Subarea2,87411
Subarea2,87412
Subarea2,87413
Subarea2,87414
Subarea2,87415
Subarea2,87416
Subarea2,87417
Subarea2,87418
Subarea2,87419
Subarea2,87420
Subarea2,87421
Subarea2,87423
Subarea2,87424
Subarea2,87425
Subarea2,87427
Subarea2,87428
Subarea2,87705
Subarea2,87707
Subarea2,87711
Subarea2,87712
Subarea2,87713
Subarea2,87714
Subarea2,87715
Subarea2,87716
Subarea2,87717
Subarea2,87718
Subarea2,87719
Subarea2,87720
Subarea2,87722
Subarea2,87723
Subarea2,88003
Subarea2,88008
Subarea2,88009
Subarea2,88010
Subarea2,88011
Subarea2,88012
Subarea2,88013
Subarea2,88014
Subarea2,88015
Subarea2,88018
Subarea2,88304
Subarea2,88305
Subarea2,88306
Subarea2,88307
Subarea2,88308
Subarea2,88309
Subarea2,88310
Subarea2,88600
Subarea2,88601
Subarea2,88602
Subarea2,88603
Subarea2,88604
Subarea2,88605
Subarea2,88606
Subarea2,88895
Subarea2,88896
Subarea2,88897
Subarea2,88898
Subarea2,88899
Subarea2,88900
Subarea2,88901
Subarea2,89191
Subarea2,89192
Subarea2,89194
Subarea2,89195
Subarea2,89196
Subarea2,89486
Subarea2,89487
Subarea2,89489
Subarea2,89490
Subarea2,89491
Subarea2,89782
Subarea2,89783
Subarea2,89784
Subarea2,89785
Subarea2,89786
Subarea2,89787
Subarea2,90077
Subarea2,90078
Subarea2,90079
Subarea2,90080
Subarea2,90081
Subarea2,90082
Subarea2,90372
Subarea2,90373
Subarea2,90374
Subarea2,90375
Subarea2,90376
Subarea2,90377
Subarea2,90378
Subarea2,90379
Subarea2,90380
Subarea2,90382
Subarea2,90383
Subarea2,90384
Subarea2,90385
Subarea2,90386
Subarea2,90667
Subarea2,90668
Subarea2,90669
Subarea2,90670
Subarea2,90671
Subarea2,90672
Subarea2,90673
Subarea2,90674
Subarea2,90675
Subarea2,90676
Subarea2,90677
Subarea2,90678
Subarea2,90679
Subarea2,90680
Subarea2,90681
Subarea2,90682
Subarea2,90974
Subarea2,90975
Subarea2,90976
Subarea2,90977
Subarea2,91270
Subarea2,91271
Subarea2,91272
Subarea2,91566
Subarea2,91567
Subarea2,91861
Subarea2,91862
Subarea2,92156
Subarea2,92157
Subarea2,92451
Subarea2,92452
Subarea2,92747
Subarea2,93042
Subarea2,93043
Subarea2,93044
Subarea2,93045
Subarea2,93046
Subarea2,93053
Subarea2,93338
Subarea2,93339
Subarea2,93343
Subarea2,93348
Subarea2,93636
Subarea2,93637
Subarea2,93638
Subarea2,93639
Subarea2,93640
Subarea2,93933
Subarea2,93934
Subarea2,93935
Subarea2,93936
Subarea2,94231
Subarea2,94232
Subarea3,29390
Subarea3,29393
Subarea3,29394
Subarea3,29685
Subarea3,29688
Subarea3,29689
Subarea3,29690
Subarea3,29691
Subarea3,29981
Subarea3,29982
Subarea3,30271
Subarea3,30272
Subarea3,30273
Subarea3,30274
Subarea3,30276
Subarea3,30566
Subarea3,30568
Subarea3,30569
Subarea3,30859
Subarea3,30860
Subarea3,30861
Subarea3,30863
Subarea3,31156
Subarea3,31158
Subarea3,31160
Subarea3,31165
Subarea3,31166
Subarea3,31450
Subarea3,31451
Subarea3,31452
Subarea3,31453
Subarea3,31454
Subarea3,31455
Subarea3,31456
Subarea3,31746
Subarea3,31747
Subarea3,31748
Subarea3,31749
Subarea3,31750
Subarea3,31751
Subarea3,32042
Subarea3,32044
Subarea3,32045
Subarea3,32046
Subarea3,32048
Subarea3,32333
Subarea3,32338
Subarea3,32340
Subarea3,32341
Subarea3,32342
Subarea3,32629
Subarea3,32633
Subarea3,32634
Subarea3,32635
Subarea3,32636
Subarea3,32927
Subarea3,32928
Subarea3,32929
Subarea3,32930
Subarea3,32931
Subarea3,32932
Subarea3,33218
Subarea3,33219
Subarea3,33222
Subarea3,33223
Subarea3,33224
Subarea3,33512
Subarea3,33513
Subarea3,33514
Subarea3,33516
Subarea3,33517
Subarea3,33518
Subarea3,33521
Subarea3,33809
Subarea3,33810
Subarea3,33811
Subarea3,33812
Subarea3,33813
Subarea3,33815
Subarea3,34104
Subarea3,34105
Subarea3,34107
Subarea3,34108
Subarea3,34402
Subarea3,34403
Subarea3,34985
Subarea3,34991
Subarea3,35280
Subarea3,35286
Subarea3,35574
Subarea3,35575
Subarea3,35582
Subarea3,35856
Subarea3,35867
Subarea3,35868
Subarea3,35869
Subarea3,35874
Subarea3,35876
Subarea3,35877
Subarea3,35878
Subarea3,36151
Subarea3,36163
Subarea3,36164
Subarea3,36165
Subarea3,36168
Subarea3,36171
Subarea3,36172
Subarea3,36444
Subarea3,36445
Subarea3,36446
Subarea3,36447
Subarea3,36448
Subarea3,36457
Subarea3,36458
Subarea3,36464
Subarea3,36465
Subarea3,36466
Subarea3,36467
Subarea3,36468
Subarea3,36739
Subarea3,36740
Subarea3,36741
Subarea3,36743
Subarea3,36750
Subarea3,36751
Subarea3,36758
Subarea3,36759
Subarea3,36760
Subarea3,36761
Subarea3,37036
Subarea3,37037
Subarea3,37039
Subarea3,37043
Subarea3,37044
Subarea3,37052
Subarea3,37053
Subarea3,37327
Subarea3,37328
Subarea3,37329
Subarea3,37330
Subarea3,37331
Subarea3,37333
Subarea3,37334
Subarea3,37335
Subarea3,37336
Subarea3,37625
Subarea3,37626
Subarea3,37627
Subarea3,37628
Subarea3,37629
Subarea3,37630
Subarea3,38515
Subarea3,38516
Subarea3,38810
Subarea3,39399
Subarea3,40577
Subarea3,40578
Subarea3,40579
Subarea3,40872
Subarea3,40873
Subarea3,40874
Subarea3,41168
Subarea3,41169
Subarea3,41461
Subarea3,41462
Subarea3,41463
Subarea3,41464
Subarea4,5285
Subarea4,5580
Subarea4,5875
Subarea4,6170
Subarea4,6465
Subarea4,6760
Subarea4,6761
Subarea4,6762
Subarea4,7056
Subarea4,7057
Subarea4,7346
Subarea4,7347
Subarea4,7352
Subarea4,7641
Subarea4,7642
Subarea4,7647
Subarea4,7935
Subarea4,7936
Subarea4,7937
Subarea4,7940
Subarea4,7941
Subarea4,7942
Subarea4,8231
Subarea4,8232
Subarea4,8233
Subarea4,8528
Subarea4,8822
Subarea4,9111
Subarea4,9112
Subarea4,9407
Subarea4,9408
Subarea4,9409
Subarea4,9410
Subarea4,10287
Subarea4,10293
Subarea4,10582
Subarea4,10587
Subarea4,10588
Subarea4,10878
Subarea4,10879
Subarea4,11170
Subarea4,11172
Subarea4,11173
Subarea4,11467
Subarea4,11757
Subarea4,11758
Subarea4,11759
Subarea4,11762
Subarea4,11765
Subarea4,11767
Subarea4,12051
Subarea4,12052
Subarea4,12053
Subarea4,12054
Subarea4,12057
Subarea4,12060
Subarea4,12062
Subarea4,12348
Subarea4,12349
Subarea4,12350
Subarea4,12352
Subarea4,12355
Subarea4,12641
Subarea4,12642
Subarea4,12643
Subarea4,12644
Subarea4,12645
Subarea4,12647
Subarea4,12648
Subarea4,12650
Subarea4,12651
Subarea4,12937
Subarea4,12938
Subarea4,12940
Subarea4,12941
Subarea4,12942
Subarea4,12943
Subarea4,12944
Subarea4,12946
Subarea4,13234
Subarea4,13236
Subarea4,13237
Subarea4,13239
Subarea4,13528
Subarea4,13529
Subarea4,13530
Subarea4,13531
Subarea4,13532
Subarea4,13826
Subarea4,14119
Subarea4,14120
Subarea4,14121
Subarea4,15005
Subarea4,15300
Subarea4,15594
Subarea4,15595
Subarea4,15889
Subarea4,15890
Subarea4,16183
Subarea4,16184
Subarea4,16476
Subarea4,16477
Subarea4,16478
Subarea4,16479
Subarea4,16773
Subarea4,16774
Subarea4,17068
Subarea4,17069
Subarea4,17362
Subarea4,17363
Subarea4,17364
Subarea4,17365
Subarea4,17658
Subarea4,17659
Subarea4,17660
Subarea4,17661
Subarea4,17955
Subarea4,18842
Subarea4,19137
Subarea4,19432
Subarea4,19433
Subarea4,19727
Subarea4,19728
Subarea4,20021
Subarea4,20022
Subarea4,20315
Subarea4,20316
Subarea4,20317
Subarea4,20611
Subarea4,20612
Subarea4,20907
Subarea4,20908
Subarea4,21203
Subarea4,21498
Subarea4,21789
Subarea4,21790
Subarea4,22083
Subarea4,22084
Subarea4,22085
Subarea4,22380
Subarea4,22381
Subarea4,22382
Subarea4,22383
Subarea4,22676
Subarea4,22971
Subarea4,23265
Subarea4,23266
Subarea4,23267
Subarea4,23560
Subarea4,23561
Subarea4,23562
Subarea4,24147
Subarea4,24148
Subarea4,24149
Subarea4,24444
Subarea4,24445
Subarea4,24740
Subarea4,25323
Subarea4,25611
Subarea4,25612
Subarea4,25615
Subarea4,25616
Subarea4,25617
Subarea4,25618
Subarea4,25619
Subarea4,25620
Subarea4,25621
Subarea4,25625
Subarea4,25900
Subarea4,25901
Subarea4,25902
Subarea4,25903
Subarea4,25904
Subarea4,25905
Subarea4,25906
Subarea4,25907
Subarea4,25908
Subarea4,25910
Subarea4,25911
Subarea4,25912
Subarea4,25913
Subarea4,25914
Subarea4,25915
Subarea4,25916
Subarea4,25917
Subarea4,25919
Subarea4,25920
Subarea4,26200
Subarea4,26201
Subarea4,26202
Subarea4,26203
Subarea4,26209
Subarea4,26210
Subarea4,26211
Subarea4,26212
Subarea4,26215
Subarea4,26486
Subarea4,26487
Subarea4,26492
Subarea4,26494
Subarea4,26497
Subarea4,26498
Subarea4,26506
Subarea4,26507
Subarea4,26508
Subarea4,26509
Subarea4,26778
Subarea4,26779
Subarea4,26780
Subarea4,26782
Subarea4,26783
Subarea4,26784
Subarea4,26785
Subarea4,26786
Subarea4,26787
Subarea4,26788
Subarea4,26789
Subarea4,26790
Subarea4,26791
Subarea4,26792
Subarea4,26793
Subarea4,26794
Subarea4,26795
Subarea4,26796
Subarea4,26797
Subarea4,26798
Subarea4,26799
Subarea4,26800
Subarea4,26801
Subarea4,26802
Subarea4,26803
Subarea4,27075
Subarea4,27076
