patch_id,ExistingPatchAreaInsidePlanningHa,ExistingPatchAreaHa,ExistingPatchAreaOutsidePlanningHa,OutsideSharePercent
47441,0.090000537109375,1.47,1.379999462890625,93.87751448235542
47761,0.69000009765625,0.69,0,0
48017,0.09,0.09,0,0
48018,0.07,0.07,0,0
48107,0.01,0.01,0,0
48243,1.649999853515625,1.65,1.464843748522071e-7,8.877840900133764e-6
48336,0.00880009765625,0.01,0.00119990234375,11.999023437499998
48337,0.04100126953125,0.41,0.36899873046875,89.99969035823172
48341,0.014000244140625,0.02,0.005999755859375001,29.998779296875004
48347,0.004000244140625,0.01,0.005999755859375,59.99755859375
48358,0.001400146484375,0.04,0.038599853515625,96.49963378906249
48447,18.940000537109373,18.94,0,0
48459,0.01,0.01,0,0
48464,0.01,0.01,0,0
48465,0.009999951171875,0.01,4.88281249998862e-8,4.88281249998862e-4
48467,0.01,0.01,0,0
48471,0.01,0.01,0,0
48473,0.010000048828125,0.01,0,0
48475,0.01,0.01,0,0
48477,0.02,0.02,0,0
48480,0.009999951171875,0.01,4.88281249998862e-8,4.88281249998862e-4
48481,0.680000048828125,0.68,0,0
48484,0.019999951171875,0.02,4.8828125001620926e-8,2.4414062500810463e-4
48487,0.01,0.01,0,0
48490,0.01,0.01,0,0
48491,0.009999951171875,0.01,4.88281249998862e-8,4.88281249998862e-4
48493,0.02,0.02,0,0
48494,0.316397900390625,1.45,1.133602099609375,78.17945514547414
48498,0.01,0.01,0,0
48503,0.02,0.02,0,0
48510,40.580912255859374,45.44,4.8590877441406235,10.693414929886936
48544,1.66,1.66,0,0
48608,0.940000048828125,0.94,0,0
48665,2.86,2.86,0,0
48682,0.660000048828125,0.66,0,0
48699,0.559999951171875,0.56,4.882812509876544e-8,8.719308053350971e-6
48760,1.03,1.03,0,0
48834,0.450000048828125,0.45,0,0
48846,0.02,0.02,0,0
48852,1.347324560546875,1.44,0.09267543945312484,6.435794406467003
48891,0.020000048828125,0.02,0,0
48930,0.1,0.1,0,0
48954,0.090000048828125,0.09,0,0
48986,0.030000048828125,0.03,0,0
49012,0.02,0.02,0,0
49029,1.92,1.92,0,0
49040,0.02,0.02,0,0
49088,8.699761450195313,9.36,0.6602385498046868,7.053830660306484
49312,0.010000048828125,0.01,0,0
49368,0.008999853515625,0.01,0.0010001464843750005,10.001464843750005
49398,0.211600732421875,2.56,2.348399267578125,91.73434638977051
49406,0.35999990234375,0.36,9.765624997548628e-8,2.7126736104301744e-5
49411,1.56619970703125,1.63,0.06380029296874978,3.9141284029907846
49421,0.010000048828125,0.01,0,0
49426,0.01,0.01,0,0
49432,14.92999990234375,14.93,9.765624930935246e-8,6.540941012012891e-7
49505,89.52000004882812,89.52,0,0
49657,0.590000048828125,0.59,0,0
49661,0.010000048828125,0.01,0,0
49718,0.760000146484375,0.76,0,0
49741,0.519999951171875,0.52,4.882812498774314e-8,9.39002403610445e-6
49766,0.88,0.88,0,0
49775,3.40000009765625,3.4,0,0
49779,0.41000009765625,0.41,0,0
49922,13.789999951171875,13.79,4.882812376649781e-8,3.540835661094838e-7
49955,0.359999951171875,0.36,4.882812498774314e-8,1.3563368052150872e-5
49980,0.01,0.01,0,0
49985,1.02000009765625,1.02,0,0
50001,2.87000009765625,2.87,0,0
50016,0.09,0.09,0,0
50034,0.01,0.01,0,0
50041,0.02,0.02,0,0
50045,0.040000048828125,0.04,0,0
50046,0.020000048828125,0.02,0,0
50047,0.01,0.01,0,0
50049,7.389999853515625,7.39,1.464843748522071e-7,1.9821972239811518e-6
50050,1.54,1.54,0,0
50072,0.06,0.06,0,0
50086,0.019999951171875,0.02,4.8828125001620926e-8,2.4414062500810463e-4
50096,1.26,1.26,0,0
50097,0.38000009765625,0.38,0,0
50102,0.019999951171875,0.02,4.8828125001620926e-8,2.4414062500810463e-4
50123,0.019999951171875,0.02,4.8828125001620926e-8,2.4414062500810463e-4
50124,1.06999990234375,1.07,9.765624997548628e-8,9.126752334157595e-6
50131,6.000000244140625,6,0,0
50133,0.02,0.02,0,0
50165,0.010000048828125,0.01,0,0
50176,0.099999951171875,0.1,4.8828125001620926e-8,4.8828125001620926e-5
50190,0.02,0.02,0,0
50200,0.020000048828125,0.02,0,0
50210,2.25,2.25,0,0
50212,0.020000048828125,0.02,0,0
50222,0.009999951171875,0.01,4.88281249998862e-8,4.88281249998862e-4
50223,0.01,0.01,0,0
50225,1.3299998046875,1.33,1.9531250017301716e-7,1.4685150388948657e-5
50227,0.829999853515625,0.83,1.4648437496322941e-7,1.7648719875087883e-5
50229,0.02,0.02,0,0
50231,0.010000048828125,0.01,0,0
50239,0.02,0.02,0,0
50243,0.01,0.01,0,0
50248,0.08,0.08,0,0
50260,0.019999951171875,0.02,4.8828125001620926e-8,2.4414062500810463e-4
50275,0.019999951171875,0.02,4.8828125001620926e-8,2.4414062500810463e-4
50288,0.02,0.02,0,0
50301,0.01,0.01,0,0
50321,0.020000048828125,0.02,0,0
50325,9.86,9.86,0,0
50340,0.020000048828125,0.02,0,0
50351,2.860000048828125,2.86,0,0
50373,30.95999970703125,30.96,2.929687497044142e-7,9.462814912933275e-7
50672,0.003000146484375,0.01,0.006999853515625,69.99853515625
50705,9.129999853515624,9.13,1.4648437662856395e-7,1.6044290977936904e-6
50724,0.02,0.02,0,0
50790,0.670000048828125,0.67,0,0
50890,3.70740107421875,3.76,0.052598925781249584,1.3989076005651486
50977,0.02,0.02,0,0
50983,0.59,0.59,0,0
50992,0.01,0.01,0,0
51008,0.019999951171875,0.02,4.8828125001620926e-8,2.4414062500810463e-4
51023,0.019999951171875,0.02,4.8828125001620926e-8,2.4414062500810463e-4
51056,0.02,0.02,0,0
51064,0.02,0.02,0,0
51067,0.020000048828125,0.02,0,0
51091,0.01,0.01,0,0
51108,0.01,0.01,0,0
51128,0.320000048828125,0.32,0,0
51159,0.06,0.06,0,0
51169,0.040000048828125,0.04,0,0
51170,0.01,0.01,0,0
51171,0.04,0.04,0,0
51183,0.010000048828125,0.01,0,0
51196,0.01,0.01,0,0
51255,0.11000009765625,0.11,0,0
51291,0.03,0.03,0,0
51356,0.06,0.06,0,0
51376,1.760000146484375,1.76,0,0
51400,0.01,0.01,0,0
51414,0.01,0.01,0,0
51441,0.61000009765625,0.61,0,0
51442,0.13000009765625,0.13,0,0
51572,4.560000048828125,4.56,0,0
51581,0.340000048828125,0.34,0,0
51641,0.79,0.79,0,0
51729,2.38,2.38,0,0
51811,0.05,0.05,0,0
51815,3.25000009765625,3.25,0,0
51941,7.950000048828125,7.95,0,0
51964,1.028190869140625,3.28,2.2518091308593746,68.65271740424923
52034,0.210000048828125,0.21,0,0
52133,0.04,0.04,0,0
52647,44.98860249023438,45.16,0.17139750976561885,0.3795339011639036
52935,2.289999462890625,2.29,5.371093751982414e-7,2.345455786891884e-5
52953,0.01,0.01,0,0
52974,0.280000048828125,0.28,0,0
52978,0.59999990234375,0.6,9.765624997548628e-8,1.6276041662581047e-5
52984,0.01,0.01,0,0
53012,17.40999970703125,17.41,2.929687497044142e-7,1.6827613423573477e-6
53546,0.509999951171875,0.51,4.882812498774314e-8,9.574142154459438e-6
53667,2.859999853515625,2.86,1.464843748522071e-7,5.12183128853871e-6
54156,13.070000146484375,13.07,0,0
54172,0.01,0.01,0,0
54208,0.009999951171875,0.01,4.88281249998862e-8,4.88281249998862e-4
54318,20.74000048828125,20.74,0,0
54604,0.019999951171875,0.02,4.8828125001620926e-8,2.4414062500810463e-4
54618,0.01,0.01,0,0
54635,1.490000048828125,1.49,0,0
54897,0.719999951171875,0.72,4.882812498774314e-8,6.781684026075436e-6
55127,1.2600001953125,1.26,0,0
55154,0.060000048828125,0.06,0,0
55223,16.679999560546875,16.68,4.3945312455662133e-7,2.6346110584929336e-6
55723,2.333599267578125,4.87,2.536400732421875,52.08215056307752
55735,4.136796923828125,4.65,0.5132030761718758,11.036625294018833
55740,0.01,0.01,0,0
55798,62.880000244140625,62.88,0,0
55934,3.312191162109375,17.77,14.457808837890624,81.36077005003166
56094,0.23000009765625,0.23,0,0
56160,1.77999990234375,1.78,9.765624997548628e-8,5.486306178398105e-6
56168,0.010000048828125,0.01,0,0
56192,0.02,0.02,0,0
56204,0.459999951171875,0.46,4.882812504325429e-8,1.0614809792011801e-5
56210,2.64099638671875,4.31,1.6690036132812498,38.723981746664734
56213,0.060000048828125,0.06,0,0
56340,0.22999990234375,0.23,9.765625000324185e-8,4.245923913184428e-5
56355,5.730000048828125,5.73,0,0
56365,0.55,0.55,0,0
56371,93.43999995117187,93.44,4.882812731921149e-8,5.2256129408402706e-8
56397,10.6599998046875,10.66,1.9531250039506176e-7,1.8321998160887595e-6
56419,0.549999951171875,0.55,4.882812509876544e-8,8.877840927048261e-6
56432,4.5,4.5,0,0
56437,8.549999755859375,8.55,2.441406259379164e-7,2.855445917402531e-6
56499,4.35000009765625,4.35,0,0
56654,0.009999951171875,0.01,4.88281249998862e-8,4.88281249998862e-4
56674,0.010000048828125,0.01,0,0
56694,4.660000146484375,4.66,0,0
56723,29.380000244140625,29.38,0,0
56739,14.830000146484375,14.83,0,0
56797,0.020000048828125,0.02,0,0
56815,0.020000048828125,0.02,0,0
56827,2.099999853515625,2.1,1.4648437529629632e-7,6.975446442680777e-6
56830,0.030000048828125,0.03,0,0
56837,7.589999853515625,7.59,1.464843748522071e-7,1.9299654130725576e-6
56857,0.020000048828125,0.02,0,0
56860,0.859999951171875,0.86,4.882812498774314e-8,5.677688952063155e-6
56905,3.38,3.38,0,0
56908,15.109999951171876,15.11,4.882812376649781e-8,3.2315105073790745e-7
56910,59.85999990234375,59.86,9.765624753299562e-8,1.6314107506347413e-7
56914,0.09,0.09,0,0
56928,0.039999951171875,0.04,4.8828125001620926e-8,1.2207031250405231e-4
56935,0.68,0.68,0,0
56944,7.880000146484375,7.88,0,0
56950,0.050000048828125,0.05,0,0
56955,1.539999951171875,1.54,4.882812509876544e-8,3.1706574739458078e-6
56962,30.000000048828124,30,0,0
56971,2.02,2.02,0,0
56978,0.100000048828125,0.1,0,0
57004,0.069999951171875,0.07,4.8828125001620926e-8,6.97544642880299e-5
57034,0.76,0.76,0,0
57036,0.05,0.05,0,0
57039,1.35,1.35,0,0
57040,7.14999990234375,7.15,9.765625019753088e-8,1.3658216810843479e-6
57044,1.090000048828125,1.09,0,0
57052,0.87000009765625,0.87,0,0
57062,3.68,3.68,0,0
57080,0.009999951171875,0.01,4.88281249998862e-8,4.88281249998862e-4
57093,47.00000009765625,47,0,0
57106,2.60000009765625,2.6,0,0
57109,7.34,7.34,0,0
57129,2.071000634765625,2.09,0.018999365234374732,0.9090605375298916
57155,0.140000048828125,0.14,0,0
57223,13.269999951171876,13.27,4.882812376649781e-8,3.6795873222681094e-7
57225,1.57,1.57,0,0
57264,3.3894376953125,3.39,5.623046875000703e-4,0.01658715892330591
57355,0.719999853515625,0.72,1.4648437496322941e-7,2.034505207822631e-5
57389,0.300000048828125,0.3,0,0
57395,0.42999990234375,0.43,9.765624997548628e-8,2.271075580825262e-5
57431,2.399999853515625,2.4,1.464843748522071e-7,6.103515618841963e-6
57439,14.520000439453124,14.52,0,0
57460,1.009999853515625,1.01,1.4648437507425172e-7,1.4503403472698189e-5
57490,0.009999951171875,0.01,4.88281249998862e-8,4.88281249998862e-4
57573,0.01,0.01,0,0
57579,0.32,0.32,0,0
57584,0.010000048828125,0.01,0,0
57592,7.56999990234375,7.57,9.765625019753088e-8,1.2900429352381886e-6
57598,3.74000009765625,3.74,0,0
57600,34.44000024414063,34.44,0,0
57630,0.01,0.01,0,0
57633,1.240000048828125,1.24,0,0
57639,0.01,0.01,0,0
57642,5.499999853515625,5.5,1.464843748522071e-7,2.663352270040129e-6
57651,5.339999853515625,5.34,1.464843748522071e-7,2.7431530871199835e-6
57659,1.5499998046875,1.55,1.9531249995097255e-7,1.2600806448449842e-5
57660,0.02,0.02,0,0
57706,1.169999853515625,1.17,1.464843748522071e-7,1.252003203865018e-5
57711,22.93999990234375,22.94,9.76562510857093e-8,4.257029253954198e-7
57758,5.260000146484375,5.26,0,0
57796,3.669999853515625,3.67,1.464843748522071e-7,3.991399859733164e-6
57806,0.010000048828125,0.01,0,0
57820,4.549999951171875,4.55,4.882812465467623e-8,1.073145596806071e-6
57861,2.719600634765625,2.89,0.17039936523437493,5.896171807417818
57877,2.799999951171875,2.8,4.882812465467623e-8,1.7438615948098655e-6
57891,12.2400001953125,12.24,0,0
57918,0.325600927734375,0.59,0.264399072265625,44.81340207891949
57963,0.09999990234375,0.1,9.765625000324185e-8,9.765625000324185e-5
57974,0.709600341796875,1.05,0.340399658203125,32.419015066964285
57982,1.616003466796875,2.68,1.0639965332031251,39.70136317922108
57991,5.609999853515625,5.61,1.4648437574038553e-7,2.611129692341988e-6
57997,0.020000048828125,0.02,0,0
58045,0.03,0.03,0,0
58048,0.01,0.01,0,0
58082,1.4,1.4,0,0
58107,21.649999951171875,21.65,4.882812376649781e-8,2.2553405896765733e-7
58109,2.450000048828125,2.45,0,0
58119,0.290000048828125,0.29,0,0
58162,2.040000048828125,2.04,0,0
58180,1.41,1.41,0,0
58189,0.22,0.22,0,0
58224,3.590000048828125,3.59,0,0
58277,23.70999990234375,23.71,9.76562510857093e-8,4.118779041995331e-7
58293,4.819999755859375,4.82,2.44140625049738e-7,5.065158196052655e-6
58315,1.419999853515625,1.42,1.464843748522071e-7,1.0315801045930078e-5
58319,2.77000029296875,2.77,0,0
58331,0.01,0.01,0,0
58338,0.01,0.01,0,0
58347,0.010000048828125,0.01,0,0
58370,1.38420078125,2.91,1.5257992187500002,52.43296284364262
58386,0.01,0.01,0,0
58416,2.21,2.21,0,0
58441,3.590000146484375,3.59,0,0
58451,80.98999985351563,80.99,1.4648436774677975e-7,1.8086722774018986e-7
58472,0.89999990234375,0.9,9.765624997548628e-8,1.0850694441720697e-5
58481,0.01,0.01,0,0
58486,1.739999951171875,1.74,4.882812509876544e-8,2.806214086135945e-6
58531,1.37,1.37,0,0
58536,28.94,28.94,0,0
58551,0.01,0.01,0,0
58556,5.004799658203125,5.03,0.025200341796875136,0.5010008309517919
58579,0.01,0.01,0,0
58583,4.0299998046875,4.03,1.9531250039506176e-7,4.846464029654138e-6
58591,0.02,0.02,0,0
58592,0.009999951171875,0.01,4.88281249998862e-8,4.88281249998862e-4
58597,0.01,0.01,0,0
58621,0.010000048828125,0.01,0,0
58676,2.003799462890625,13.24,11.236200537109376,84.86556296910405
58720,0.840598046875,2.46,1.6194019531250001,65.82934768800814
58777,3.56140087890625,3.58,0.01859912109375017,0.5195285221717925
58797,9.38178662109375,9.46,0.07821337890625024,0.826779903871567
58861,0.0022001953125,0.05,0.0477998046875,95.59960937500001
58865,9.7143998046875,10.31,0.5956001953124996,5.776917510305525
58875,39.75999970703125,39.76,2.929687497044142e-7,7.368429318521485e-7
58923,0.779404833984375,1.33,0.5505951660156251,41.398132783129704
58930,0.28680126953125,0.87,0.58319873046875,67.0343368354885
58955,0.810000048828125,0.81,0,0
58973,0.03,0.03,0,0
58975,7.99,7.99,0,0
58980,3.149999951171875,3.15,4.882812509876544e-8,1.5500992094846172e-6
59013,0.83000009765625,0.83,0,0
59082,10.055797900390624,12.49,2.434202099609376,19.48920816340573
59120,23.999454272460937,25.44,1.4405457275390638,5.662522513911414
59183,0.81000009765625,0.81,0,0
59200,0.010000048828125,0.01,0,0
59201,0.01,0.01,0,0
59205,0.01,0.01,0,0
59206,4.61000009765625,4.61,0,0
59208,0.01,0.01,0,0
59224,0.61000009765625,0.61,0,0
59228,0.2530021484375,2.57,2.3169978515625,90.15555842655642
59235,0.219000048828125,0.34,0.12099995117187504,35.58822093290442
59244,8.389999951171875,8.39,4.882812554285465e-8,5.819800422271114e-7
59251,3.210000048828125,3.21,0,0
59302,1.55,1.55,0,0
59506,12.219999853515626,12.22,1.464843748522071e-7,1.1987264717856555e-6
59579,16.1400001953125,16.14,0,0
59602,1.74999990234375,1.75,9.765624997548628e-8,5.580357141456359e-6
59718,0.02,0.02,0,0
59736,0.27000009765625,0.27,0,0
59903,14.699999755859375,14.7,2.4414062416155957e-7,1.6608205725276161e-6
60155,7.690000146484375,7.69,0,0
60259,14.14999990234375,14.15,9.76562510857093e-8,6.901501843513025e-7
60277,0.67999990234375,0.68,9.765625008650858e-8,1.4361213248015966e-5
60340,1.790000048828125,1.79,0,0
60446,0.01,0.01,0,0
60460,9.99951171875e-4,2.66,2.6590000488281254,99.9624078506814
60632,0.01,0.01,0,0
60695,0.01,0.01,0,0
60732,0.12,0.12,0,0
60756,0.01,0.01,0,0
60771,0.01,0.01,0,0
60782,0.01,0.01,0,0
60790,0.089999951171875,0.09,4.8828125001620926e-8,5.4253472224023255e-5
60796,0.03,0.03,0,0
60808,0.01,0.01,0,0
60812,1.27999990234375,1.28,9.765624997548628e-8,7.629394529334865e-6
60817,0.02,0.02,0,0
60827,0.029999951171875,0.03,4.882812499815148e-8,1.6276041666050495e-4
60829,0.11,0.11,0,0
60837,0.01,0.01,0,0
60838,79.73999965820313,79.74,3.41796862812771e-7,4.286391557722235e-7
60845,0.010000048828125,0.01,0,0
60855,0.02,0.02,0,0
60856,2.259999853515625,2.26,1.464843748522071e-7,6.4816095067348285e-6
60866,0.02,0.02,0,0
60871,0.009999951171875,0.01,4.88281249998862e-8,4.88281249998862e-4
60873,1.00999990234375,1.01,9.765624997548628e-8,9.668935641137255e-6
60874,0.01,0.01,0,0
60884,0.4985983642578125,1.05,0.5514016357421876,52.51444149925596
60892,0.9854021484375,8.21,7.224597851562501,87.99753777786236
60898,3.57,3.57,0,0
60900,0.890000048828125,0.89,0,0
60918,3.14999990234375,3.15,9.765624975344167e-8,3.100198404871164e-6
60930,1.6135434814453125,7.27,5.656456518554688,77.80545417544275
60933,0.123199658203125,0.34,0.21680034179687502,63.764806410845594
60944,0.300000048828125,0.3,0,0
60977,0.010000048828125,0.01,0,0
60982,0.01,0.01,0,0
60993,0.02,0.02,0,0
61000,0.009999951171875,0.01,4.88281249998862e-8,4.88281249998862e-4
61015,1.6199998046875,1.62,1.9531250017301716e-7,1.2056327171173897e-5
61032,0.00380009765625,0.01,0.00619990234375,61.9990234375
61042,0.010000048828125,0.01,0,0
61059,0.01,0.01,0,0
61060,0.079999951171875,0.08,4.8828125001620926e-8,6.103515625202616e-5
61071,0.060000048828125,0.06,0,0
61087,5.329999755859375,5.33,2.44140625049738e-7,4.580499531890019e-6
61092,5.49999990234375,5.5,9.765625019753088e-8,1.7755681854096523e-6
61127,0.01,0.01,0,0
61132,1.129999853515625,1.13,1.464843748522071e-7,1.2963219013469657e-5
61138,0.029999951171875,0.03,4.882812499815148e-8,1.6276041666050495e-4
61146,0.01,0.01,0,0
61154,2.2891982421875,5.58,3.2908017578125,58.97494189628136
61157,0.02,0.02,0,0
61207,15.29,15.29,0,0
61214,0.009999951171875,0.01,4.88281249998862e-8,4.88281249998862e-4
61286,2.6634646728515623,4.31,1.6465353271484373,38.20267580390806
61358,0.01,0.01,0,0
61381,6.5500001953125,6.55,0,0
61384,1.73,1.73,0,0
61399,0.06,0.06,0,0
61405,0.02,0.02,0,0
61455,3.959999951171875,3.96,4.882812509876544e-8,1.2330334620900364e-6
61552,0.01,0.01,0,0
61605,2.949999951171875,2.95,4.882812509876544e-8,1.6551906813140826e-6
61715,0.131000537109375,0.7,0.568999462890625,81.28563755580358
61799,3.679999853515625,3.68,1.4648437529629632e-7,3.980553676529791e-6
61888,0.825595263671875,5.47,4.6444047363281245,84.90685075554158
61903,0.01,0.01,0,0
61947,0.12980029296875,1.18,1.0501997070312499,88.99997517213983
61948,2.440000048828125,2.44,0,0
61975,1.470000048828125,1.47,0,0
61982,0.00840068359375,0.53,0.52159931640625,98.41496535966981
61985,0.16679931640625,0.35,0.18320068359374997,52.34305245535714
62029,8.96999970703125,8.97,2.9296875148077106e-7,3.266095334233791e-6
62046,0.7963998046875,2.2,1.4036001953125001,63.8000088778409
62051,0.07819892578125,1.49,1.41180107421875,94.7517499475671
62068,0.1117986328125,0.59,0.47820136718749995,81.05107918432202
62089,0.029999951171875,0.03,4.882812499815148e-8,1.6276041666050495e-4
62099,1.001997265625,2.32,1.3180027343749998,56.81046268857758
62109,0.441197802734375,1.66,1.2188021972656249,73.42181911238704
62149,1.0167974609375,1.62,0.6032025390625002,37.234724633487666
62207,0.93179912109375,2.35,1.4182008789062501,60.34897357047873
62245,1.179999951171875,1.18,4.8828124876720835e-8,4.137976684467868e-6
62248,2.35240068359375,2.64,0.28759931640625025,10.893913500236753
62259,0.100000048828125,0.1,0,0
62321,3.129999951171875,3.13,4.882812509876544e-8,1.560003996765669e-6
62387,1.05,1.05,0,0
62419,0.459999951171875,0.46,4.882812504325429e-8,1.0614809792011801e-5
62445,0.009999951171875,0.01,4.88281249998862e-8,4.88281249998862e-4
62469,0.23,0.23,0,0
62486,1.920000048828125,1.92,0,0
62491,0.1,0.1,0,0
62522,2.770000048828125,2.77,0,0
62545,5.999999951171875,6,4.882812465467623e-8,8.138020775779372e-7
62563,1.319999951171875,1.32,4.882812509876544e-8,3.699100386270109e-6
62608,1.39,1.39,0,0
62613,9.33999970703125,9.34,2.929687497044142e-7,3.1367103822742423e-6
62633,0.756599951171875,0.76,0.0034000488281250574,0.4473748458059286
62650,4.75999990234375,4.76,9.765625019753088e-8,2.0516018949061112e-6
62660,55.84999985351563,55.85,1.464843748522071e-7,2.6228178129311924e-7
62678,0.02,0.02,0,0
62680,0.01,0.01,0,0
62704,0.01,0.01,0,0
62705,0.120000146484375,0.12,0,0
62721,2.8099998046875,2.81,1.9531249995097255e-7,6.9506227740559624e-6
62722,0.030000048828125,0.03,0,0
62725,0.01,0.01,0,0
62764,0.74999990234375,0.75,9.765624997548628e-8,1.3020833330064837e-5
62773,0.029999951171875,0.03,4.882812499815148e-8,1.6276041666050495e-4
62777,0.01,0.01,0,0
62783,0.04,0.04,0,0
62796,4.74000009765625,4.74,0,0
62803,1,1,0,0
62831,0.52880068359375,1.6,1.07119931640625,66.94995727539063
62836,0.329999853515625,0.33,1.4648437501874056e-7,4.43892045511335e-5
62873,0.119999951171875,0.12,4.8828125001620926e-8,4.069010416801744e-5
62889,0.75999990234375,0.76,9.765624997548628e-8,1.2849506575721878e-5
62895,0.01,0.01,0,0
62906,4.030000048828125,4.03,0,0
62908,0.24,0.24,0,0
62947,43.210000390625,43.21,0,0
62968,14.1300001953125,14.13,0,0
62978,0.01,0.01,0,0
62982,3.730000048828125,3.73,0,0
62991,13.569999609375,13.57,3.906250007901235e-7,2.878592489241883e-6
63001,0.127599658203125,0.14,0.01240034179687502,8.85738699776787
63006,0.02,0.02,0,0
63010,0.009999951171875,0.01,4.88281249998862e-8,4.88281249998862e-4
63012,65.3399998046875,65.34,1.9531250927684596e-7,2.989172165240985e-7
63020,2.6259803466796874,4.12,1.4940196533203127,36.26261294466778
63029,1.549999853515625,1.55,1.4648437507425172e-7,9.45060484350011e-6
63048,0.203998779296875,3.97,3.7660012207031253,94.8614917053684
63051,0.01,0.01,0,0
63054,2.57080810546875,7.92,5.34919189453125,67.54030169862689
63056,0.269999951171875,0.27,4.882812504325429e-8,1.8084490756760847e-5
63063,1.44,1.44,0,0
63071,17.44280224609375,20.06,2.6171977539062503,13.046848224856683
63074,0.64,0.64,0,0
63085,0.130000048828125,0.13,0,0
63095,1.689999853515625,1.69,1.464843748522071e-7,8.66771448829628e-6
63096,0.525799560546875,1.32,0.794200439453125,60.16669995857007
63107,0.010000048828125,0.01,0,0
63126,2.079999951171875,2.08,4.882812509876544e-8,2.347506014363723e-6
63139,0.01,0.01,0,0
63141,0.010000048828125,0.01,0,0
63154,4.160000390625,4.16,0,0
63161,0.01,0.01,0,0
63163,0.8,0.8,0,0
63189,5.940000146484375,5.94,0,0
63192,0.14999990234375,0.15,9.765625000324185e-8,6.51041666688279e-5
63199,1.27999990234375,1.28,9.765624997548628e-8,7.629394529334865e-6
63214,1.520000048828125,1.52,0,0
63220,0.36,0.36,0,0
63229,0.079999951171875,0.08,4.8828125001620926e-8,6.103515625202616e-5
63231,1.4900001953125,1.49,0,0
63243,1.380600244140625,1.53,0.14939975585937493,9.764689925449341
63247,0.010000048828125,0.01,0,0
63254,1.31000009765625,1.31,0,0
63259,0.01,0.01,0,0
63266,0.030000048828125,0.03,0,0
63267,62.559999609375,62.56,3.906250043428372e-7,6.244005823894456e-7
63275,0.01,0.01,0,0
63288,3.340000048828125,3.34,0,0
63290,8.210000146484376,8.21,0,0
63296,0.01,0.01,0,0
63300,1.810000048828125,1.81,0,0
63307,2.16000009765625,2.16,0,0
63309,0.039999951171875,0.04,4.8828125001620926e-8,1.2207031250405231e-4
63315,0.210000048828125,0.21,0,0
63320,0.01,0.01,0,0
63327,0.01,0.01,0,0
63329,0.01,0.01,0,0
63333,7.4000001953125,7.4,0,0
63334,1.4700001953125,1.47,0,0
63336,1.51000009765625,1.51,0,0
63340,0.009999951171875,0.01,4.88281249998862e-8,4.88281249998862e-4
63345,3.07300361328125,7.8,4.726996386718749,60.60251777844551
63346,0.009999951171875,0.01,4.88281249998862e-8,4.88281249998862e-4
63347,0.01,0.01,0,0
63351,0.03,0.03,0,0
63357,0.009999951171875,0.01,4.88281249998862e-8,4.88281249998862e-4
63371,0.5,0.5,0,0
63372,0.3022017578125,1.45,1.1477982421875,79.1584994612069
63376,0.43,0.43,0,0
63392,2.649999951171875,2.65,4.882812509876544e-8,1.8425707584439788e-6
63400,2.2583923828125,9.02,6.761607617187499,74.96239043445121
63413,4.840000048828125,4.84,0,0
63417,4.73,4.73,0,0
63424,0.003000439453125,0.65,0.646999560546875,99.53839393028846
63429,7.38999970703125,7.39,2.929687497044142e-7,3.9643944479623035e-6
63450,5.179999853515625,5.18,1.464843748522071e-7,2.827883684405543e-6
63454,0.010000048828125,0.01,0,0
63455,1.036002294921875,1.62,0.5839977050781251,36.049241054205254
63457,0.310000048828125,0.31,0,0
63465,0.73,0.73,0,0
63470,4.15000009765625,4.15,0,0
63489,0.02,0.02,0,0
63493,0.50000009765625,0.5,0,0
63501,0.02,0.02,0,0
63530,0.157597314453125,0.6,0.442402685546875,73.73378092447918
63536,1.73,1.73,0,0
63553,7.745662182617187,10.33,2.5843378173828127,25.017791068565465
63556,3.8299998046875,3.83,1.9531249995097255e-7,5.0995430796598574e-6
63560,0.45,0.45,0,0
63570,23.379999951171875,23.38,4.882812376649781e-8,2.088456961783482e-7
63573,1.000000048828125,1,0,0
63583,0.01,0.01,0,0
63584,2.58999990234375,2.59,9.765624975344167e-8,3.7705115734919564e-6
63588,0.271801220703125,10.79,10.518198779296874,97.48098961350209
63598,0.010000048828125,0.01,0,0
63606,0.01,0.01,0,0
63621,3.2700001953125,3.27,0,0
63624,3.78000009765625,3.78,0,0
63633,0.01,0.01,0,0
63636,0.02,0.02,0,0
63666,0.560000048828125,0.56,0,0
63688,4.39999970703125,4.4,2.9296875059259264e-7,6.658380695286196e-6
63693,0.29999990234375,0.3,9.765624997548628e-8,3.2552083325162094e-5
63742,2.2221843505859376,6.77,4.547815649414062,67.17600663831702
63750,5.220000146484375,5.22,0,0
63766,7.63,7.63,0,0
63774,0.719999951171875,0.72,4.882812498774314e-8,6.781684026075436e-6
63784,0.01,0.01,0,0
63810,3.109999853515625,3.11,1.464843748522071e-7,4.7101085161481384e-6
63820,1.579196533203125,4.21,2.630803466796875,62.48939351061461
63843,1.589999951171875,1.59,4.882812509876544e-8,3.070951264073298e-6
63847,2.670000146484375,2.67,0,0
63860,3.865398974609375,6.36,2.4946010253906254,39.223286562745685
63895,0.15999990234375,0.16,9.765625000324185e-8,6.103515625202616e-5
63940,2.27,2.27,0,0
63973,1.59,1.59,0,0
63975,0.01,0.01,0,0
63978,0.009999951171875,0.01,4.88281249998862e-8,4.88281249998862e-4
63991,0.01,0.01,0,0
63996,0.009999951171875,0.01,4.88281249998862e-8,4.88281249998862e-4
63998,2.845401611328125,3.73,0.8845983886718751,23.715774495224533
64004,0.01,0.01,0,0
64012,0.030000048828125,0.03,0,0
64031,0.186800390625,0.23,0.043199609375,18.782438858695652
64032,0.12000009765625,0.12,0,0
64041,0.199999951171875,0.2,4.8828125015498713e-8,2.4414062507749357e-5
64131,0.1102354248046875,5.1,4.989764575195312,97.83852108226102
64134,0.23300068359375,1.02,0.78699931640625,77.15679572610294
64154,5.470000048828125,5.47,0,0
64197,2.4200001953125,2.42,0,0
64198,0.719999853515625,0.72,1.4648437496322941e-7,2.034505207822631e-5
64204,0.589999951171875,0.59,4.882812498774314e-8,8.275953387753075e-6
64205,0.93339951171875,1.47,0.53660048828125,36.503434576955776
64224,0.4702033203125,9.39,8.9197966796875,94.99250990082534
64244,1.120000146484375,1.12,0,0
64252,0.0103998046875,3.04,3.0296001953125002,99.65790116159539
64256,0.729999951171875,0.73,4.882812498774314e-8,6.68878424489632e-6
64278,0.520000048828125,0.52,0,0
64347,1.879999951171875,1.88,4.8828124876720835e-8,2.5972406849319595e-6
64381,0.01,0.01,0,0
64426,7.778927612304687,9.36,1.581072387695312,16.891799013838806
64436,2.15900205078125,2.66,0.5009979492187502,18.834509369125946
64439,0.210000048828125,0.21,0,0
64504,0.41000009765625,0.41,0,0
64563,0.86,0.86,0,0
64660,2.29000009765625,2.29,0,0
64743,0.05,0.05,0,0
64764,0.623596484375,1.43,0.8064035156249999,56.39185423951048
64779,4.69,4.69,0,0
64820,0.01,0.01,0,0
64839,0.01,0.01,0,0
64840,0.009999951171875,0.01,4.88281249998862e-8,4.88281249998862e-4
64853,2.279999755859375,2.28,2.441406246056488e-7,1.0707922131826702e-5
64856,0.44,0.44,0,0
64862,0.010000048828125,0.01,0,0
64887,0.019999951171875,0.02,4.8828125001620926e-8,2.4414062500810463e-4
64917,9.319999951171875,9.32,4.882812554285465e-8,5.23906926425479e-7
64999,0.27000009765625,0.27,0,0
65014,1.61999990234375,1.62,9.765625019753088e-8,6.028163592440178e-6
65020,0.01,0.01,0,0
65050,0.05,0.05,0,0
65070,3.9979998046875,4.01,0.012000195312499962,0.2992567409600988
65071,0.050000048828125,0.05,0,0
65082,0.01,0.01,0,0
65102,0.129999951171875,0.13,4.8828125015498713e-8,3.756009616576824e-5
65133,0.559999951171875,0.56,4.882812509876544e-8,8.719308053350971e-6
65139,1.999999853515625,2,1.4648437507425172e-7,7.324218753712586e-6
65148,5.779999853515625,5.78,1.464843748522071e-7,2.5343317448478736e-6
65153,8.449999951171876,8.45,4.882812376649781e-8,5.778476185384357e-7
65170,0.439999951171875,0.44,4.882812498774314e-8,1.1097301133577986e-5
65216,0.58000009765625,0.58,0,0
65218,0.010000048828125,0.01,0,0
65229,3.6600001953125,3.66,0,0
65280,0.009999951171875,0.01,4.88281249998862e-8,4.88281249998862e-4
65296,3.3799998046875,3.38,1.9531249995097255e-7,5.778476329910431e-6
65340,0.11,0.11,0,0
65372,0.01,0.01,0,0
65387,0.289999951171875,0.29,4.882812498774314e-8,1.683728447853212e-5
65404,0.359999951171875,0.36,4.882812498774314e-8,1.3563368052150872e-5
65434,0.82,0.82,0,0
65458,3.897799755859375,5.49,1.592200244140625,29.001825940630695
65464,0.010000048828125,0.01,0,0
65489,0.52,0.52,0,0
65497,0.02,0.02,0,0
65513,1.030000048828125,1.03,0,0
65514,0.05,0.05,0,0
65515,0.090000048828125,0.09,0,0
65524,0.009999951171875,0.01,4.88281249998862e-8,4.88281249998862e-4
65530,0.08,0.08,0,0
65543,2.471201123046875,2.5,0.028798876953124886,1.1519550781249954
65550,0.02,0.02,0,0
65557,1.319999951171875,1.32,4.882812509876544e-8,3.699100386270109e-6
65560,0.02,0.02,0,0
65568,0.01,0.01,0,0
65573,0.010000048828125,0.01,0,0
65615,0.01,0.01,0,0
65642,0.270000048828125,0.27,0,0
65650,0.02,0.02,0,0
65660,0.16,0.16,0,0
65662,0.009999951171875,0.01,4.88281249998862e-8,4.88281249998862e-4
65670,0.32,0.32,0,0
65679,0.2,0.2,0,0
65688,0.0042269287109375,10.02,10.015773071289063,99.95781508272519
65714,1.189999951171875,1.19,4.8828124876720835e-8,4.103203771153012e-6
65721,1.55,1.55,0,0
65849,6.868419140625,9.89,3.0215808593750006,30.5518792656724
65883,0.489999951171875,0.49,4.882812498774314e-8,9.964923466886354e-6
65884,0.409999951171875,0.41,4.882812498774314e-8,1.1909298777498326e-5
66169,1.009800341796875,1.19,0.1801996582031249,15.142828420430664
66231,0.489999951171875,0.49,4.882812498774314e-8,9.964923466886354e-6
66277,0.249999951171875,0.25,4.882812498774314e-8,1.9531249995097255e-5
66278,0.78,0.78,0,0
66493,0.86,0.86,0,0
66693,1.08999990234375,1.09,9.765624997548628e-8,8.959288988576721e-6
66832,0.32000009765625,0.32,0,0
67759,0.17,0.17,0,0
67782,0.14999990234375,0.15,9.765625000324185e-8,6.51041666688279e-5
67911,0.76940029296875,0.8,0.030599707031250034,3.8249633789062543
68240,3.279999951171875,3.28,4.882812465467623e-8,1.488662337032812e-6
68244,0.0967998046875,0.1,0.003200195312500001,3.200195312500001
68264,0.01,0.01,0,0
68316,0.180000048828125,0.18,0,0
68385,0.45,0.45,0,0
68414,1.777199609375,6.52,4.742800390625,72.74233727952455
68431,2.30699765625,2.61,0.3030023437499998,11.609285201149419
68540,0.01,0.01,0,0
68577,0.12,0.12,0,0
68661,0.1,0.1,0,0
68665,0.38699990234375,0.39,0.0030000976562500337,0.7692558092948804
68667,0.189999951171875,0.19,4.8828125015498713e-8,2.5699013166051954e-5
68712,0.4,0.4,0,0
68723,0.129999951171875,0.13,4.8828125015498713e-8,3.756009616576824e-5
68743,0.03,0.03,0,0
68753,0.020000048828125,0.02,0,0
68756,0.070000048828125,0.07,0,0
68769,0.01,0.01,0,0
68777,0.04,0.04,0,0
68782,0.01,0.01,0,0
68825,0.98000009765625,0.98,0,0
68829,0.246799755859375,0.94,0.693200244140625,73.74470682347075
68892,0.01,0.01,0,0
68915,0.160000048828125,0.16,0,0
68919,7.760000390625,7.76,0,0
68924,0.040000048828125,0.04,0,0
68948,3.63999970703125,3.64,2.9296875014850343e-7,8.048592037046798e-6
68986,0.65,0.65,0,0
69060,0.04,0.04,0,0
69073,0.01,0.01,0,0
69093,0.899999951171875,0.9,4.882812498774314e-8,5.4253472208603485e-6
69105,0.04999990234375,0.05,9.765625000324185e-8,1.953125000064837e-4
69132,0.060000048828125,0.06,0,0
69152,6.52000009765625,6.52,0,0
69160,6.43000009765625,6.43,0,0
69162,0.03,0.03,0,0
69169,0.7269557861328125,0.94,0.21304421386718742,22.664278070977385
69175,0.05,0.05,0,0
69188,0.009999951171875,0.01,4.88281249998862e-8,4.88281249998862e-4
69195,0.01,0.01,0,0
69206,0.67,0.67,0,0
69218,0.28,0.28,0,0
69265,0.020000048828125,0.02,0,0
69341,0.39,0.39,0,0
69349,1.220000048828125,1.22,0,0
69390,3.060000048828125,3.06,0,0
69450,8.259999951171874,8.26,4.882812554285465e-8,5.911395344171266e-7
69483,0.009999951171875,0.01,4.88281249998862e-8,4.88281249998862e-4
69565,0.170000048828125,0.17,0,0
69597,0.010000048828125,0.01,0,0
69611,0.01,0.01,0,0
69629,0.01,0.01,0,0
69651,0.01,0.01,0,0
69655,0.42999990234375,0.43,9.765624997548628e-8,2.271075580825262e-5
69665,0.009999951171875,0.01,4.88281249998862e-8,4.88281249998862e-4
69693,0.010000048828125,0.01,0,0
69705,0.01,0.01,0,0
69707,20.920000048828125,20.92,0,0
69710,3.84,3.84,0,0
69720,0.009999951171875,0.01,4.88281249998862e-8,4.88281249998862e-4
69725,0.01,0.01,0,0
69747,0.010000048828125,0.01,0,0
69756,0.01,0.01,0,0
69761,7.499999951171875,7.5,4.882812465467623e-8,6.510416620623497e-7
69772,0.01,0.01,0,0
69804,0.040000048828125,0.04,0,0
69821,0.04,0.04,0,0
69824,0.009999951171875,0.01,4.88281249998862e-8,4.88281249998862e-4
69837,0.01,0.01,0,0
69861,0.11,0.11,0,0
69866,0.019999951171875,0.02,4.8828125001620926e-8,2.4414062500810463e-4
69875,6.139597265625,6.82,0.6804027343749999,9.976579682917887
69890,0.01,0.01,0,0
69891,0.01,0.01,0,0
69895,0.06,0.06,0,0
69897,0.02,0.02,0,0
69898,0.019999951171875,0.02,4.8828125001620926e-8,2.4414062500810463e-4
69925,0.020000048828125,0.02,0,0
69934,0.040000048828125,0.04,0,0
69944,0.01,0.01,0,0
69968,5.520000146484375,5.52,0,0
69981,0.850000048828125,0.85,0,0
69986,0.050000048828125,0.05,0,0
70004,0.01,0.01,0,0
70015,0.01,0.01,0,0
70036,0.03,0.03,0,0
70058,0.02,0.02,0,0
70059,0.01,0.01,0,0
70105,0.269999951171875,0.27,4.882812504325429e-8,1.8084490756760847e-5
70112,1.509457666015625,2.22,0.7105423339843753,32.00641144073762
70127,0.27,0.27,0,0
70139,0.169999951171875,0.17,4.8828125015498713e-8,2.8722426479705125e-5
70205,3.366800390625,3.44,0.07319960937500003,2.12789562136628
70212,1.160000048828125,1.16,0,0
70219,2.759999951171875,2.76,4.882812465467623e-8,1.7691349512563852e-6
70223,0.01,0.01,0,0
70226,0.54,0.54,0,0
70228,0.01,0.01,0,0
70238,0.06,0.06,0,0
70241,0.01,0.01,0,0
70250,0.01,0.01,0,0
70257,0.010000048828125,0.01,0,0
70258,0.010000048828125,0.01,0,0
70261,7.5586025390625,7.62,0.06139746093750009,0.8057409571850406
70267,0.01,0.01,0,0
70272,2.010000048828125,2.01,0,0
70284,0.39000009765625,0.39,0,0
70294,5.469999951171875,5.47,4.882812465467623e-8,8.926531015480115e-7
70316,0.010000048828125,0.01,0,0
70317,0.02,0.02,0,0
70318,0.03,0.03,0,0
70321,0.09979951171875,0.6,0.50020048828125,83.366748046875
70325,0.03,0.03,0,0
70330,0.24,0.24,0,0
70335,0.040000048828125,0.04,0,0
70344,0.129999951171875,0.13,4.8828125015498713e-8,3.756009616576824e-5
70399,3.9110037109375,6.53,2.6189962890625003,40.1071407207121
70439,0.01,0.01,0,0
70459,0.169999951171875,0.17,4.8828125015498713e-8,2.8722426479705125e-5
70472,4.373929858398437,5.36,0.9860701416015631,18.396831000029163
70476,0.07,0.07,0,0
70481,0.009999951171875,0.01,4.88281249998862e-8,4.88281249998862e-4
70482,10.360000048828125,10.36,0,0
70497,0.029799267578125,1.46,1.430200732421875,97.95895427547089
70499,0.77,0.77,0,0
70509,0.01,0.01,0,0
70516,0.03,0.03,0,0
70524,0.05,0.05,0,0
70587,4.777602685546875,4.98,0.20239731445312525,4.064203101468379
70665,7.35000009765625,7.35,0,0
70697,0.700000146484375,0.7,0,0
70767,4.189999853515625,4.19,1.4648437574038553e-7,3.496047153708485e-6
70772,0.009999951171875,0.01,4.88281249998862e-8,4.88281249998862e-4
70776,0.320000048828125,0.32,0,0
70783,0.01,0.01,0,0
70790,27.792227026367186,32.78,4.987772973632815,15.215902909191016
70795,0.01,0.01,0,0
70807,0.009999951171875,0.01,4.88281249998862e-8,4.88281249998862e-4
70815,0.02,0.02,0,0
70849,3.045201513671875,6.8,3.754798486328125,55.217624798943014
71033,0.02,0.02,0,0
71044,0.010000048828125,0.01,0,0
71196,0.06,0.06,0,0
71327,0.11359990234375,3.21,3.09640009765625,96.46106223228193
71349,0.469999951171875,0.47,4.882812498774314e-8,1.0388962763349605e-5
71415,0.01,0.01,0,0
71438,0.03,0.03,0,0
71457,0.01,0.01,0,0
71466,0.009999951171875,0.01,4.88281249998862e-8,4.88281249998862e-4
71476,0.01,0.01,0,0
71479,4.520000048828125,4.52,0,0
71499,0.020000048828125,0.02,0,0
71537,0.02,0.02,0,0
71783,0.14359921875,0.73,0.58640078125,80.3288741438356
71812,0.04,0.04,0,0
71825,0.029999951171875,0.03,4.882812499815148e-8,1.6276041666050495e-4
71837,0.419999951171875,0.42,4.882812498774314e-8,1.1625744044700747e-5
71854,3.199999853515625,3.2,1.4648437529629632e-7,4.57763672800926e-6
71857,0.019999951171875,0.02,4.8828125001620926e-8,2.4414062500810463e-4
71861,0.01,0.01,0,0
71868,0.32,0.32,0,0
71877,0.019999951171875,0.02,4.8828125001620926e-8,2.4414062500810463e-4
71927,0.72,0.72,0,0
71983,0.020000048828125,0.02,0,0
71996,1.980000048828125,1.98,0,0
72004,1.619999951171875,1.62,4.882812509876544e-8,3.014081796220089e-6
72007,0.020000048828125,0.02,0,0
72018,0.01,0.01,0,0
72027,0.009999951171875,0.01,4.88281249998862e-8,4.88281249998862e-4
72050,0.02,0.02,0,0
72056,0.02,0.02,0,0
72061,0.09,0.09,0,0
72089,0.01,0.01,0,0
72098,0.01,0.01,0,0
72103,0.3,0.3,0,0
72105,0.04,0.04,0,0
72116,0.02,0.02,0,0
72122,0.80999990234375,0.81,9.765625008650858e-8,1.2056327171173897e-5
72160,0.06,0.06,0,0
72177,0.03,0.03,0,0
72196,0.029999951171875,0.03,4.882812499815148e-8,1.6276041666050495e-4
72206,0.059999951171875,0.06,4.882812499468203e-8,8.138020832447006e-5
72219,0.489999853515625,0.49,1.4648437501874056e-7,2.9894770411987872e-5
72223,0.07,0.07,0,0
72225,0.059999951171875,0.06,4.882812499468203e-8,8.138020832447006e-5
72229,0.009999951171875,0.01,4.88281249998862e-8,4.88281249998862e-4
72237,0.01,0.01,0,0
72267,0.01,0.01,0,0
72269,1.429999951171875,1.43,4.8828124876720835e-8,3.4145541871832753e-6
72332,0.10999990234375,0.11,9.765625000324185e-8,8.877840909385623e-5
72407,4.900000146484375,4.9,0,0
72485,0.01,0.01,0,0
72534,0.04,0.04,0,0
72541,0.049999951171875,0.05,4.8828125001620926e-8,9.765625000324185e-5
72583,0.009999951171875,0.01,4.88281249998862e-8,4.88281249998862e-4
72589,0.01,0.01,0,0
72629,1.480000048828125,1.48,0,0
72645,1.74,1.74,0,0
72649,0.49599853515625,0.64,0.14400146484375004,22.50022888183594
72667,0.01,0.01,0,0
72671,2.20000009765625,2.2,0,0
72684,0.73,0.73,0,0
72699,0.010000048828125,0.01,0,0
72711,0.01,0.01,0,0
72740,3.899999951171875,3.9,4.882812509876544e-8,1.2520032076606524e-6
72755,0.819999951171875,0.82,4.882812498774314e-8,5.954649388749163e-6
72781,6.908521630859375,12.64,5.731478369140626,45.34397443940369
72786,0.549999853515625,0.55,1.4648437507425172e-7,2.663352274077304e-5
72819,1.5848298583984375,1.64,0.05517014160156242,3.3640330244855132
72839,0.04,0.04,0,0
72856,0.040000048828125,0.04,0,0
72866,0.01,0.01,0,0
72874,0.01,0.01,0,0
72882,0.010000048828125,0.01,0,0
72892,0.01,0.01,0,0
72908,0.019999951171875,0.02,4.8828125001620926e-8,2.4414062500810463e-4
72911,0.009999951171875,0.01,4.88281249998862e-8,4.88281249998862e-4
72917,0.01,0.01,0,0
72919,0.01,0.01,0,0
72924,1.3,1.3,0,0
72929,0.01,0.01,0,0
72964,0.1,0.1,0,0
72972,0.120000048828125,0.12,0,0
72975,0.01,0.01,0,0
72983,0.01,0.01,0,0
72998,0.020000048828125,0.02,0,0
73009,0.01,0.01,0,0
73010,0.01,0.01,0,0
73016,0.010000048828125,0.01,0,0
73020,0.05,0.05,0,0
73029,0.040000048828125,0.04,0,0
73031,0.01,0.01,0,0
73038,0.009999951171875,0.01,4.88281249998862e-8,4.88281249998862e-4
73053,0.029999951171875,0.03,4.882812499815148e-8,1.6276041666050495e-4
73054,0.02,0.02,0,0
73067,0.02,0.02,0,0
73088,0.87000009765625,0.87,0,0
73094,0.060000048828125,0.06,0,0
73114,0.05,0.05,0,0
73120,0.06,0.06,0,0
73188,0.92,0.92,0,0
73203,2.31999990234375,2.32,9.765624975344167e-8,4.209321110062141e-6
73244,0.068599951171875,0.08,0.011400048828124995,14.250061035156245
73270,3.179999951171875,3.18,4.882812509876544e-8,1.535475632036649e-6
73278,1.36000009765625,1.36,0,0
73281,0.15840009765625,0.21,0.051599902343750004,24.571382068452383
73283,0.01,0.01,0,0
73285,0.06,0.06,0,0
73290,0.01,0.01,0,0
73304,0.010000048828125,0.01,0,0
73319,4.309999951171875,4.31,4.882812465467623e-8,1.1329031242384278e-6
73326,1.089999853515625,1.09,1.4648437507425172e-7,1.3438933493050616e-5
73346,0.060000048828125,0.06,0,0
73347,0.01,0.01,0,0
73390,4.01,4.01,0,0
73441,0.030000048828125,0.03,0,0
73484,0.03,0.03,0,0
73494,0.009999951171875,0.01,4.88281249998862e-8,4.88281249998862e-4
73512,0.02,0.02,0,0
73522,0.010000048828125,0.01,0,0
73544,0.039999951171875,0.04,4.8828125001620926e-8,1.2207031250405231e-4
73568,0.02,0.02,0,0
73577,0.010000048828125,0.01,0,0
73587,0.02,0.02,0,0
73601,0.019999951171875,0.02,4.8828125001620926e-8,2.4414062500810463e-4
73603,0.449999951171875,0.45,4.882812498774314e-8,1.0850694441720697e-5
73640,0.01,0.01,0,0
73651,0.01,0.01,0,0
73747,2.52000009765625,2.52,0,0
73794,0.01,0.01,0,0
73826,0.01,0.01,0,0
73842,0.01,0.01,0,0
73850,0.010000048828125,0.01,0,0
73863,0.01,0.01,0,0
73877,1.19999990234375,1.2,9.765624997548628e-8,8.138020831290524e-6
73900,0.01,0.01,0,0
73914,0.010000048828125,0.01,0,0
73925,0.01,0.01,0,0
73938,0.009999951171875,0.01,4.88281249998862e-8,4.88281249998862e-4
73966,0.08,0.08,0,0
73981,0.009999951171875,0.01,4.88281249998862e-8,4.88281249998862e-4
73989,0.01,0.01,0,0
74008,0.01,0.01,0,0
74026,0.010000048828125,0.01,0,0
74033,0.01,0.01,0,0
74034,0.01,0.01,0,0
74041,0.010000048828125,0.01,0,0
74047,0.01,0.01,0,0
74051,0.01,0.01,0,0
74060,6.549999951171875,6.55,4.882812465467623e-8,7.454675519797898e-7
74192,0.01,0.01,0,0
74238,4.1899998046875,4.19,1.9531250039506176e-7,4.66139619081293e-6
74305,0.009999951171875,0.01,4.88281249998862e-8,4.88281249998862e-4
74335,0.020000048828125,0.02,0,0
74341,0.289999951171875,0.29,4.882812498774314e-8,1.683728447853212e-5
74347,0.02,0.02,0,0
74349,0.02,0.02,0,0
74359,0.02,0.02,0,0
74364,0.019999951171875,0.02,4.8828125001620926e-8,2.4414062500810463e-4
74365,0.009999951171875,0.01,4.88281249998862e-8,4.88281249998862e-4
74369,0.01,0.01,0,0
74372,2.550000146484375,2.55,0,0
74381,0.01,0.01,0,0
74395,0.05,0.05,0,0
74400,0.03,0.03,0,0
74641,2.099999951171875,2.1,4.882812509876544e-8,2.3251488142269254e-6
74653,0.01,0.01,0,0
74740,0.01,0.01,0,0
74973,3.99219404296875,4.91,0.9178059570312502,18.692585682917517
75082,5.239999951171875,5.24,4.882812554285465e-8,9.31834456924707e-7
75414,0.01,0.01,0,0
75422,0.009999951171875,0.01,4.88281249998862e-8,4.88281249998862e-4
75428,9.169999951171874,9.17,4.882812554285465e-8,5.32476832528404e-7
75528,0.11,0.11,0,0
75545,0.020000048828125,0.02,0,0
75597,6.659999853515625,6.66,1.464843748522071e-7,2.1994650878709777e-6
75598,0.01,0.01,0,0
75724,0.01,0.01,0,0
75784,1.87000009765625,1.87,0,0
75799,0.020000048828125,0.02,0,0
75815,1.439999951171875,1.44,4.8828124876720835e-8,3.390842005327836e-6
75916,0.01,0.01,0,0
75923,0.01,0.01,0,0
75962,0.01,0.01,0,0
75969,0.010000048828125,0.01,0,0
75980,0.01,0.01,0,0
75985,0.96,0.96,0,0
75991,0.01,0.01,0,0
76002,0.010000048828125,0.01,0,0
76005,2.880000146484375,2.88,0,0
76114,2.439999853515625,2.44,1.464843748522071e-7,6.003457985746193e-6
76160,0.37,0.37,0,0
76180,1.37,1.37,0,0
76221,0.80999990234375,0.81,9.765625008650858e-8,1.2056327171173897e-5
76229,1.609999951171875,1.61,4.882812509876544e-8,3.032802801165555e-6
76353,3.81000009765625,3.81,0,0
76395,0.049999951171875,0.05,4.8828125001620926e-8,9.765625000324185e-5
76421,0.019999951171875,0.02,4.8828125001620926e-8,2.4414062500810463e-4
76436,0.019999951171875,0.02,4.8828125001620926e-8,2.4414062500810463e-4
76455,0.74,0.74,0,0
76471,0.019999951171875,0.02,4.8828125001620926e-8,2.4414062500810463e-4
76485,22.085396435546876,32.57,10.484603564453124,32.190984232278545
76491,0.02,0.02,0,0
76528,0.02,0.02,0,0
76666,0.030000048828125,0.03,0,0
76688,4.70999990234375,4.71,9.765625019753088e-8,2.073381108227832e-6
76721,0.020000048828125,0.02,0,0
76745,0.62779931640625,3.21,2.58220068359375,80.44238889700155
76946,3.59000029296875,3.59,0,0
77033,1.389999951171875,1.39,4.8828124876720835e-8,3.5128147393324344e-6
77174,0.01,0.01,0,0
77184,0.020000048828125,0.02,0,0
77190,0.01,0.01,0,0
77193,0.03,0.03,0,0
77202,0.01,0.01,0,0
77213,1.54,1.54,0,0
77236,0.029999951171875,0.03,4.882812499815148e-8,1.6276041666050495e-4
77325,0.01,0.01,0,0
77523,0.320000048828125,0.32,0,0
77531,3.380000048828125,3.38,0,0
77619,3.470000146484375,3.47,0,0
77760,0.729999755859375,0.73,2.441406249387157e-7,3.3443921224481604e-5
77775,7.91000009765625,7.91,0,0
77803,17.89412197265625,54.19,36.29587802734375,66.9789223608484
77866,10.129999853515624,10.13,1.4648437662856395e-7,1.4460451789591701e-6
78013,0.009999951171875,0.01,4.88281249998862e-8,4.88281249998862e-4
78027,0.03,0.03,0,0
78036,0.009999951171875,0.01,4.88281249998862e-8,4.88281249998862e-4
78044,0.02,0.02,0,0
78045,5.070000341796875,5.07,0,0
78053,0.01,0.01,0,0
78096,0.110000048828125,0.11,0,0
78108,9.109533374023437,11.97,2.8604666259765636,23.89696429387271
78204,4.690000146484375,4.69,0,0
78255,9.020000341796875,9.02,0,0
78541,0.01,0.01,0,0
78559,0.01,0.01,0,0
78569,0.42,0.42,0,0
78579,0.01,0.01,0,0
78584,0.15900166015625,0.91,0.7509983398437501,82.5272900927198
78603,0.159999951171875,0.16,4.8828125015498713e-8,3.0517578134686696e-5
78611,0.01,0.01,0,0
78617,10.23000009765625,10.23,0,0
78624,0.01,0.01,0,0
78633,0.070000048828125,0.07,0,0
78634,0.009999951171875,0.01,4.88281249998862e-8,4.88281249998862e-4
78639,0.09,0.09,0,0
78642,0.02,0.02,0,0
78643,0.03,0.03,0,0
78644,0.05,0.05,0,0
78645,0.01,0.01,0,0
78660,0.04,0.04,0,0
78661,0.01,0.01,0,0
78662,0.080000048828125,0.08,0,0
78663,0.03,0.03,0,0
78664,0.140000048828125,0.14,0,0
78665,0.01,0.01,0,0
78668,2.76189873046875,3.32,0.5581012695312499,16.810279202748493
78677,0.02,0.02,0,0
78678,0.01,0.01,0,0
78679,0.12,0.12,0,0
78683,0.03,0.03,0,0
78690,0.03480078125,0.68,0.6451992187500001,94.8822380514706
78699,0.599999951171875,0.6,4.882812498774314e-8,8.138020831290524e-6
78704,0.120000048828125,0.12,0,0
78748,2.7,2.7,0,0
78756,8.92000009765625,8.92,0,0
78765,2.59,2.59,0,0
78797,1.249266162109375,1.41,0.1607338378906249,11.399562970966306
78882,3.5995345703125,6.35,2.7504654296874995,43.31441621555118
78888,1.260000048828125,1.26,0,0
78897,0.02,0.02,0,0
78901,0.020000048828125,0.02,0,0
78924,0.050000048828125,0.05,0,0
78950,0.04,0.04,0,0
78977,0.049999951171875,0.05,4.8828125001620926e-8,9.765625000324185e-5
78984,2.651598779296875,2.93,0.27840122070312523,9.501748146864342
79038,0.09,0.09,0,0
79042,0.87740048828125,1.12,0.24259951171875016,21.66067068917412
79070,0.04,0.04,0,0
79088,0.029999951171875,0.03,4.882812499815148e-8,1.6276041666050495e-4
79102,0.01,0.01,0,0
79122,0.01,0.01,0,0
79127,0.009999951171875,0.01,4.88281249998862e-8,4.88281249998862e-4
79129,0.617199365234375,5.74,5.122800634765625,89.24739781821644
79134,0.02,0.02,0,0
79135,0.01,0.01,0,0
79142,0.01,0.01,0,0
79160,0.78580107421875,0.93,0.14419892578125004,15.505260836693553
79208,0.35900205078125,0.48,0.12099794921874996,25.207906087239575
79281,0.039999951171875,0.04,4.8828125001620926e-8,1.2207031250405231e-4
79339,0.84020126953125,0.98,0.13979873046875002,14.265176578443882
79547,1.5442296630859376,1.67,0.12577033691406236,7.531157899045651
79724,0.01,0.01,0,0
79727,28.179999755859374,28.18,2.441406259379164e-7,8.663613411565523e-7
79751,0.060000048828125,0.06,0,0
79757,0.63,0.63,0,0
79763,0.01,0.01,0,0
79768,0.009999951171875,0.01,4.88281249998862e-8,4.88281249998862e-4
79771,0.01,0.01,0,0
79779,0.01,0.01,0,0
79780,0.01,0.01,0,0
79795,0.010000048828125,0.01,0,0
79829,1.34,1.34,0,0
79902,0.859999951171875,0.86,4.882812498774314e-8,5.677688952063155e-6
79937,0.749999951171875,0.75,4.882812498774314e-8,6.510416665032419e-6
79957,7.90000009765625,7.9,0,0
79989,0.01,0.01,0,0
80007,0.020000048828125,0.02,0,0
80026,6.46999970703125,6.47,2.929687497044142e-7,4.528110505477809e-6
80037,6.970000048828125,6.97,0,0
80042,0.01,0.01,0,0
80093,28.770000634765626,28.77,0,0
80103,0.02,0.02,0,0
80106,0.01,0.01,0,0
80107,0.029999951171875,0.03,4.882812499815148e-8,1.6276041666050495e-4
80113,0.009999951171875,0.01,4.88281249998862e-8,4.88281249998862e-4
80119,0.01,0.01,0,0
80134,0.04,0.04,0,0
80135,0.219999951171875,0.22,4.882812498774314e-8,2.2194602267155972e-5
80139,0.039999951171875,0.04,4.8828125001620926e-8,1.2207031250405231e-4
80150,0.04,0.04,0,0
80154,1.6332001953125,1.89,0.25679980468749997,13.587291253306876
80161,0.01,0.01,0,0
80165,0.050000048828125,0.05,0,0
80168,0.010000048828125,0.01,0,0
80173,0.63000009765625,0.63,0,0
80182,0.01,0.01,0,0
80184,0.24,0.24,0,0
80194,0.08,0.08,0,0
80206,1.69000009765625,1.69,0,0
80248,1.319999951171875,1.32,4.882812509876544e-8,3.699100386270109e-6
80250,0.349999951171875,0.35,4.882812498774314e-8,1.3950892853640897e-5
80255,0.02,0.02,0,0
80289,4.649999755859375,4.65,2.44140625049738e-7,5.25033602257501e-6
80305,1.899999951171875,1.9,4.8828124876720835e-8,2.5699013093010966e-6
80327,0.17,0.17,0,0
80328,0.42,0.42,0,0
80331,0.01,0.01,0,0
80343,0.02,0.02,0,0
80362,0.780000146484375,0.78,0,0
80437,0.010000048828125,0.01,0,0
80438,1.541457666015625,4.11,2.568542333984375,62.4949472988899
80463,3.73,3.73,0,0
80474,15.87,15.87,0,0
80475,1.498404150390625,2.71,1.211595849609375,44.70833393392528
80507,0.020000048828125,0.02,0,0
80521,0.029999951171875,0.03,4.882812499815148e-8,1.6276041666050495e-4
80569,0.71279794921875,12.8,12.08720205078125,94.4312660217285
80581,1.82999990234375,1.83,9.765624997548628e-8,5.336407102485589e-6
80590,0.507601513671875,0.61,0.10239848632812498,16.78663710297131
80663,0.879999951171875,0.88,4.882812498774314e-8,5.548650566788993e-6
80693,0.050000048828125,0.05,0,0
80740,14.520000244140626,14.52,0,0
80830,0.29000009765625,0.29,0,0
80848,0.980000048828125,0.98,0,0
80854,1.4100000976562501,1.41,0,0
80860,1.04000009765625,1.04,0,0
80865,0.01,0.01,0,0
80871,5.869999951171875,5.87,4.882812554285465e-8,8.31824966658512e-7
80872,0.01,0.01,0,0
80876,0.04,0.04,0,0
80880,0.009999951171875,0.01,4.88281249998862e-8,4.88281249998862e-4
80881,0.010000048828125,0.01,0,0
80885,0.07,0.07,0,0
80891,0.01,0.01,0,0
80892,0.01,0.01,0,0
80897,0.04,0.04,0,0
80898,0.22,0.22,0,0
80904,0.01,0.01,0,0
80914,0.03,0.03,0,0
80915,0.099999951171875,0.1,4.8828125001620926e-8,4.8828125001620926e-5
80920,21.349999707031248,21.35,2.929687532571279e-7,1.3722189848109034e-6
80923,0.03,0.03,0,0
80924,1.159999951171875,1.16,4.8828124876720835e-8,4.209321110062141e-6
80935,0.01,0.01,0,0
80953,1.75999990234375,1.76,9.765624997548628e-8,5.548650566788993e-6
80957,0.345599169921875,2.22,1.8744008300781252,84.43246982333896
80958,1.05000009765625,1.05,0,0
80963,0.01,0.01,0,0
80970,0.760000048828125,0.76,0,0
80995,0.05,0.05,0,0
80996,0.52079873046875,2.03,1.5092012695312498,74.34489012469211
81000,0.27000009765625,0.27,0,0
81001,1.172368994140625,4.28,3.1076310058593752,72.60820107148074
81008,3.0618415283203126,14.34,11.278158471679687,78.6482459670829
81023,0.079999951171875,0.08,4.8828125001620926e-8,6.103515625202616e-5
81025,0.17,0.17,0,0
81029,0.04,0.04,0,0
81030,0.01,0.01,0,0
81037,2.07,2.07,0,0
81043,0.030000048828125,0.03,0,0
81053,0.110000048828125,0.11,0,0
81055,2.61999990234375,2.62,9.765625019753088e-8,3.7273377937988885e-6
81064,0.02,0.02,0,0
81099,3.319999853515625,3.32,1.464843748522071e-7,4.412179965427925e-6
81118,0.449999951171875,0.45,4.882812498774314e-8,1.0850694441720697e-5
81121,0.110000048828125,0.11,0,0
81145,0.02,0.02,0,0
81148,0.240000048828125,0.24,0,0
81150,0.01,0.01,0,0
81160,1.13000009765625,1.13,0,0
81192,4.1500001953125,4.15,0,0
81215,0.010000048828125,0.01,0,0
81221,1.350000048828125,1.35,0,0
81234,0.07,0.07,0,0
81242,0.190000048828125,0.19,0,0
81269,1.09999990234375,1.1,9.765625019753088e-8,8.877840927048261e-6
81270,0.220000048828125,0.22,0,0
81275,0.01,0.01,0,0
81278,0.23999990234375002,0.24,9.765624997548628e-8,4.069010415645262e-5
81280,0.010000048828125,0.01,0,0
81291,0.01,0.01,0,0
81292,0.010000048828125,0.01,0,0
81300,0.01,0.01,0,0
81310,0.010000048828125,0.01,0,0
81311,0.009999951171875,0.01,4.88281249998862e-8,4.88281249998862e-4
81312,0.049999951171875,0.05,4.8828125001620926e-8,9.765625000324185e-5
81322,6.960000048828125,6.96,0,0
81325,0.01,0.01,0,0
81326,0.13,0.13,0,0
81331,0.02,0.02,0,0
81332,0.01,0.01,0,0
81341,0.01,0.01,0,0
81347,0.009999951171875,0.01,4.88281249998862e-8,4.88281249998862e-4
81358,0.01,0.01,0,0
81367,0.26999990234375,0.27,9.765625003099743e-8,3.616898149296201e-5
81368,0.010000048828125,0.01,0,0
81375,0.01,0.01,0,0
81392,4.55759521484375,9.65,5.09240478515625,52.77103404306995
81399,0.05,0.05,0,0
81404,0.910000048828125,0.91,0,0
81405,0.179999951171875,0.18,4.882812498774314e-8,2.7126736104301744e-5
81407,0.32,0.32,0,0
81409,0.06,0.06,0,0
81410,0.019999951171875,0.02,4.8828125001620926e-8,2.4414062500810463e-4
81411,0.070000048828125,0.07,0,0
81420,0.01,0.01,0,0
81429,0.070000048828125,0.07,0,0
81430,0.02,0.02,0,0
81436,0.140000048828125,0.14,0,0
81437,0.06,0.06,0,0
81438,0.02,0.02,0,0
81443,0.97000009765625,0.97,0,0
81446,0.079999951171875,0.08,4.8828125001620926e-8,6.103515625202616e-5
81462,0.02,0.02,0,0
81474,8.909999853515625,8.91,1.464843748522071e-7,1.6440446111358823e-6
81477,0.88999990234375,0.89,9.765624997548628e-8,1.097261235679621e-5
81480,0.01,0.01,0,0
81487,0.39,0.39,0,0
81495,1.749999951171875,1.75,4.882812509876544e-8,2.790178577072311e-6
81524,0.03,0.03,0,0
81532,0.010000048828125,0.01,0,0
81537,0.02,0.02,0,0
81547,0.02,0.02,0,0
81553,0.030000048828125,0.03,0,0
81563,0.02,0.02,0,0
81571,0.04,0.04,0,0
81578,0.05,0.05,0,0
81589,0.030000048828125,0.03,0,0
81596,1.4599998046875,1.46,1.9531249995097255e-7,1.337756848979264e-5
81650,0.129999951171875,0.13,4.8828125015498713e-8,3.756009616576824e-5
81659,0.753600146484375,4.19,3.4363998535156255,82.01431631302208
81667,0.901201513671875,4.2,3.298798486328125,78.5428211030506
81714,0.01,0.01,0,0
81752,14.799999951171875,14.8,4.882812554285465e-8,3.299197671814503e-7
81788,28.040000390625,28.04,0,0
82020,0.308397607421875,2.3,1.9916023925781248,86.59140837296195
82072,0.009599951171875,0.01,4.0004882812500094e-4,4.000488281250009
82077,0.01,0.01,0,0
82087,0.009999951171875,0.01,4.88281249998862e-8,4.88281249998862e-4
82133,0.5532025390625,4.99,4.4367974609375,88.91377677229458
82164,0.01,0.01,0,0
82171,0.009999951171875,0.01,4.88281249998862e-8,4.88281249998862e-4
82178,0.01,0.01,0,0
82179,7.783891333007812,14.45,6.666108666992187,46.132239909980534
82217,0.009999951171875,0.01,4.88281249998862e-8,4.88281249998862e-4
82232,0.150000048828125,0.15,0,0
82238,1.29,1.29,0,0
82277,0.3135990234375,0.45,0.1364009765625,30.311328124999996
82325,0.01,0.01,0,0
82331,0.01,0.01,0,0
82374,0.19999990234375,0.2,9.765625000324185e-8,4.8828125001620926e-5
82416,6.0400001953125,6.04,0,0
82448,0.009999951171875,0.01,4.88281249998862e-8,4.88281249998862e-4
82463,0.01,0.01,0,0
82464,0.01,0.01,0,0
82466,0.17,0.17,0,0
82469,0.010000048828125,0.01,0,0
82470,0.02,0.02,0,0
82478,0.02,0.02,0,0
82484,0.01,0.01,0,0
82485,0.01,0.01,0,0
82493,0.009999951171875,0.01,4.88281249998862e-8,4.88281249998862e-4
82494,0.01,0.01,0,0
82504,0.01,0.01,0,0
82505,0.020000048828125,0.02,0,0
82520,0.010000048828125,0.01,0,0
82521,0.109999951171875,0.11,4.8828125001620926e-8,4.438920454692811e-5
82524,0.55999990234375,0.56,9.765625008650858e-8,1.743861608687653e-5
82529,0.01,0.01,0,0
82532,1.2699998046875,1.27,1.9531249995097255e-7,1.5378937004013585e-5
82538,0.009999951171875,0.01,4.88281249998862e-8,4.88281249998862e-4
82547,0.01,0.01,0,0
82548,0.01,0.01,0,0
82555,0.02,0.02,0,0
82579,1.479999951171875,1.48,4.8828124876720835e-8,3.299197626805462e-6
82669,19.1299998046875,19.13,1.9531249861870492e-7,1.020974901300078e-6
82677,0.58,0.58,0,0
82722,3.459999853515625,3.46,1.464843748522071e-7,4.233652452375928e-6
82736,0.189999853515625,0.19,1.46484374990985e-7,7.709703946893947e-5
82802,0.169999951171875,0.17,4.8828125015498713e-8,2.8722426479705125e-5
82830,2.399999853515625,2.4,1.464843748522071e-7,6.103515618841963e-6
82842,0.69,0.69,0,0
82883,0.02,0.02,0,0
82889,0.05,0.05,0,0
82921,1.650000146484375,1.65,0,0
82988,0.39999990234375,0.4,9.765625003099743e-8,2.4414062507749357e-5
83016,4.05,4.05,0,0
83056,5.460000048828125,5.46,0,0
83070,2.880000048828125,2.88,0,0
83126,0.059999951171875,0.06,4.882812499468203e-8,8.138020832447006e-5
83127,0.550000048828125,0.55,0,0
83142,0.41000009765625,0.41,0,0
83186,9.34,9.34,0,0
83202,7.37299443359375,21.13,13.75700556640625,65.10651001612044
83207,1.2146344970703125,35.18,33.965365502929686,96.54737209474044
83222,5.5743951171875,22.1,16.5256048828125,74.77649268240951
83237,0.14999990234375,0.15,9.765625000324185e-8,6.51041666688279e-5
83247,0.01,0.01,0,0
83253,0.01,0.01,0,0
83295,0.01,0.01,0,0
83306,0.08,0.08,0,0
83322,0.120000048828125,0.12,0,0
83337,0.04,0.04,0,0
83347,0.010000048828125,0.01,0,0
83370,0.010000048828125,0.01,0,0
83372,2.020000048828125,2.02,0,0
83374,0.19999990234375,0.2,9.765625000324185e-8,4.8828125001620926e-5
83384,6.33,6.33,0,0
83405,5.360993701171875,8.82,3.4590062988281254,39.217758490114804
83426,0.04,0.04,0,0
83463,0.04,0.04,0,0
83477,0.11899990234375,0.12,0.0010000976562499903,0.8334147135416585
83480,0.0096,0.01,4.0000000000000105e-4,4.000000000000011
83491,0.010000048828125,0.01,0,0
83523,0.01,0.01,0,0
83530,0.610000048828125,0.61,0,0
83535,0.01,0.01,0,0
83549,0.009999951171875,0.01,4.88281249998862e-8,4.88281249998862e-4
83557,0.01,0.01,0,0
83566,0.01,0.01,0,0
83574,0.010000048828125,0.01,0,0
83606,0.01,0.01,0,0
83616,0.01,0.01,0,0
83619,2.360000146484375,2.36,0,0
83631,0.030000048828125,0.03,0,0
83692,2.39000009765625,2.39,0,0
83738,0.590000146484375,0.59,0,0
83748,0.569999951171875,0.57,4.882812498774314e-8,8.56633771714792e-6
83853,0.039999951171875,0.04,4.8828125001620926e-8,1.2207031250405231e-4
83921,0.009999951171875,0.01,4.88281249998862e-8,4.88281249998862e-4
84005,0.50160166015625,0.76,0.25839833984375005,33.999781558388165
84154,7.01000009765625,7.01,0,0
84163,0.03,0.03,0,0
84208,0.530000048828125,0.53,0,0
84211,0.030000048828125,0.03,0,0
84239,0.009999951171875,0.01,4.88281249998862e-8,4.88281249998862e-4
84280,0.230000048828125,0.23,0,0
84281,1.77999990234375,1.78,9.765624997548628e-8,5.486306178398105e-6
84306,0.29000009765625,0.29,0,0
84346,0.32,0.32,0,0
84402,0.03,0.03,0,0
84414,0.01,0.01,0,0
84424,0.009999951171875,0.01,4.88281249998862e-8,4.88281249998862e-4
84433,0.109200048828125,2.05,1.9407999511718748,94.67316834984756
84449,0.01,0.01,0,0
84522,0.41,0.41,0,0
84554,0.029999951171875,0.03,4.882812499815148e-8,1.6276041666050495e-4
84616,1.140000048828125,1.14,0,0
84617,0.05,0.05,0,0
84618,3.880000048828125,3.88,0,0
84625,0.62000009765625,0.62,0,0
84627,4.9400001953125,4.94,0,0
84639,0.09779912109375,4.54,4.44220087890625,97.84583433714207
84660,0.08,0.08,0,0
84706,0.18,0.18,0,0
84709,0.280000048828125,0.28,0,0
84715,0.29000009765625,0.29,0,0
84718,0.010000048828125,0.01,0,0
84737,0.560000048828125,0.56,0,0
84746,0.28999990234375,0.29,9.765624997548628e-8,3.367456895706424e-5
84753,0.01,0.01,0,0
84756,0.66,0.66,0,0
84760,0.01,0.01,0,0
84762,12.000348364257812,13.51,1.5096516357421876,11.17432742962389
84767,0.64000009765625,0.64,0,0
84769,0.24,0.24,0,0
84782,0.01,0.01,0,0
84788,0.130000048828125,0.13,0,0
84802,0.100000048828125,0.1,0,0
84805,0.23,0.23,0,0
84811,0.11,0.11,0,0
84815,0.009999951171875,0.01,4.88281249998862e-8,4.88281249998862e-4
84818,3.360000048828125,3.36,0,0
84825,0.170000048828125,0.17,0,0
84844,0.079999951171875,0.08,4.8828125001620926e-8,6.103515625202616e-5
84861,0.709999951171875,0.71,4.882812498774314e-8,6.877200702499034e-6
84868,0.29,0.29,0,0
84875,0.97,0.97,0,0
84880,0.0160769287109375,0.86,0.8439230712890625,98.13058968477472
84967,0.11,0.11,0,0
84992,0.01,0.01,0,0
84997,0.01,0.01,0,0
85017,0.04,0.04,0,0
85043,0.04,0.04,0,0
85049,4.77999990234375,4.78,9.765625019753088e-8,2.0430177865592235e-6
85052,0.01,0.01,0,0
85055,1.957799267578125,2,0.04220073242187494,2.110036621093747
85057,0.00560029296875,0.12,0.11439970703124999,95.33308919270833
85066,0.019999951171875,0.02,4.8828125001620926e-8,2.4414062500810463e-4
85076,0.39,0.39,0,0
85093,0.01,0.01,0,0
85113,1.34479814453125,2.35,1.00520185546875,42.77454704122341
85127,3.99000009765625,3.99,0,0
85137,0.01,0.01,0,0
85138,0.009999951171875,0.01,4.88281249998862e-8,4.88281249998862e-4
85143,1.33000009765625,1.33,0,0
85146,0.010000048828125,0.01,0,0
85150,1.800000048828125,1.8,0,0
85151,0.81000009765625,0.81,0,0
85155,0.01,0.01,0,0
85202,0.22,0.22,0,0
85203,0.469999951171875,0.47,4.882812498774314e-8,1.0388962763349605e-5
85212,0.03,0.03,0,0
85213,0.698997021484375,1.38,0.6810029785156249,49.348041921422094
85225,0.019999951171875,0.02,4.8828125001620926e-8,2.4414062500810463e-4
85244,0.010000048828125,0.01,0,0
85289,0.160198779296875,0.23,0.069801220703125,30.348356827445652
85308,8.78000009765625,8.78,0,0
85353,0.03,0.03,0,0
85355,0.1508017578125,0.45,0.2991982421875,66.48849826388889
85377,4.899599609375,8.83,3.9304003906250005,44.51189570356739
85462,9.186207470703126,19.66,10.473792529296874,53.274631379943415
85463,0.856600732421875,1.64,0.783399267578125,47.7682480230564
85465,8.609999755859375,8.61,2.4414062416155957e-7,2.835547318949589e-6
85472,12.939999853515625,12.94,1.464843748522071e-7,1.1320276263694522e-6
85476,0.01,0.01,0,0
85491,0.01,0.01,0,0
85509,5.280000244140625,5.28,0,0
85517,0.043213427734375,0.06,0.016786572265625,27.977620442708336
85531,0.06,0.06,0,0
85547,0.08000009765625,0.08,0,0
85564,0.819999951171875,0.82,4.882812498774314e-8,5.954649388749163e-6
85565,1.47999990234375,1.48,9.765624997548628e-8,6.5983952686139375e-6
85571,1.38,1.38,0,0
85582,0.00179990234375,1.87,1.86820009765625,99.90374853776737
85586,0.690000048828125,0.69,0,0
85608,0.05,0.05,0,0
85634,0.2575998046875,0.44,0.1824001953125,41.45458984375001
85684,0.64999990234375,0.65,9.765624997548628e-8,1.502403845776712e-5
85703,10.074226831054688,12.61,2.535773168945312,20.10922417878915
85704,10.420207861328125,34.94,24.519792138671875,70.17685214273577
85708,0.02,0.02,0,0
85733,0.92,0.92,0,0
85736,2.44280205078125,2.85,0.4071979492187503,14.287647341008782
85751,2.363798974609375,2.96,0.5962010253906249,20.14192653346706
85754,0.09,0.09,0,0
85773,0.01,0.01,0,0
85807,2.74,2.74,0,0
85845,0.149999951171875,0.15,4.882812498774314e-8,3.2552083325162094e-5
85853,3.529999951171875,3.53,4.882812465467623e-8,1.3832329930503183e-6
85856,0.16,0.16,0,0
85860,0.01,0.01,0,0
85864,2.8554,2.98,0.12460000000000004,4.181208053691277
85873,0.070000048828125,0.07,0,0
85874,0.01,0.01,0,0
85900,0.12000009765625,0.12,0,0
85921,0.13999990234375,0.14,9.765625000324185e-8,6.97544642880299e-5
85925,0.709999853515625,0.71,1.4648437496322941e-7,2.06316021074971e-5
85929,0.01,0.01,0,0
85931,0.2127990234375,0.64,0.4272009765625,66.750152587890625
86006,0.019999951171875,0.02,4.8828125001620926e-8,2.4414062500810463e-4
86011,5.25000009765625,5.25,0,0
86073,2.219999755859375,2.22,2.44140625049738e-7,1.09973254526909e-5
86088,3.7745779052734374,4.9,1.125422094726563,22.96779785156251
86098,2.13262724609375,4.47,2.3373727539062497,52.29021820819351
86116,1.590000048828125,1.59,0,0
86117,0.310000048828125,0.31,0,0
86217,7.91359990234375,8.04,0.1264000976562487,1.5721405181125463
86265,13.56159990234375,15.92,2.3584000976562507,14.814070965177454
86287,0.1400748046875,0.32,0.1799251953125,56.22662353515625
86326,0.08184208984375,2.43,2.34815791015625,96.63201276363168
86347,0.301196337890625,1.78,1.478803662109375,83.078857421875
86402,5.49999990234375,5.5,9.765625019753088e-8,1.7755681854096523e-6
86433,0.009999951171875,0.01,4.88281249998862e-8,4.88281249998862e-4
86441,0.02,0.02,0,0
86448,0.7260639404296875,2.19,1.4639360595703126,66.84639541416954
86475,0.01,0.01,0,0
86625,0.010000048828125,0.01,0,0
86637,0.01,0.01,0,0
86653,0.851625341796875,3.23,2.378374658203125,73.63389034684597
86658,0.01,0.01,0,0
86661,1.040399658203125,2.13,1.089600341796875,51.15494562426643
86697,0.01,0.01,0,0
86707,0.01,0.01,0,0
86715,0.88,0.88,0,0
86721,8.713681396484375,9.86,1.146318603515624,11.625949325716268
86723,9.923599853515626,10.01,0.08640014648437422,0.863138326517225
86730,0.63239443359375,2.67,2.03760556640625,76.31481522120787
86766,0.16,0.16,0,0
86822,0.049999951171875,0.05,4.8828125001620926e-8,9.765625000324185e-5
86832,2.93999990234375,2.94,9.765624975344167e-8,3.3216411480762472e-6
86863,1.72120078125,1.82,0.09879921874999997,5.428528502747251
86865,0.133800537109375,0.26,0.126199462890625,48.53825495793269
86875,3.0800001953125,3.08,0,0
86893,0.059200830078125,0.33,0.270799169921875,82.06035452178031
86922,0.010000048828125,0.01,0,0
86940,0.01,0.01,0,0
86948,15.3499998046875,15.35,1.9531250039506176e-7,1.2723941393815099e-6
86965,0.01,0.01,0,0
86978,1.268202490234375,5.71,4.441797509765625,77.78979876997592
87015,0.00579990234375,12.56,12.554200097656251,99.95382243356887
87028,2.75259541015625,9.94,7.18740458984375,72.30789325798541
87043,0.5136,0.55,0.0364000000000001,6.618181818181836
87050,5.19120537109375,7.64,2.44879462890625,32.052285718668195
87085,10.479999755859374,10.48,2.441406259379164e-7,2.329586125361798e-6
87099,0.01,0.01,0,0
87242,0.01,0.01,0,0
87282,3.170000048828125,3.17,0,0
87308,5.66600009765625,5.72,0.05399990234375007,0.9440542367788475
87317,0.934402490234375,10.23,9.295597509765626,90.86605581393573
87354,2.129999755859375,2.13,2.44140625049738e-7,1.1462001176044037e-5
87391,1.209999951171875,1.21,4.8828124876720835e-8,4.035382221216598e-6
87431,4.602996875,5.17,0.5670031250000003,10.967178433268863
87495,0.780000146484375,0.78,0,0
87558,2.020000146484375,2.02,0,0
87609,0.01,0.01,0,0
87623,0.01,0.01,0,0
87629,0.010000048828125,0.01,0,0
87632,8.339999951171874,8.34,4.882812554285465e-8,5.854691312092884e-7
87642,0.01,0.01,0,0
87649,0.009999951171875,0.01,4.88281249998862e-8,4.88281249998862e-4
87660,1.349999853515625,1.35,1.4648437507425172e-7,1.085069444994457e-5
87781,0.170000048828125,0.17,0,0
87806,1.800000146484375,1.8,0,0
87839,3.130000146484375,3.13,0,0
87969,21.98000009765625,21.98,0,0
88018,2.49,2.49,0,0
88263,3.729999853515625,3.73,1.464843748522071e-7,3.927195036252201e-6
88305,20.8700001953125,20.87,0,0
88494,0.24,0.24,0,0
88636,0.01,0.01,0,0
88681,0.39999990234375,0.4,9.765625003099743e-8,2.4414062507749357e-5
88827,0.16,0.16,0,0
88856,0.030000048828125,0.03,0,0
89563,0.02,0.02,0,0
89568,0.289999951171875,0.29,4.882812498774314e-8,1.683728447853212e-5
89671,5.920000146484375,5.92,0,0
89731,0.9,0.9,0,0
89832,6.990000244140625,6.99,0,0
89895,0.81,0.81,0,0
89904,8.84000009765625,8.84,0,0
89911,0.02,0.02,0,0
89944,0.01,0.01,0,0
89960,0.009999951171875,0.01,4.88281249998862e-8,4.88281249998862e-4
90011,0.04,0.04,0,0
90019,0.01,0.01,0,0
90028,0.010000048828125,0.01,0,0
90056,0.039999951171875,0.04,4.8828125001620926e-8,1.2207031250405231e-4
90067,0.01,0.01,0,0
90105,0.597601904296875,3.43,2.832398095703125,82.57720395635933
90109,1.39,1.39,0,0
90116,0.050000048828125,0.05,0,0
90129,0.480000146484375,0.48,0,0
90191,0.01,0.01,0,0
90204,0.010000048828125,0.01,0,0
90216,15.34999951171875,15.35,4.88281250099476e-7,3.180985342667596e-6
90223,0.060000048828125,0.06,0,0
90306,0.21,0.21,0,0
90468,0.303600048828125,0.31,0.0063999511718749735,2.064500378024185
90516,1.88999990234375,1.89,9.765624997548628e-8,5.1669973532003325e-6
90679,0.01,0.01,0,0
90682,0.4759939453125,35.82,35.3440060546875,98.67115034809463
90705,0.01,0.01,0,0
90738,0.01,0.01,0,0
90769,0.01,0.01,0,0
90788,0.01,0.01,0,0
90797,0.01,0.01,0,0
90807,0.010000048828125,0.01,0,0
90811,0.03,0.03,0,0
90833,0.01,0.01,0,0
90840,0.02,0.02,0,0
90905,5.383617309570313,30.05,24.66638269042969,82.08446818778599
90906,1.52,1.52,0,0
90956,0.35919541015625,2.25,1.89080458984375,84.03575954861111
90978,0.02,0.02,0,0
91021,0.301398681640625,0.37,0.068601318359375,18.540896853885133
91061,0.019999951171875,0.02,4.8828125001620926e-8,2.4414062500810463e-4
91064,2.6214013671875,2.83,0.20859863281250002,7.370976424469965
91070,0.770000146484375,0.77,0,0
91075,0.01,0.01,0,0
91076,8.369999560546875,8.37,4.3945312455662133e-7,5.25033601620814e-6
91092,1.279999853515625,1.28,1.4648437507425172e-7,1.1444091802675915e-5
91211,0.850000048828125,0.85,0,0
91233,1.719999951171875,1.72,4.8828124876720835e-8,2.8388444695767927e-6
91237,21.959999755859375,21.96,2.441406259379164e-7,1.111751484234592e-6
91348,4.43000029296875,4.43,0,0
91359,0.010000048828125,0.01,0,0
91386,0.07,0.07,0,0
91394,0.55,0.55,0,0
91396,0.01,0.01,0,0
91397,0.04,0.04,0,0
91411,0.06,0.06,0,0
91446,0.21,0.21,0,0
91458,0.120000048828125,0.12,0,0
91500,0.050000048828125,0.05,0,0
91516,0.429999951171875,0.43,4.882812498774314e-8,1.135537790412631e-5
91535,0.03,0.03,0,0
91555,0.01,0.01,0,0
91583,0.01,0.01,0,0
91606,0.11,0.11,0,0
91618,0.009999951171875,0.01,4.88281249998862e-8,4.88281249998862e-4
91628,0.869999951171875,0.87,4.882812498774314e-8,5.612428159510706e-6
91635,0.01,0.01,0,0
91696,4.985916748046875,6.63,1.6440832519531252,24.79763577606524
91723,0.079999951171875,0.08,4.8828125001620926e-8,6.103515625202616e-5
91729,0.020000048828125,0.02,0,0
91731,0.07,0.07,0,0
91732,0.01,0.01,0,0
91733,29.98000029296875,29.98,0,0
91795,5.3800001953125,5.38,0,0
91797,1.21,1.21,0,0
91803,0.019999951171875,0.02,4.8828125001620926e-8,2.4414062500810463e-4
91811,0.150000048828125,0.15,0,0
91823,3.66,3.66,0,0
91829,0.01,0.01,0,0
91839,0.160000048828125,0.16,0,0
91853,0.150000048828125,0.15,0,0
91864,0.849999951171875,0.85,4.882812498774314e-8,5.744485292675663e-6
91880,1.9200001953125,1.92,0,0
91888,1.08,1.08,0,0
91905,0.01,0.01,0,0
91917,0.010000048828125,0.01,0,0
91918,0.009999951171875,0.01,4.88281249998862e-8,4.88281249998862e-4
91919,0.95000009765625,0.95,0,0
91921,0.24999990234375,0.25,9.765625000324185e-8,3.906250000129674e-5
91945,0.499999951171875,0.5,4.882812498774314e-8,9.765624997548628e-6
91951,0.02,0.02,0,0
92003,0.820000048828125,0.82,0,0
92005,0.010000048828125,0.01,0,0
92010,0.96,0.96,0,0
92044,0.8960048828125,11.26,10.3639951171875,92.04258541019095
92052,0.21,0.21,0,0
92064,0.009999951171875,0.01,4.88281249998862e-8,4.88281249998862e-4
92094,0.749999951171875,0.75,4.882812498774314e-8,6.510416665032419e-6
92099,0.01,0.01,0,0
92117,0.079999951171875,0.08,4.8828125001620926e-8,6.103515625202616e-5
92119,0.009999951171875,0.01,4.88281249998862e-8,4.88281249998862e-4
92135,0.01,0.01,0,0
92185,11.924577734375,24.93,13.005422265625,52.16775878710389
92189,0.01,0.01,0,0
92199,11.670000146484375,11.67,0,0
92206,9.510000439453124,9.51,0,0
92237,0.010000048828125,0.01,0,0
92242,0.1,0.1,0,0
92243,0.010000048828125,0.01,0,0
92245,5.440000244140625,5.44,0,0
92256,0.009999951171875,0.01,4.88281249998862e-8,4.88281249998862e-4
92257,0.01,0.01,0,0
92309,0.039999951171875,0.04,4.8828125001620926e-8,1.2207031250405231e-4
92312,0.45999990234375,0.46,9.765625003099743e-8,2.122961957195596e-5
92319,50.50141137695312,65.82,15.318588623046871,23.27345582352913
92321,0.17419677734375,1.18,1.0058032226562499,85.23756124205508
92337,0.004399755859375,0.01,0.005600244140625,56.00244140625
92342,0.00859990234375,0.01,0.00140009765625,14.0009765625
92350,0.018799755859375,0.02,0.0012002441406250008,6.001220703125004
92358,0.450000048828125,0.45,0,0
92360,0.64999990234375,0.65,9.765624997548628e-8,1.502403845776712e-5
92377,0.64,0.64,0,0
92395,0.189999951171875,0.19,4.8828125015498713e-8,2.5699013166051954e-5
92474,3.05399521484375,4.9,1.8460047851562504,37.67356704400511
92499,0.87,0.87,0,0
92518,0.020000048828125,0.02,0,0
92548,0.01,0.01,0,0
92693,0.009999951171875,0.01,4.88281249998862e-8,4.88281249998862e-4
92701,0.410000048828125,0.41,0,0
92704,2.248001171875,11.11,8.861998828125,79.76596604972997
92705,1.83,1.83,0,0
92741,0.51,0.51,0,0
92801,0.49728310546875,1.92,1.4227168945312498,74.09983825683594
92822,0.01,0.01,0,0
92833,2.670000048828125,2.67,0,0
92850,0.009999951171875,0.01,4.88281249998862e-8,4.88281249998862e-4
92875,10.800000048828124,10.8,0,0
92888,0.109999951171875,0.11,4.8828125001620926e-8,4.438920454692811e-5
92897,0.009999951171875,0.01,4.88281249998862e-8,4.88281249998862e-4
92904,2.070000048828125,2.07,0,0
92907,1.8,1.8,0,0
92956,2.06999521484375,3.66,1.5900047851562502,43.44275369279372
92960,0.439999951171875,0.44,4.882812498774314e-8,1.1097301133577986e-5
92997,2.435799560546875,2.45,0.014200439453125213,0.5796097735969474
93019,0.070000048828125,0.07,0,0
93059,1.19999990234375,1.2,9.765624997548628e-8,8.138020831290524e-6
93074,0.010000048828125,0.01,0,0
93081,0.01,0.01,0,0
93082,0.01,0.01,0,0
93089,0.01,0.01,0,0
93102,0.159999951171875,0.16,4.8828125015498713e-8,3.0517578134686696e-5
93103,4.16,4.16,0,0
93131,0.05,0.05,0,0
93140,3.170000146484375,3.17,0,0
93166,0.389999951171875,0.39,4.882812498774314e-8,1.2520032048139266e-5
93184,2.038088916015625,66.07,64.03191108398437,96.91525818674796
93193,9.78000009765625,9.78,0,0
93194,0.49000009765625,0.49,0,0
93196,0.04,0.04,0,0
93200,0.010000048828125,0.01,0,0
93219,0.019999951171875,0.02,4.8828125001620926e-8,2.4414062500810463e-4
93238,0.04,0.04,0,0
93239,0.03,0.03,0,0
93241,0.05,0.05,0,0
93248,0.01,0.01,0,0
93249,0.01,0.01,0,0
93250,0.03,0.03,0,0
93256,0.01,0.01,0,0
93265,0.010000048828125,0.01,0,0
93266,0.010000048828125,0.01,0,0
93285,0.01,0.01,0,0
93286,0.01,0.01,0,0
93296,0.01,0.01,0,0
93318,14.008195703125,16.3,2.291804296875,14.060149060582821
93324,0.42999990234375,0.43,9.765624997548628e-8,2.271075580825262e-5
93327,0.02,0.02,0,0
93347,2.144994921875,3.51,1.3650050781249998,38.88903356481482
93353,85.54280087890625,85.94,0.3971991210937489,0.4621818956175808
93363,0.11,0.11,0,0
93371,0.010000048828125,0.01,0,0
93377,0.01,0.01,0,0
93465,0.009999951171875,0.01,4.88281249998862e-8,4.88281249998862e-4
93473,9.599998291015623,9.98,0.380001708984377,3.807632354552876
93476,1.04,1.04,0,0
93492,0.01,0.01,0,0
93499,0.029999951171875,0.03,4.882812499815148e-8,1.6276041666050495e-4
93502,0.04,0.04,0,0
93505,0.02,0.02,0,0
93538,0.16,0.16,0,0
93547,0.11,0.11,0,0
93566,0.14,0.14,0,0
93575,0.029999951171875,0.03,4.882812499815148e-8,1.6276041666050495e-4
93626,0.009999951171875,0.01,4.88281249998862e-8,4.88281249998862e-4
93650,0.019999951171875,0.02,4.8828125001620926e-8,2.4414062500810463e-4
93655,13.509999755859376,13.51,2.4414062416155957e-7,1.8071104675170954e-6
93665,0.01,0.01,0,0
93680,0.01,0.01,0,0
93688,0.01,0.01,0,0
93706,0.02,0.02,0,0
93710,0.330000048828125,0.33,0,0
93729,0.05,0.05,0,0
93756,0.01,0.01,0,0
93790,12.849999853515625,12.85,1.464843748522071e-7,1.1399562245307946e-6
93896,0.019999951171875,0.02,4.8828125001620926e-8,2.4414062500810463e-4
93901,0.540000146484375,0.54,0,0
93928,0.019999951171875,0.02,4.8828125001620926e-8,2.4414062500810463e-4
93936,41.06,41.06,0,0
93949,0.019999951171875,0.02,4.8828125001620926e-8,2.4414062500810463e-4
93950,0.06,0.06,0,0
93979,0.029999951171875,0.03,4.882812499815148e-8,1.6276041666050495e-4
93980,0.020000048828125,0.02,0,0
93994,0.79000009765625,0.79,0,0
93996,0.029999951171875,0.03,4.882812499815148e-8,1.6276041666050495e-4
94002,0.29559951171875,0.37,0.07440048828125001,20.108240076013516
94011,0.009999951171875,0.01,4.88281249998862e-8,4.88281249998862e-4
94023,0.100000048828125,0.1,0,0
94030,0.019999951171875,0.02,4.8828125001620926e-8,2.4414062500810463e-4
94059,0.009999951171875,0.01,4.88281249998862e-8,4.88281249998862e-4
94076,0.01,0.01,0,0
94082,0.019999951171875,0.02,4.8828125001620926e-8,2.4414062500810463e-4
94093,0.01,0.01,0,0
94104,6.530000390625,6.53,0,0
94123,8.939999853515625,8.94,1.464843748522071e-7,1.6385276829105942e-6
94135,0.01,0.01,0,0
94141,0.009999951171875,0.01,4.88281249998862e-8,4.88281249998862e-4
94169,0.01,0.01,0,0
94177,0.029999951171875,0.03,4.882812499815148e-8,1.6276041666050495e-4
94206,0.020000048828125,0.02,0,0
94236,2.03,2.03,0,0
94241,1.14000009765625,1.14,0,0
94249,0.029999951171875,0.03,4.882812499815148e-8,1.6276041666050495e-4
94250,0.009999951171875,0.01,4.88281249998862e-8,4.88281249998862e-4
94259,0.01,0.01,0,0
94269,0.01,0.01,0,0
94316,0.02,0.02,0,0
94341,0.43000009765625,0.43,0,0
94369,0.01,0.01,0,0
94378,1.29,1.29,0,0
94402,0.08,0.08,0,0
94415,0.4756813232421875,0.56,0.08431867675781257,15.056906563895101
94460,0.12,0.12,0,0
94495,1.25,1.25,0,0
94501,0.02,0.02,0,0
94519,27.9300001953125,27.93,0,0
94527,0.01,0.01,0,0
94530,1.759999951171875,1.76,4.882812509876544e-8,2.7743252897025816e-6
94544,2.28,2.28,0,0
94548,0.019999951171875,0.02,4.8828125001620926e-8,2.4414062500810463e-4
94555,0.788586083984375,0.79,0.0014139160156250163,0.17897671083860967
94581,2.749999951171875,2.75,4.882812509876544e-8,1.7755681854096523e-6
94626,0.049999951171875,0.05,4.8828125001620926e-8,9.765625000324185e-5
94644,0.02,0.02,0,0
94645,0.019999951171875,0.02,4.8828125001620926e-8,2.4414062500810463e-4
94648,0.010000048828125,0.01,0,0
94659,0.01,0.01,0,0
94682,0.01,0.01,0,0
94684,1.329999951171875,1.33,4.882812509876544e-8,3.671287601410935e-6
94688,0.01,0.01,0,0
94689,0.01,0.01,0,0
94702,0.02,0.02,0,0
94703,0.970000146484375,0.97,0,0
94712,0.02,0.02,0,0
94717,0.05,0.05,0,0
94719,0.02,0.02,0,0
94722,0.299999951171875,0.3,4.882812498774314e-8,1.6276041662581047e-5
94728,1.43999990234375,1.44,9.765624997548628e-8,6.781684026075436e-6
94760,0.099999951171875,0.1,4.8828125001620926e-8,4.8828125001620926e-5
94878,0.01,0.01,0,0
94894,0.010000048828125,0.01,0,0
95016,2.07999990234375,2.08,9.765625019753088e-8,4.695012028727446e-6
95048,1.627595703125,2.79,1.1624042968750001,41.66323644713262
95161,0.01,0.01,0,0
95167,3.039999853515625,3.04,1.464843748522071e-7,4.818564962243655e-6
95208,9.859798876953125,11.32,1.4602011230468754,12.899303207127874
95225,0.010000048828125,0.01,0,0
95238,0.01,0.01,0,0
95248,0.01,0.01,0,0
95249,0.01,0.01,0,0
95273,0.01,0.01,0,0
95296,2.01,2.01,0,0
95346,0.01,0.01,0,0
95353,8.940000341796875,8.94,0,0
95358,0.010000048828125,0.01,0,0
95366,0.01,0.01,0,0
95379,0.01,0.01,0,0
95410,3.75000009765625,3.75,0,0
95436,0.19000009765625,0.19,0,0
95512,0.560000048828125,0.56,0,0
95544,0.020000048828125,0.02,0,0
95560,0.02,0.02,0,0
95569,0.170000048828125,0.17,0,0
95576,0.06000009765625,0.06,0,0
95676,0.020000048828125,0.02,0,0
95703,8.480000390625,8.48,0,0
95707,1.32999990234375,1.33,9.765624997548628e-8,7.3425751861267875e-6
95741,2.428201611328125,3.39,0.9617983886718751,28.371633884126105
95775,0.01,0.01,0,0
95784,0.010000048828125,0.01,0,0
95792,1.290000048828125,1.29,0,0
95826,0.339999951171875,0.34,4.882812504325429e-8,1.4361213248015966e-5
95851,0.020000048828125,0.02,0,0
95891,0.82,0.82,0,0
95892,0.50519931640625,0.52,0.014800683593749975,2.8462853064903797
95906,0.01,0.01,0,0
95910,0.009999951171875,0.01,4.88281249998862e-8,4.88281249998862e-4
95920,0.01,0.01,0,0
95939,0.009999951171875,0.01,4.88281249998862e-8,4.88281249998862e-4
95945,0.109999951171875,0.11,4.8828125001620926e-8,4.438920454692811e-5
96010,0.5099998046875,0.51,1.9531250006199485e-7,3.829656863960683e-5
96023,0.120000048828125,0.12,0,0
96034,0.01,0.01,0,0
96043,0.01,0.01,0,0
96049,0.009999951171875,0.01,4.88281249998862e-8,4.88281249998862e-4
96061,0.01,0.01,0,0
96062,0.01,0.01,0,0
96063,0.020000048828125,0.02,0,0
96064,0.010000048828125,0.01,0,0
96084,0.02,0.02,0,0
96089,1.353201318359375,1.56,0.2067986816406251,13.256325746193916
96091,0.039999951171875,0.04,4.8828125001620926e-8,1.2207031250405231e-4
96095,0.01,0.01,0,0
96096,0.02,0.02,0,0
96106,2.800000048828125,2.8,0,0
96143,0.010000048828125,0.01,0,0
96148,0.020000048828125,0.02,0,0
96149,0.100000048828125,0.1,0,0
96171,0.169999951171875,0.17,4.8828125015498713e-8,2.8722426479705125e-5
96172,0.099999951171875,0.1,4.8828125001620926e-8,4.8828125001620926e-5
96193,0.01,0.01,0,0
96199,0.28,0.28,0,0
96226,0.019999951171875,0.02,4.8828125001620926e-8,2.4414062500810463e-4
96298,50.81999931640625,50.82,6.835937469418241e-7,1.3451274044506572e-6
96310,0.180000048828125,0.18,0,0
96449,0.8,0.8,0,0
96454,0.25,0.25,0,0
96679,6.4964005859375,6.53,0.03359941406250044,0.5145392658882151
96797,0.41,0.41,0,0
96981,0.009999951171875,0.01,4.88281249998862e-8,4.88281249998862e-4
97000,0.05,0.05,0,0
97063,1.10999990234375,1.11,9.765625019753088e-8,8.797860378155935e-6
97254,0.01,0.01,0,0
97316,20.800000048828124,20.8,0,0
97400,16.218628637695314,20.75,4.531371362304686,21.83793427616716
97574,0.13999990234375,0.14,9.765625000324185e-8,6.97544642880299e-5
97632,0.03,0.03,0,0
97636,0.559999951171875,0.56,4.882812509876544e-8,8.719308053350971e-6
97648,2.97,2.97,0,0
97698,1.8200001953125,1.82,0,0
97766,0.269999951171875,0.27,4.882812504325429e-8,1.8084490756760847e-5
97788,0.090000048828125,0.09,0,0
97797,0.29,0.29,0,0
97814,0.009999951171875,0.01,4.88281249998862e-8,4.88281249998862e-4
97826,0.01,0.01,0,0
97830,40.739999609375,40.74,3.906250043428372e-7,9.588242620099096e-7
97855,0.049999951171875,0.05,4.8828125001620926e-8,9.765625000324185e-5
97867,0.01,0.01,0,0
97916,0.890000146484375,0.89,0,0
97947,0.01,0.01,0,0
98042,3.92000009765625,3.92,0,0
98051,0.3472025390625,0.46,0.11279746093750004,24.521187160326097
98059,17.52,17.52,0,0
98085,0.269999951171875,0.27,4.882812504325429e-8,1.8084490756760847e-5
98507,1.0893764892578126,2.94,1.8506235107421873,62.94637791640093
98642,1.359999853515625,1.36,1.4648437507425172e-7,1.0770909931930272e-5
98829,12.7099998046875,12.71,1.9531250039506176e-7,1.5366837167196047e-6
98972,0.010000048828125,0.01,0,0
99051,15.800000146484376,15.8,0,0
99173,0.09,0.09,0,0
99185,0.009999951171875,0.01,4.88281249998862e-8,4.88281249998862e-4
99191,2.999999853515625,3,1.464843748522071e-7,4.88281249507357e-6
99214,0.389999951171875,0.39,4.882812498774314e-8,1.2520032048139266e-5
99230,0.009999951171875,0.01,4.88281249998862e-8,4.88281249998862e-4
99335,15.88000029296875,15.88,0,0
99515,0.01,0.01,0,0
99663,0.00400029296875,1.98,1.97599970703125,99.79796500157828
99788,0.17999990234375,0.18,9.765625000324185e-8,5.4253472224023255e-5
99812,0.619999951171875,0.62,4.882812498774314e-8,7.875504030281152e-6
99843,0.09,0.09,0,0
99845,0.029999951171875,0.03,4.882812499815148e-8,1.6276041666050495e-4
99864,0.009999951171875,0.01,4.88281249998862e-8,4.88281249998862e-4
99902,0.06,0.06,0,0
99930,0.239999951171875,0.24,4.882812498774314e-8,2.034505207822631e-5
99944,0.009999951171875,0.01,4.88281249998862e-8,4.88281249998862e-4
99957,1.02000009765625,1.02,0,0
99987,0.54,0.54,0,0
100008,0.81,0.81,0,0
100059,0.73,0.73,0,0
100098,0.01,0.01,0,0
100162,0.609999951171875,0.61,4.882812498774314e-8,8.004610653728384e-6
100202,0.180000048828125,0.18,0,0
100209,38.16000043945313,38.16,0,0
100390,0.03,0.03,0,0
100506,0.279999951171875,0.28,4.882812504325429e-8,1.743861608687653e-5
100519,0.01,0.01,0,0
100587,0.5,0.5,0,0
100625,30.29999990234375,30.3,9.76562510857093e-8,3.2229785836867753e-7
100650,19.9499998046875,19.95,1.9531249861870492e-7,9.790100181388719e-7
100822,0.55,0.55,0,0
100874,0.410000048828125,0.41,0,0
100892,0.03,0.03,0,0
100935,0.19,0.19,0,0
100941,0.01,0.01,0,0
100948,0.110000048828125,0.11,0,0
100951,0.009999951171875,0.01,4.88281249998862e-8,4.88281249998862e-4
100974,0.019999951171875,0.02,4.8828125001620926e-8,2.4414062500810463e-4
100979,0.570000048828125,0.57,0,0
100986,0.01,0.01,0,0
100987,0.01,0.01,0,0
100996,0.010000048828125,0.01,0,0
101005,0.010000048828125,0.01,0,0
101030,0.069999951171875,0.07,4.8828125001620926e-8,6.97544642880299e-5
101032,0.04,0.04,0,0
101052,0.019999951171875,0.02,4.8828125001620926e-8,2.4414062500810463e-4
101107,0.030000048828125,0.03,0,0
101120,0.04,0.04,0,0
101130,0.009999951171875,0.01,4.88281249998862e-8,4.88281249998862e-4
101151,0.009999951171875,0.01,4.88281249998862e-8,4.88281249998862e-4
101168,0.01,0.01,0,0
101174,0.05,0.05,0,0
101207,0.28000009765625,0.28,0,0
101221,0.020000048828125,0.02,0,0
101228,0.260000048828125,0.26,0,0
101231,0.01,0.01,0,0
101237,0.389999951171875,0.39,4.882812498774314e-8,1.2520032048139266e-5
101247,0.019999951171875,0.02,4.8828125001620926e-8,2.4414062500810463e-4
101257,0.030000048828125,0.03,0,0
101260,0.01,0.01,0,0
101274,0.01,0.01,0,0
101287,0.180000048828125,0.18,0,0
101292,0.010000048828125,0.01,0,0
101300,0.01,0.01,0,0
101318,0.010000048828125,0.01,0,0
101364,0.050000048828125,0.05,0,0
101456,0.62000009765625,0.62,0,0
101490,0.869999853515625,0.87,1.4648437496322941e-7,1.6837284478532116e-5
101533,0.08,0.08,0,0
101538,0.090000048828125,0.09,0,0
101547,0.349999951171875,0.35,4.882812498774314e-8,1.3950892853640897e-5
101580,0.49,0.49,0,0
101586,0.01,0.01,0,0
101598,0.219999951171875,0.22,4.882812498774314e-8,2.2194602267155972e-5
101619,0.02,0.02,0,0
101791,0.499999951171875,0.5,4.882812498774314e-8,9.765624997548628e-6
101980,0.020000048828125,0.02,0,0
101982,0.090000048828125,0.09,0,0
101990,0.01,0.01,0,0
102032,0.05,0.05,0,0
102064,0.210000048828125,0.21,0,0
102069,0.07,0.07,0,0
102082,0.04,0.04,0,0
102102,0.04,0.04,0,0
102127,0.01,0.01,0,0
102263,0.58999990234375,0.59,9.765624997548628e-8,1.655190677550615e-5
102281,1.263798974609375,2.4,1.136201025390625,47.34170939127604
102357,1.689999951171875,1.69,4.8828124876720835e-8,2.8892381583858484e-6
102445,1.789999951171875,1.79,4.882812509876544e-8,2.727828217808125e-6
102468,0.40999990234375,0.41,9.765624997548628e-8,2.3818597554996652e-5
102474,0.02,0.02,0,0
102497,0.12,0.12,0,0
102533,0.01,0.01,0,0
102546,0.449999951171875,0.45,4.882812498774314e-8,1.0850694441720697e-5
102604,3.03,3.03,0,0
102653,0.13,0.13,0,0
102707,0.46,0.46,0,0
102803,0.5362001953125,0.55,0.013799804687500083,2.5090553977272876
102936,4.119999951171875,4.12,4.882812554285465e-8,1.1851486782246275e-6
103226,0.01,0.01,0,0
103409,0.029999951171875,0.03,4.882812499815148e-8,1.6276041666050495e-4
103532,1.91,1.91,0,0
103544,0.060000048828125,0.06,0,0
103580,0.029999951171875,0.03,4.882812499815148e-8,1.6276041666050495e-4
103661,0.180000048828125,0.18,0,0
103678,0.109999951171875,0.11,4.8828125001620926e-8,4.438920454692811e-5
103980,1.76000009765625,1.76,0,0
104015,0.01,0.01,0,0
104065,0.01,0.01,0,0
104073,0.01,0.01,0,0
104097,0.580000048828125,0.58,0,0
104237,0.320000146484375,0.32,0,0
104364,17.130000048828126,17.13,0,0
104437,0.099999951171875,0.1,4.8828125001620926e-8,4.8828125001620926e-5
104469,0.03,0.03,0,0
104638,2.069999951171875,2.07,4.882812465467623e-8,2.3588466016751803e-6
104654,0.470000048828125,0.47,0,0
104712,8.8800001953125,8.88,0,0
104802,0.049999951171875,0.05,4.8828125001620926e-8,9.765625000324185e-5
104845,5.339999853515625,5.34,1.464843748522071e-7,2.7431530871199835e-6
104912,14.550000390625,14.55,0,0
104915,1.340000048828125,1.34,0,0
104948,0.009999951171875,0.01,4.88281249998862e-8,4.88281249998862e-4
105077,1.98,1.98,0,0
105111,4.490000244140625,4.49,0,0
105117,1.02,1.02,0,0
105308,0.02,0.02,0,0
105325,0.02,0.02,0,0
105341,0.02,0.02,0,0
105380,0.1,0.1,0,0
105408,0.02,0.02,0,0
105416,0.01,0.01,0,0
105452,0.2,0.2,0,0
105511,2.24999990234375,2.25,9.765625019753088e-8,4.340277786556928e-6
105698,0.338799462890625,0.36,0.021200537109374973,5.889038085937493
105872,0.78640029296875,0.88,0.09359970703124998,10.636330344460223
106002,7.58000029296875,7.58,0,0
106010,0.614801513671875,0.71,0.095198486328125,13.408237511003524
106116,0.160000048828125,0.16,0,0
106126,0.649999951171875,0.65,4.882812498774314e-8,7.51201922888356e-6
106335,0.589999951171875,0.59,4.882812498774314e-8,8.275953387753075e-6
106635,0.010000048828125,0.01,0,0
106640,28.799999267578126,28.8,7.324218742610356e-7,2.543131507850818e-6
106647,0.01,0.01,0,0
106664,0.01,0.01,0,0
106684,0.020000048828125,0.02,0,0
106688,0.009999951171875,0.01,4.88281249998862e-8,4.88281249998862e-4
107038,0.01,0.01,0,0
107055,0.01,0.01,0,0
107069,0.010000048828125,0.01,0,0
107153,2.150000048828125,2.15,0,0
107161,0.01,0.01,0,0
107177,0.009999951171875,0.01,4.88281249998862e-8,4.88281249998862e-4
107192,0.01,0.01,0,0
107204,0.01,0.01,0,0
107413,0.680000048828125,0.68,0,0
107549,0.27439609375,1.06,0.78560390625,74.11357606132074
107568,1.660000048828125,1.66,0,0
107716,1.649999755859375,1.65,2.441406248276934e-7,1.479640150470869e-5
107720,0.01,0.01,0,0
107848,0.4928169921875,3.37,2.8771830078125,85.37635038019287
107940,0.01,0.01,0,0
107948,0.03,0.03,0,0
107957,0.01,0.01,0,0
107965,0.01,0.01,0,0
107972,18.050000390625,18.05,0,0
107976,0.059999951171875,0.06,4.882812499468203e-8,8.138020832447006e-5
107977,0.009999951171875,0.01,4.88281249998862e-8,4.88281249998862e-4
107982,0.010000048828125,0.01,0,0
107992,0.02,0.02,0,0
108191,6.000000146484375,6,0,0
108207,0.100000048828125,0.1,0,0
108208,0.300000048828125,0.3,0,0
108209,0.03,0.03,0,0
108229,0.9200001953125,0.92,0,0
108251,0.53,0.53,0,0
108261,0.010000048828125,0.01,0,0
108274,0.009999951171875,0.01,4.88281249998862e-8,4.88281249998862e-4
108283,0.01,0.01,0,0
108302,0.010000048828125,0.01,0,0
108310,0.01,0.01,0,0
108320,7.41000009765625,7.41,0,0
108321,0.7099998046875,0.71,1.9531249995097255e-7,2.7508802809996136e-5
108327,0.01,0.01,0,0
108329,2.59,2.59,0,0
108333,0.25,0.25,0,0
109133,5.4699943359375,7.12,1.6500056640625003,23.174236854810395
109138,0.170398828125,0.68,0.509601171875,74.94134880514704
109150,15.169999755859376,15.17,2.4414062416155957e-7,1.6093646945389557e-6
109155,0.01,0.01,0,0
109210,0.230000048828125,0.23,0,0
109215,0.11999990234375,0.12,9.765624998936406e-8,8.138020832447006e-5
109219,0.01,0.01,0,0
109240,0.009999951171875,0.01,4.88281249998862e-8,4.88281249998862e-4
109464,0.29539951171875,1.04,0.74460048828125,71.59620079627403
109655,0.01,0.01,0,0
109684,0.031999560546875,0.14,0.10800043945312501,77.14317103794643
109693,0.009799951171875,0.01,2.000488281250004e-4,2.000488281250004
109718,0.006199658203125,0.08,0.073800341796875,92.25042724609375
109723,0.010000048828125,0.01,0,0
109749,0.01,0.01,0,0
109821,58.631552001953125,73.74,15.10844799804687,20.488809327429983
109852,8.38000009765625,8.38,0,0
109879,0.05,0.05,0,0
109970,2.710000146484375,2.71,0,0
110110,1.41,1.41,0,0
110122,0.010000048828125,0.01,0,0
110135,0.02,0.02,0,0
110314,2.54000029296875,2.54,0,0
110321,0.010000048828125,0.01,0,0
110417,0.410000048828125,0.41,0,0
110434,0.009999951171875,0.01,4.88281249998862e-8,4.88281249998862e-4
110435,0.010000048828125,0.01,0,0
110465,0.60999990234375,0.61,9.765624997548628e-8,1.6009221307456768e-5
110468,0.079999951171875,0.08,4.8828125001620926e-8,6.103515625202616e-5
110476,0.080000048828125,0.08,0,0
110549,0.63000009765625,0.63,0,0
110551,0.129999951171875,0.13,4.8828125015498713e-8,3.756009616576824e-5
110564,7.77999990234375,7.78,9.765625019753088e-8,1.2552217249039958e-6
110573,35.31579614257812,42.52,7.204203857421881,16.943094678790874
110578,0.009999951171875,0.01,4.88281249998862e-8,4.88281249998862e-4
110597,0.009999951171875,0.01,4.88281249998862e-8,4.88281249998862e-4
110625,0.009999951171875,0.01,4.88281249998862e-8,4.88281249998862e-4
110637,0.01,0.01,0,0
110707,0.009999951171875,0.01,4.88281249998862e-8,4.88281249998862e-4
110798,16.529999755859375,16.53,2.441406259379164e-7,1.476954784863378e-6
111003,0.010000048828125,0.01,0,0
111012,0.010000048828125,0.01,0,0
111019,0.01,0.01,0,0
111029,4.449999755859375,4.45,2.44140625049738e-7,5.486306180892988e-6
111064,0.04,0.04,0,0
111081,0.010000048828125,0.01,0,0
111114,0.020000048828125,0.02,0,0
111126,5.170000146484375,5.17,0,0
111130,0.01,0.01,0,0
111194,20.95,20.95,0,0
111283,0.530000048828125,0.53,0,0
111379,2.79999990234375,2.8,9.765624975344167e-8,3.48772320548006e-6
111424,2.250000048828125,2.25,0,0
111540,1.54000009765625,1.54,0,0
111604,2.71,2.71,0,0
111613,1.53000009765625,1.53,0,0
111660,0.010000048828125,0.01,0,0
111665,8.879999951171875,8.88,4.882812554285465e-8,5.498662786357505e-7
111669,0.030000048828125,0.03,0,0
111677,0.01,0.01,0,0
111678,0.01,0.01,0,0
111719,1.07000009765625,1.07,0,0
111737,0.2039549560546875,0.75,0.5460450439453125,72.80600585937499
111832,0.30000009765625,0.3,0,0
111863,0.74000009765625,0.74,0,0
111907,0.03,0.03,0,0
111915,0.01,0.01,0,0
111923,0.01,0.01,0,0
111960,0.45,0.45,0,0
112039,2.3100001953125,2.31,0,0
112077,24.6400001953125,24.64,0,0
112101,0.010000048828125,0.01,0,0
112111,0.01,0.01,0,0
112116,0.50999990234375,0.51,9.765624997548628e-8,1.9148284308918876e-5
112213,0.93540087890625,4.84,3.90459912109375,80.67353555978823
112278,0.01,0.01,0,0
112337,0.07,0.07,0,0
112353,0.09,0.09,0,0
112362,0.01,0.01,0,0
112634,0.01,0.01,0,0
112757,0.290000146484375,0.29,0,0
112788,0.504802734375,2.17,1.6651972656249998,76.73720118087557
112960,0.009999951171875,0.01,4.88281249998862e-8,4.88281249998862e-4
112962,2.4789306640625,11.36,8.8810693359375,78.17842725297095
112975,17.23939892578125,17.28,0.040601074218752586,0.23495992024741078
113107,0.209999951171875,0.21,4.882812498774314e-8,2.3251488089401495e-5
113129,0.02,0.02,0,0
113137,14.550805517578125,17.37,2.819194482421876,16.23025033058075
113141,0.01,0.01,0,0
113155,0.01,0.01,0,0
113160,1.0837970703125,2.08,0.9962029296875001,47.89437161959135
113174,0.01,0.01,0,0
113185,0.22000009765625,0.22,0,0
113189,0.010000048828125,0.01,0,0
113218,0.08,0.08,0,0
113228,0.12,0.12,0,0
113242,0.010000048828125,0.01,0,0
113254,0.01,0.01,0,0
113260,4.300000048828125,4.3,0,0
113285,0.05,0.05,0,0
113288,37.52999990234375,37.53,9.765625463842298e-8,2.602085122260138e-7
113315,0.3912001953125,0.42,0.028799804687499986,6.857096354166663
113317,0.09,0.09,0,0
113347,0.009999951171875,0.01,4.88281249998862e-8,4.88281249998862e-4
113370,0.27,0.27,0,0
113584,0.01,0.01,0,0
113592,62.24000009765625,62.24,0,0
113693,17.699799853515625,17.7,2.001464843743861e-4,0.0011307710981603735
113703,10.910000244140624,10.91,0,0
113794,1.159999951171875,1.16,4.8828124876720835e-8,4.209321110062141e-6
113879,0.01,0.01,0,0
113880,0.02,0.02,0,0
113888,0.25,0.25,0,0
113910,0.1,0.1,0,0
113983,0.61,0.61,0,0
114034,28.590000244140626,28.59,0,0
114039,207.71,207.71,0,0
114114,0.01,0.01,0,0
114129,0.009999951171875,0.01,4.88281249998862e-8,4.88281249998862e-4
114143,0.01,0.01,0,0
114157,0.01,0.01,0,0
114171,12.459999951171875,12.46,4.882812554285465e-8,3.9187901719787036e-7
114182,0.01,0.01,0,0
114189,0.440000048828125,0.44,0,0
114222,0.01,0.01,0,0
114319,1.629999951171875,1.63,4.8828124876720835e-8,2.995590483234407e-6
114350,37.54500009765625,37.56,0.014999902343753035,0.039935842235764206
114437,1.070000048828125,1.07,0,0
114585,4.56000009765625,4.56,0,0
114593,0.01,0.01,0,0
114720,5.889999853515625,5.89,1.464843748522071e-7,2.4870012708354348e-6
114866,0.030000048828125,0.03,0,0
114919,0.030000048828125,0.03,0,0
114969,0.030000048828125,0.03,0,0
115041,0.07,0.07,0,0
115195,1.300000048828125,1.3,0,0
115254,0.01,0.01,0,0
115339,79.856998828125,80.07,0.21300117187499268,0.26601869848256865
115661,0.009999951171875,0.01,4.88281249998862e-8,4.88281249998862e-4
115953,234.0230009277344,234.16,0.1369990722656098,0.05850660756132978
116084,0.010000048828125,0.01,0,0
116089,1.39000009765625,1.39,0,0
116144,3.22,3.22,0,0
116155,0.509999951171875,0.51,4.882812498774314e-8,9.574142154459438e-6
116255,0.01,0.01,0,0
116258,61.33999985351562,61.34,1.4648438195763447e-7,2.3880727414025835e-7
116298,69.31999965820313,69.32,3.41796862812771e-7,4.930710658003044e-7
116299,0.789999951171875,0.79,4.882812498774314e-8,6.180775314904194e-6
116311,0.069999951171875,0.07,4.8828125001620926e-8,6.97544642880299e-5
116340,11.27000009765625,11.27,0,0
116366,1.47416279296875,1.68,0.20583720703124997,12.25221470424107
116446,7.620000048828125,7.62,0,0
116668,6.253632861328125,8.1,1.8463671386718747,22.794656032986108
116701,6.699999951171875,6.7,4.882812554285465e-8,7.28777993176935e-7
116822,1.960000146484375,1.96,0,0
70410,0,0.02,0.02,100
