subarea_id	coarse_cell_id	restored_ha
1	96849	0.25000000
1	97729	2.13000000
1	98024	2.46000000
1	98026	1.24000000
1	98030	1.78000000
1	98031	1.13000000
1	98325	2.31000000
1	98326	1.93000000
1	98327	0.15000000
1	98614	3.22000000
1	98620	2.07000000
1	98621	1.95000000
1	98909	3.04000000
1	98915	1.12000000
1	98916	1.02000000
1	99204	2.88000000
1	99211	1.18000000
1	99499	1.67000000
1	99502	2.70000000
1	99505	2.47000000
1	99506	2.36000000
1	99793	2.77000000
1	99794	3.01000000
1	99795	3.02000000
1	99796	1.21000000
1	99797	2.40000000
1	99799	1.00000000
1	99801	1.06000000
1	100088	3.09000000
1	100092	1.82000000
1	100093	2.51000000
1	100095	1.99000000
1	100096	1.80000000
1	100097	2.33000000
1	100388	1.10000000
1	100392	2.05000000
1	100393	1.86000000
1	100682	1.34000000
1	100684	1.09000000
1	100688	1.20000000
1	100980	2.76000000
1	100983	1.02000000
1	100984	2.86000000
1	100985	1.05000000
1	101278	2.01000000
1	101279	2.74000000
1	101280	2.11000000
1	101567	1.83000000
1	101568	2.36000000
1	101569	2.37000000
1	101571	1.03000000
1	101575	1.20000000
1	101863	1.02000000
1	101865	1.99000000
1	101867	1.76000000
1	101869	2.40000000
1	101871	2.28000000
1	102160	1.54000000
1	102163	2.24000000
1	102165	2.61000000
1	102166	1.95000000
1	102168	3.00000000
1	102454	1.59000000
1	102455	2.89000000
1	102459	2.40000000
1	102461	1.71000000
1	102462	2.66000000
1	102463	2.72000000
1	102751	1.70000000
1	102753	1.93000000
1	102754	1.80000000
1	102755	3.05000000
1	102756	1.36000000
1	102757	3.04000000
1	102758	1.51000000
1	102759	1.81000000
1	103046	3.43000000
1	103048	1.92000000
1	103049	1.62000000
1	103050	2.25000000
1	103341	1.99000000
1	103345	2.70000000
1	103348	2.89000000
1	103640	2.89000000
1	104231	3.22000000
1	104232	1.50000000
1	104531	2.61000000
1	104534	2.09000000
1	104825	1.84000000
1	104827	1.89000000
1	104828	2.43000000
1	105120	2.31000000
1	105123	1.63000000
1	105124	3.25000000
1	105410	2.35000000
1	105412	1.60000000
1	105419	3.44000000
1	105420	2.20000000
1	105700	2.72000000
1	105701	2.63000000
1	105702	2.11000000
1	105703	1.07000000
1	105704	2.45000000
1	105705	1.82000000
1	105707	3.02000000
1	105710	2.54000000
1	105715	1.19000000
1	105993	2.82000000
1	106000	3.21000000
1	106002	2.59000000
1	106003	2.19000000
1	106004	2.70000000
1	106288	1.65000000
1	106297	2.14000000
1	106299	3.02000000
1	106593	2.04000000
1	106594	2.25000000
1	106595	1.64000000
1	106889	1.71000000
1	106890	2.60000000
1	107182	2.72000000
1	107184	1.61000000
1	107185	3.03000000
1	107186	2.65000000
1	107480	2.74000000
1	107481	3.39000000
1	107482	1.69000000
1	107483	2.43000000
1	107773	1.96000000
1	107775	1.18000000
1	107776	2.08000000
1	108068	3.29000000
1	108070	1.05000000
1	108071	2.30000000
1	108075	1.13000000
1	108364	2.65000000
1	108367	1.37000000
1	108369	2.96000000
1	108374	1.37000000
1	108660	2.38000000
1	108662	2.32000000
1	108663	1.27000000
1	108666	1.11000000
1	108667	1.68000000
1	108668	1.66000000
1	108669	1.31000000
1	108955	2.78000000
1	108956	1.76000000
1	108957	2.44000000
1	108958	2.07000000
1	108962	2.38000000
1	109249	1.74000000
1	109250	2.34000000
1	109251	2.51000000
1	109252	1.90000000
1	109255	1.41000000
1	109257	2.64000000
1	109543	2.95000000
1	109544	1.80000000
1	109546	2.46000000
1	109836	1.57000000
1	109837	3.73000000
1	109841	2.02000000
1	109842	2.34000000
1	109843	3.01000000
1	110134	3.28000000
1	110135	1.98000000
1	110136	1.29000000
1	110138	3.16000000
1	110139	2.52000000
1	110429	3.32000000
1	110433	1.99000000
1	110723	2.72000000
1	110724	2.29000000
1	110727	1.64000000
1	110729	1.16000000
1	111018	2.78000000
1	111021	1.30000000
1	111022	1.09000000
1	111023	2.12000000
1	111313	2.59000000
1	111318	2.34000000
1	111607	2.77000000
1	111608	1.42000000
1	111609	3.33000000
1	111613	1.84000000
1	111900	1.59000000
1	111901	1.63000000
1	111907	2.83000000
1	111908	1.53000000
1	112193	2.63000000
1	112194	3.38000000
1	112196	2.63000000
1	112201	2.91000000
1	112202	1.33000000
1	112487	2.27000000
1	112488	1.84000000
1	112490	1.88000000
1	112496	2.63000000
1	112779	2.55000000
1	112780	3.76000000
1	112781	3.66000000
1	113371	1.19000000
1	113666	2.00000000
1	113959	2.37000000
1	113960	1.07000000
1	114246	2.84000000
1	114255	2.50000000
1	114550	2.16000000
1	114551	3.84000000
1	114552	3.13000000
1	114842	3.65000000
1	114846	1.84000000
1	114851	1.70000000
1	114852	1.87000000
1	115135	1.89000000
1	115136	3.00000000
1	115137	2.97000000
1	115139	1.76000000
1	115140	1.34000000
1	115141	1.44000000
1	115142	2.19000000
1	115147	2.04000000
1	115430	1.14000000
1	115434	2.74000000
1	115721	2.08000000
1	116010	1.46000000
1	116016	2.42000000
1	116018	1.97000000
1	116306	1.59000000
1	116311	2.55000000
1	116598	2.18000000
1	116599	2.10000000
1	116600	1.92000000
1	116601	3.21000000
1	116602	3.20000000
1	116603	3.17000000
1	116604	3.38000000
1	116605	1.99000000
1	116891	1.04000000
1	116892	2.76000000
1	116893	1.67000000
1	116902	1.93000000
1	117489	3.02000000
1	117784	1.25000000
1	118078	1.11000000
1	118372	1.07000000
1	118666	2.13000000
1	119254	1.80000000
1	119542	2.03000000
1	119550	1.09000000
1	119837	1.03000000
1	120132	2.12000000
1	120133	1.90000000
1	120134	2.39000000
1	120136	2.37000000
1	120137	2.28000000
1	120138	2.08000000
1	120139	1.61000000
1	120959	1.42000000
1	121025	1.35000000
1	121254	2.71000000
1	121319	1.62000000
1	121320	1.56000000
1	121550	2.67000000
1	121612	1.08000000
1	121613	3.13000000
1	121615	2.28000000
1	121843	1.08000000
1	121906	2.03000000
1	121910	2.07000000
1	122434	1.09000000
1	122494	2.08000000
1	122495	1.47000000
1	122728	2.08000000
1	122729	1.96000000
1	122731	3.20000000
1	122789	1.48000000
1	123030	1.68000000
1	123082	2.11000000
1	123083	2.53000000
1	123325	1.66000000
1	123326	2.04000000
1	123327	1.44000000
1	123376	1.55000000
1	123619	2.19000000
1	123620	1.14000000
1	123621	1.11000000
1	123622	1.51000000
1	123669	2.37000000
1	123670	1.86000000
1	123671	3.57000000
1	123910	1.54000000
1	123912	1.68000000
1	123917	2.79000000
1	123963	1.92000000
1	124210	3.13000000
1	124211	2.03000000
1	124213	2.55000000
1	124247	2.62000000
1	124258	1.32000000
1	124506	1.97000000
1	124508	1.10000000
1	124513	2.32000000
1	124542	2.04000000
1	124550	1.29000000
1	124551	1.43000000
1	124808	3.37000000
1	124844	1.82000000
1	125094	3.29000000
1	125099	1.06000000
1	125103	2.93000000
1	125139	1.39000000
1	125393	2.06000000
1	125395	3.10000000
1	125396	2.88000000
1	125397	3.82000000
1	125398	1.90000000
1	125434	1.60000000
1	125688	2.24000000
1	125690	1.59000000
1	125693	2.62000000
1	125723	1.19000000
1	125729	1.84000000
1	125985	1.12000000
1	126014	3.35000000
1	126015	1.87000000
1	126019	2.28000000
1	126021	1.28000000
1	126025	1.46000000
1	126282	1.99000000
1	126310	2.54000000
1	126319	1.37000000
1	126576	1.66000000
1	126577	1.10000000
1	126599	1.61000000
1	126605	2.95000000
1	126606	1.56000000
1	126608	1.56000000
1	126609	2.16000000
1	126873	1.57000000
1	126894	3.02000000
1	126899	1.80000000
1	127161	1.39000000
1	127167	2.69000000
1	127168	1.11000000
1	127189	3.44000000
1	127194	2.59000000
1	127457	2.01000000
1	127458	3.15000000
1	127459	2.80000000
1	127460	3.04000000
1	127461	1.28000000
1	127462	1.81000000
1	127484	3.77000000
1	127485	2.57000000
1	127486	2.07000000
1	127488	2.69000000
1	127780	1.97000000
1	127782	1.19000000
1	127800	1.40000000
1	128077	3.54000000
1	128078	1.51000000
1	128092	2.87000000
1	128093	3.09000000
1	128349	3.41000000
1	128350	2.99000000
1	128354	3.43000000
1	128383	1.21000000
1	128386	1.10000000
1	128645	2.78000000
1	128646	1.43000000
1	128647	1.05000000
1	128649	2.05000000
1	128678	1.13000000
1	128944	1.03000000
1	128960	1.87000000
1	128966	1.83000000
1	129238	3.52000000
1	129245	1.25000000
1	129268	1.21000000
1	129533	3.84000000
1	129540	2.41000000
1	129543	1.02000000
1	129544	2.12000000
1	129548	1.46000000
1	129553	1.06000000
1	129557	1.99000000
1	129562	3.10000000
1	129828	3.25000000
1	129840	1.02000000
1	129841	1.18000000
1	129843	1.50000000
1	129844	2.67000000
1	129846	1.26000000
1	129848	1.24000000
1	129849	1.60000000
1	129853	1.89000000
1	129857	1.38000000
1	130123	3.69000000
1	130138	3.06000000
1	130139	2.33000000
1	130144	1.26000000
1	130150	1.11000000
1	130418	3.79000000
1	130429	2.60000000
1	130430	2.08000000
1	130433	1.93000000
1	130434	1.03000000
1	130438	1.42000000
1	130444	1.53000000
1	130713	3.12000000
1	130714	3.83000000
1	130715	2.08000000
1	130716	3.33000000
1	130717	3.98000000
1	130733	1.67000000
1	130734	1.17000000
1	131012	2.90000000
1	131013	1.79000000
1	131014	3.27000000
1	131015	3.41000000
1	131021	1.35000000
1	131024	2.31000000
1	131025	1.38000000
1	131028	2.59000000
1	131029	2.01000000
1	131032	2.98000000
1	131310	1.35000000
1	131311	1.14000000
1	131312	2.70000000
1	131317	1.86000000
1	131320	2.35000000
1	131323	1.48000000
1	131327	1.25000000
1	131328	2.22000000
1	131329	1.78000000
1	131607	1.37000000
1	131608	1.08000000
1	131609	2.97000000
1	131610	1.68000000
1	131620	2.30000000
1	131622	1.67000000
1	131904	2.94000000
1	132199	1.75000000
1	132200	1.16000000
1	132201	2.13000000
2	73806	1.16000000
2	75585	1.58000000
2	75586	1.33000000
2	75881	1.56000000
2	76470	1.13000000
2	76755	1.01000000
2	77042	1.35000000
2	77043	3.52000000
2	77044	1.97000000
2	77054	1.26000000
2	77055	1.17000000
2	77335	1.32000000
2	77336	2.83000000
2	77337	3.46000000
2	77338	1.37000000
2	77339	1.10000000
2	77351	2.17000000
2	77354	1.56000000
2	77355	2.67000000
2	77356	2.93000000
2	77357	2.93000000
2	77358	1.45000000
2	77631	2.19000000
2	77646	1.53000000
2	77647	2.08000000
2	77648	1.66000000
2	77649	2.82000000
2	77650	4.00000000
2	77651	3.85000000
2	77652	2.43000000
2	77653	0.95000000
2	77939	1.41000000
2	77940	1.14000000
2	77942	1.47000000
2	77943	3.88000000
2	77944	3.51000000
2	77945	3.17000000
2	77946	2.64000000
2	78821	1.37000000
2	79116	2.11000000
2	79117	3.26000000
2	79118	1.23000000
2	79405	2.58000000
2	79407	1.07000000
2	79411	1.79000000
2	79412	2.27000000
2	79413	2.92000000
2	79414	2.94000000
2	79700	1.64000000
2	79701	1.81000000
2	79702	2.50000000
2	79707	2.75000000
2	79708	2.91000000
2	79710	3.20000000
2	79711	2.12000000
2	79995	2.57000000
2	79996	1.97000000
2	79997	1.22000000
2	80002	3.21000000
2	80003	3.04000000
2	80004	1.13000000
2	80005	1.84000000
2	80006	3.82000000
2	80291	1.94000000
2	80293	1.40000000
2	80295	2.13000000
2	80296	1.56000000
2	80297	1.07000000
2	80298	2.06000000
2	80299	3.40000000
2	80300	3.45000000
2	80301	1.95000000
2	80302	3.63000000
2	80303	2.92000000
2	80587	2.13000000
2	80588	1.88000000
2	80589	1.91000000
2	80591	1.04000000
2	80592	1.23000000
2	80594	1.00000000
2	80595	2.35000000
2	80596	3.48000000
2	80597	3.23000000
2	80598	3.76000000
2	80599	2.15000000
2	80886	1.25000000
2	80891	1.58000000
2	80892	1.85000000
2	80893	1.34000000
2	80894	2.40000000
2	80895	2.21000000
2	80896	1.39000000
2	81177	1.30000000
2	81178	1.18000000
2	81180	1.79000000
2	81182	1.64000000
2	81183	1.66000000
2	81191	2.34000000
2	81192	3.51000000
2	81193	1.92000000
2	81194	1.22000000
2	81473	2.11000000
2	81476	3.20000000
2	81477	2.08000000
2	81479	1.04000000
2	81480	1.59000000
2	81481	2.56000000
2	81488	1.96000000
2	81489	1.66000000
2	81494	1.07000000
2	81767	1.28000000
2	81768	2.41000000
2	81771	2.48000000
2	81772	2.86000000
2	81773	1.31000000
2	81774	1.51000000
2	81776	3.54000000
2	81787	1.60000000
2	81788	2.56000000
2	81789	2.37000000
2	81790	2.35000000
2	81791	2.22000000
2	81792	1.25000000
2	82064	1.05000000
2	82067	1.76000000
2	82068	2.17000000
2	82069	1.40000000
2	82070	1.16000000
2	82071	2.82000000
2	82082	3.05000000
2	82083	3.63000000
2	82084	1.81000000
2	82085	2.03000000
2	82086	3.00000000
2	82087	2.85000000
2	82088	1.44000000
2	82089	1.12000000
2	82090	1.18000000
2	82363	1.49000000
2	82365	2.12000000
2	82366	2.50000000
2	82378	2.48000000
2	82379	2.85000000
2	82382	4.00000000
2	82383	3.55000000
2	82659	1.55000000
2	82660	2.65000000
2	82676	1.01000000
2	82677	3.58000000
2	82678	3.20000000
2	82955	1.44000000
2	83265	3.07000000
2	83266	1.48000000
2	83270	1.00000000
2	83271	1.82000000
2	83542	2.85000000
2	83543	1.01000000
2	83560	1.75000000
2	83561	2.00000000
2	83566	2.43000000
2	83567	3.65000000
2	83568	3.51000000
2	83592	1.39000000
2	83841	1.85000000
2	83842	1.94000000
2	83843	1.40000000
2	83849	2.07000000
2	83859	1.23000000
2	83860	1.09000000
2	83862	1.68000000
2	83863	3.24000000
2	83887	3.37000000
2	83888	2.74000000
2	84136	2.61000000
2	84137	3.75000000
2	84138	1.53000000
2	84158	1.21000000
2	84169	2.25000000
2	84170	1.28000000
2	84182	2.45000000
2	84183	3.25000000
2	84184	3.63000000
2	84430	2.24000000
2	84431	4.00000000
2	84432	3.50000000
2	84433	2.76000000
2	84443	1.62000000
2	84444	1.68000000
2	84445	1.28000000
2	84446	1.15000000
2	84448	1.97000000
2	84449	1.54000000
2	84450	1.11000000
2	84464	1.17000000
2	84465	1.23000000
2	84466	2.91000000
2	84477	1.43000000
2	84478	1.54000000
2	84479	3.87000000
2	84480	2.27000000
2	84731	2.00000000
2	84734	1.92000000
2	84736	1.88000000
2	84737	3.26000000
2	84738	2.32000000
2	84739	2.59000000
2	84740	2.82000000
2	84741	3.31000000
2	84742	3.27000000
2	84743	2.66000000
2	84744	2.83000000
2	84745	1.13000000
2	84746	1.66000000
2	84761	2.02000000
2	84772	3.35000000
2	84773	3.15000000
2	84774	3.35000000
2	84775	3.90000000
2	84776	1.55000000
2	85022	1.51000000
2	85024	2.45000000
2	85025	2.92000000
2	85026	3.19000000
2	85027	2.97000000
2	85028	2.92000000
2	85029	2.28000000
2	85030	2.35000000
2	85031	1.59000000
2	85032	2.30000000
2	85037	1.42000000
2	85038	2.97000000
2	85039	3.69000000
2	85040	3.74000000
2	85041	3.57000000
2	85042	1.15000000
2	85067	3.20000000
2	85068	3.33000000
2	85069	1.89000000
2	85070	3.44000000
2	85071	1.02000000
2	85318	1.15000000
2	85319	1.38000000
2	85323	2.39000000
2	85328	1.51000000
2	85330	2.11000000
2	85331	2.56000000
2	85332	1.72000000
2	85333	1.54000000
2	85334	2.43000000
2	85337	2.80000000
2	85360	1.02000000
2	85361	2.33000000
2	85362	3.65000000
2	85363	3.09000000
2	85365	2.79000000
2	85366	2.62000000
2	85616	1.18000000
2	85617	2.80000000
2	85618	2.04000000
2	85619	2.10000000
2	85620	3.55000000
2	85621	1.72000000
2	85629	1.03000000
2	85632	1.56000000
2	85633	1.60000000
2	85654	1.97000000
2	85655	1.75000000
2	85656	1.64000000
2	85657	2.98000000
2	85658	3.81000000
2	85659	2.43000000
2	85660	2.51000000
2	85661	2.37000000
2	85909	1.86000000
2	85912	2.80000000
2	85913	3.01000000
2	85914	2.82000000
2	85915	2.35000000
2	85916	2.93000000
2	85917	3.29000000
2	85918	2.55000000
2	85927	1.11000000
2	85928	1.45000000
2	85929	1.60000000
2	85930	2.10000000
2	85931	1.87000000
2	85949	2.45000000
2	85952	1.01000000
2	85953	3.72000000
2	85954	4.00000000
2	85955	3.14000000
2	86207	1.03000000
2	86208	3.01000000
2	86209	1.10000000
2	86210	3.32000000
2	86212	2.92000000
2	86213	3.27000000
2	86214	1.83000000
2	86221	2.26000000
2	86222	2.60000000
2	86225	1.00000000
2	86227	1.92000000
2	86228	2.00000000
2	86244	2.29000000
2	86247	1.16000000
2	86248	3.95000000
2	86249	3.86000000
2	86250	2.55000000
2	86503	1.18000000
2	86504	1.20000000
2	86505	1.78000000
2	86506	1.85000000
2	86508	1.10000000
2	86509	3.48000000
2	86510	1.12000000
2	86511	2.23000000
2	86516	1.57000000
2	86517	1.59000000
2	86524	2.80000000
2	86539	1.81000000
2	86543	2.11000000
2	86544	1.77000000
2	86805	1.52000000
2	86806	1.49000000
2	86807	1.18000000
2	86808	1.10000000
2	86819	2.64000000
2	86821	3.64000000
2	86822	1.17000000
2	86823	2.00000000
2	86830	2.52000000
2	86835	2.51000000
2	87102	1.23000000
2	87104	1.65000000
2	87113	2.16000000
2	87114	1.54000000
2	87116	3.06000000
2	87117	3.91000000
2	87118	3.50000000
2	87119	2.16000000
2	87127	1.67000000
2	87130	2.07000000
2	87131	1.39000000
2	87132	3.47000000
2	87134	2.95000000
2	87135	1.56000000
2	87136	1.17000000
2	87408	1.18000000
2	87409	1.44000000
2	87411	2.90000000
2	87412	3.42000000
2	87413	2.88000000
2	87414	2.50000000
2	87415	2.94000000
2	87416	2.74000000
2	87421	1.40000000
2	87423	1.84000000
2	87424	1.64000000
2	87425	3.05000000
2	87427	3.24000000
2	87428	1.42000000
2	87430	1.61000000
2	87431	1.37000000
2	87705	1.81000000
2	87706	1.29000000
2	87707	2.51000000
2	87711	1.07000000
2	87712	1.56000000
2	87713	3.68000000
2	87714	3.72000000
2	87715	3.68000000
2	87716	3.43000000
2	87717	1.23000000
2	87718	2.18000000
2	87719	3.61000000
2	87720	1.89000000
2	87722	1.11000000
2	87723	3.38000000
2	87724	1.72000000
2	87725	1.69000000
2	87726	1.44000000
2	88003	1.69000000
2	88008	3.71000000
2	88009	4.00000000
2	88010	3.77000000
2	88011	3.51000000
2	88012	3.60000000
2	88013	2.26000000
2	88014	3.78000000
2	88015	1.53000000
2	88018	2.75000000
2	88019	3.82000000
2	88020	2.02000000
2	88021	2.55000000
2	88026	1.77000000
2	88304	2.95000000
2	88305	3.82000000
2	88306	3.10000000
2	88307	3.58000000
2	88308	3.69000000
2	88309	3.61000000
2	88310	1.59000000
2	88314	1.71000000
2	88316	1.21000000
2	88318	2.31000000
2	88605	3.49000000
2	88606	2.83000000
2	88609	3.89000000
2	88610	1.62000000
2	88611	3.70000000
2	88612	1.51000000
2	88613	1.41000000
2	88900	3.49000000
2	88901	2.91000000
2	88903	1.20000000
2	88904	3.97000000
2	88905	1.98000000
2	88906	2.84000000
2	88907	1.30000000
2	89194	3.41000000
2	89195	3.49000000
2	89196	1.84000000
2	89199	3.52000000
2	89200	3.38000000
2	89201	1.76000000
2	89202	2.03000000
2	89212	1.10000000
2	89213	1.26000000
2	89214	1.42000000
2	89491	3.25000000
2	89495	1.15000000
2	89508	1.62000000
2	89786	3.77000000
2	89787	1.52000000
2	90082	1.28000000
2	90379	2.27000000
2	90383	2.63000000
2	90384	2.98000000
2	90385	3.42000000
2	90386	1.67000000
2	90674	3.63000000
2	90675	3.60000000
2	90676	2.78000000
2	90677	2.40000000
2	90678	2.78000000
2	90681	3.95000000
2	90976	3.70000000
2	91271	3.70000000
2	91566	3.41000000
2	91861	3.34000000
2	91864	1.67000000
2	91867	1.30000000
2	92156	3.24000000
2	92157	1.28000000
2	92160	1.91000000
2	92161	1.51000000
2	92162	1.92000000
2	92163	2.37000000
2	92164	2.01000000
2	92451	2.04000000
2	92452	1.27000000
2	92456	1.07000000
2	92457	1.55000000
2	92458	3.33000000
2	92459	3.18000000
2	92460	1.84000000
2	92461	2.52000000
2	92749	1.06000000
2	92754	2.24000000
2	92755	3.70000000
2	92756	3.46000000
2	93042	1.56000000
2	93043	2.92000000
2	93044	1.25000000
2	93045	1.67000000
2	93046	1.58000000
2	93051	2.37000000
2	93052	2.97000000
2	93053	1.87000000
2	93330	1.56000000
2	93331	1.25000000
2	93337	1.25000000
2	93338	3.85000000
2	93339	3.83000000
2	93343	1.76000000
2	93347	1.05000000
2	93348	1.63000000
2	93349	1.63000000
2	93626	1.89000000
2	93636	1.00000000
2	93637	3.28000000
2	93638	3.75000000
2	93639	3.35000000
2	93640	1.04000000
2	93911	1.45000000
2	93917	1.25000000
2	93918	2.97000000
2	93919	1.51000000
2	93920	2.11000000
2	93921	2.88000000
2	93922	1.31000000
2	93923	1.04000000
2	93924	2.34000000
2	93931	2.35000000
2	93932	3.55000000
2	93933	1.97000000
2	93934	1.78000000
2	93935	3.01000000
2	93936	2.29000000
2	94202	1.27000000
2	94206	1.44000000
2	94207	2.08000000
2	94211	1.79000000
2	94212	3.68000000
2	94213	3.94000000
2	94214	3.76000000
2	94215	2.19000000
2	94216	1.42000000
2	94217	3.34000000
2	94218	3.43000000
2	94219	2.51000000
2	94224	1.27000000
2	94226	3.00000000
2	94227	2.96000000
2	94231	1.29000000
2	94232	2.20000000
2	94497	2.46000000
2	94498	1.11000000
2	94503	3.27000000
2	94504	3.68000000
2	94505	3.61000000
2	94506	4.00000000
2	94507	3.20000000
2	94508	1.53000000
2	94511	1.00000000
2	94512	3.04000000
2	94513	2.30000000
2	94514	2.37000000
2	94519	1.45000000
2	94521	1.90000000
2	94522	2.29000000
2	94529	1.39000000
2	94790	2.93000000
2	94791	3.70000000
2	94792	3.09000000
2	94796	1.97000000
2	94797	1.05000000
2	94798	3.27000000
2	94799	3.89000000
2	94800	3.14000000
2	94801	3.48000000
2	94802	2.21000000
2	94806	1.57000000
2	94807	1.70000000
2	94808	1.21000000
2	94810	1.76000000
2	94811	2.44000000
2	94812	2.13000000
2	94813	3.02000000
2	94814	3.10000000
2	95084	1.22000000
2	95085	3.76000000
2	95086	3.74000000
2	95087	3.43000000
2	95088	1.58000000
2	95090	3.58000000
2	95091	3.71000000
2	95092	3.49000000
2	95093	3.43000000
2	95094	3.47000000
2	95095	3.01000000
2	95096	2.65000000
2	95099	1.19000000
2	95111	1.58000000
2	95380	1.61000000
2	95381	1.83000000
2	95382	3.65000000
2	95383	2.71000000
2	95385	1.37000000
2	95386	3.69000000
2	95387	1.82000000
2	95388	2.93000000
2	95389	2.36000000
2	95390	1.97000000
2	95391	2.03000000
2	95406	1.10000000
2	95677	1.06000000
2	95678	1.54000000
2	95682	1.75000000
2	95683	3.49000000
2	95684	2.82000000
2	95685	1.45000000
2	95686	1.58000000
2	95687	2.08000000
2	95701	2.50000000
2	95965	2.04000000
2	95966	3.63000000
2	95967	3.80000000
2	95968	1.91000000
2	95969	1.54000000
2	95970	2.88000000
2	95971	1.75000000
2	95972	2.99000000
2	95973	3.29000000
2	95974	2.09000000
2	95978	1.10000000
2	95981	2.38000000
2	95982	3.77000000
2	95983	1.66000000
2	95988	2.10000000
2	95989	1.66000000
2	95993	1.69000000
2	95995	1.70000000
2	95996	2.93000000
2	96258	1.71000000
2	96259	2.82000000
2	96260	1.19000000
2	96261	4.00000000
2	96262	4.00000000
2	96263	3.25000000
2	96264	1.09000000
2	96265	2.36000000
2	96266	3.82000000
2	96267	3.80000000
2	96268	2.48000000
2	96269	2.81000000
2	96270	1.75000000
2	96273	2.79000000
2	96274	2.35000000
2	96275	2.11000000
2	96276	2.01000000
2	96277	3.60000000
2	96288	1.60000000
2	96289	2.93000000
2	96290	3.56000000
2	96291	3.65000000
2	96292	3.31000000
2	96293	1.42000000
2	96554	2.11000000
2	96555	3.54000000
2	96556	3.78000000
2	96557	3.98000000
2	96558	3.52000000
2	96561	1.65000000
2	96562	2.51000000
2	96567	2.50000000
2	96568	1.69000000
2	96569	2.14000000
2	96571	1.40000000
2	96572	1.84000000
2	96573	2.54000000
2	96574	2.23000000
2	96575	1.48000000
2	96581	1.02000000
2	96582	3.01000000
2	96583	3.28000000
2	96585	3.80000000
2	96586	3.88000000
2	96587	3.48000000
2	96588	3.80000000
2	96589	2.37000000
2	96849	2.04000000
2	96850	3.86000000
2	96851	2.81000000
2	96852	1.38000000
2	96853	2.44000000
2	96860	1.03000000
2	96862	3.65000000
2	96863	2.72000000
2	96876	1.29000000
2	96877	3.85000000
2	96880	2.36000000
2	96881	1.37000000
2	96882	2.36000000
2	96883	3.52000000
2	96884	2.54000000
2	96885	2.80000000
2	96886	1.74000000
2	97145	2.18000000
2	97146	3.43000000
2	97147	2.15000000
2	97148	3.03000000
2	97149	1.89000000
2	97152	1.15000000
2	97153	1.34000000
2	97157	3.49000000
2	97158	3.24000000
2	97159	3.16000000
2	97160	2.58000000
2	97172	3.12000000
2	97173	3.48000000
2	97175	3.13000000
2	97176	1.97000000
2	97177	1.07000000
2	97180	1.88000000
2	97441	1.50000000
2	97447	1.89000000
2	97452	3.08000000
2	97453	1.37000000
2	97457	2.33000000
2	97458	1.49000000
2	97461	1.00000000
2	97738	1.33000000
2	97739	1.32000000
2	97740	1.17000000
2	97742	1.70000000
2	97743	2.93000000
2	97753	1.25000000
2	98031	1.34000000
2	98032	2.36000000
2	98033	2.57000000
2	98034	1.39000000
2	98326	0.07000000
2	98327	2.60000000
2	98625	1.39000000
2	98922	1.22000000
2	99220	1.17000000
2	99222	1.79000000
2	99223	1.48000000
2	99517	1.20000000
2	99518	2.17000000
2	99519	2.16000000
2	99816	2.70000000
3	29095	1.87000000
3	29099	1.93000000
3	29100	1.24000000
3	29389	1.66000000
3	29390	3.11000000
3	29393	1.74000000
3	29394	3.84000000
3	29395	2.57000000
3	29683	1.29000000
3	29684	3.63000000
3	29685	2.91000000
3	29687	1.99000000
3	29688	3.59000000
3	29689	3.32000000
3	29690	3.21000000
3	29691	1.38000000
3	29978	3.12000000
3	29979	3.28000000
3	29981	2.49000000
3	29982	2.85000000
3	30272	3.22000000
3	30273	1.04000000
3	30274	1.19000000
3	30275	2.69000000
3	30276	1.69000000
3	30278	2.18000000
3	30279	1.41000000
3	30568	3.11000000
3	30569	2.90000000
3	30859	1.03000000
3	30860	1.65000000
3	30861	3.87000000
3	30863	2.37000000
3	30864	3.57000000
3	31156	1.40000000
3	31157	1.16000000
3	31165	1.04000000
3	31166	1.19000000
3	31167	1.86000000
3	31168	2.43000000
3	31448	2.74000000
3	31449	2.40000000
3	31450	1.81000000
3	31451	3.12000000
3	31452	2.81000000
3	31453	2.98000000
3	31456	1.96000000
3	31746	1.14000000
3	31747	1.54000000
3	31755	3.08000000
3	31760	1.01000000
3	31761	1.50000000
3	31762	1.55000000
3	32048	1.18000000
3	32049	3.13000000
3	32056	1.17000000
3	32057	1.27000000
3	32338	2.46000000
3	32339	1.90000000
3	32340	1.43000000
3	32341	1.91000000
3	32342	1.05000000
3	32629	2.10000000
3	32634	2.16000000
3	32635	2.76000000
3	32636	2.44000000
3	32637	1.72000000
3	32927	1.59000000
3	32928	3.56000000
3	32929	2.80000000
3	32930	2.02000000
3	32931	1.94000000
3	33218	1.57000000
3	33221	1.10000000
3	33222	3.43000000
3	33223	1.37000000
3	33224	2.79000000
3	33513	2.07000000
3	33514	1.83000000
3	33516	2.74000000
3	33517	3.20000000
3	33518	3.50000000
3	33519	1.87000000
3	33809	2.40000000
3	33810	1.78000000
3	33813	2.51000000
3	34104	2.42000000
3	34108	3.04000000
3	34404	2.89000000
3	34985	3.10000000
3	34991	1.86000000
3	35280	3.46000000
3	35286	3.58000000
3	35575	2.61000000
3	35867	1.73000000
3	35876	3.39000000
3	35877	2.25000000
3	35878	3.05000000
3	36164	3.21000000
3	36165	1.04000000
3	36168	1.10000000
3	36171	3.67000000
3	36172	1.63000000
3	36173	2.49000000
3	36448	1.52000000
3	36456	3.88000000
3	36458	1.66000000
3	36464	2.59000000
3	36465	3.69000000
3	36466	2.16000000
3	36467	1.79000000
3	36468	3.82000000
3	36469	2.40000000
3	36740	2.58000000
3	36741	3.03000000
3	36743	3.30000000
3	36744	1.72000000
3	36749	3.12000000
3	36751	2.56000000
3	36757	1.76000000
3	36761	1.24000000
3	36762	2.50000000
3	37035	2.46000000
3	37037	2.81000000
3	37038	3.45000000
3	37039	3.83000000
3	37042	3.07000000
3	37043	2.99000000
3	37044	1.65000000
3	37326	1.25000000
3	37327	2.89000000
3	37328	3.03000000
3	37329	2.29000000
3	37330	2.50000000
3	37333	2.84000000
3	37334	2.73000000
3	37335	3.77000000
3	37336	3.34000000
3	37337	1.44000000
3	37623	3.25000000
3	37625	2.66000000
3	37629	1.09000000
3	37630	1.20000000
3	37633	1.00000000
3	37634	1.06000000
3	37635	1.44000000
3	37920	2.01000000
3	37928	3.15000000
3	38221	1.12000000
3	38222	3.57000000
3	38512	1.06000000
3	38515	1.65000000
3	38780	1.02000000
3	38781	1.80000000
3	38782	1.05000000
3	38789	1.13000000
3	38790	2.29000000
3	38809	1.27000000
3	38810	3.81000000
3	39073	1.09000000
3	39077	2.62000000
3	39079	1.33000000
3	39080	1.44000000
3	39083	2.20000000
3	39104	3.37000000
3	39105	3.68000000
3	39368	3.06000000
3	39370	1.92000000
3	39371	3.30000000
3	39397	1.92000000
3	39398	1.56000000
3	39665	2.10000000
3	39666	2.32000000
3	39667	2.73000000
3	39691	1.70000000
3	39951	1.74000000
3	39952	3.42000000
3	39953	3.86000000
3	39958	3.00000000
3	39959	2.52000000
3	39960	1.64000000
3	39961	1.00000000
3	39963	1.33000000
3	39964	3.06000000
3	39965	3.07000000
3	39966	3.70000000
3	39967	1.73000000
3	39968	1.15000000
3	39969	3.05000000
3	39986	2.31000000
3	39989	1.51000000
3	40247	1.02000000
3	40248	1.90000000
3	40249	3.29000000
3	40250	2.15000000
3	40254	3.40000000
3	40255	1.77000000
3	40257	1.46000000
3	40263	3.09000000
3	40284	2.08000000
3	40544	2.38000000
3	40545	3.18000000
3	40549	1.99000000
3	40551	2.64000000
3	40556	1.36000000
3	40559	1.46000000
3	40577	1.28000000
3	40578	1.33000000
3	40579	2.34000000
3	40812	2.08000000
3	40813	3.33000000
3	40826	1.77000000
3	40828	1.02000000
3	40844	2.78000000
3	40845	3.68000000
3	40846	1.87000000
3	40848	2.31000000
3	40849	1.95000000
3	40850	1.29000000
3	40855	3.08000000
3	40872	1.58000000
3	40873	2.44000000
3	40874	3.72000000
3	41109	2.35000000
3	41118	1.96000000
3	41119	2.48000000
3	41120	3.82000000
3	41121	3.56000000
3	41124	1.52000000
3	41125	2.99000000
3	41140	2.59000000
3	41141	2.19000000
3	41150	2.35000000
3	41165	1.27000000
3	41167	1.59000000
3	41168	1.45000000
3	41403	1.35000000
3	41405	2.55000000
3	41412	2.95000000
3	41419	2.76000000
3	41420	1.14000000
3	41438	2.42000000
3	41439	2.73000000
3	41440	1.64000000
3	41442	1.51000000
3	41443	2.12000000
3	41444	2.28000000
3	41445	2.47000000
3	41446	3.58000000
3	41447	3.66000000
3	41448	2.59000000
3	41461	1.45000000
3	41462	1.80000000
3	41463	2.82000000
3	41685	1.01000000
3	41694	1.20000000
3	41695	2.36000000
3	41696	2.25000000
3	41697	2.45000000
3	41698	2.62000000
3	41699	2.47000000
3	41700	2.82000000
3	41707	3.74000000
3	41710	1.74000000
3	41711	2.65000000
3	41712	2.40000000
3	41715	1.58000000
3	41732	2.02000000
3	41733	1.93000000
3	41734	3.05000000
3	41736	3.51000000
3	41741	1.32000000
3	41742	2.86000000
3	41743	2.92000000
3	41744	1.85000000
3	41745	2.14000000
3	41746	3.25000000
3	41755	3.29000000
3	41756	2.76000000
3	41757	2.16000000
3	41758	2.48000000
3	41987	1.79000000
3	41988	2.34000000
3	41989	3.14000000
3	41990	3.25000000
3	41991	3.03000000
3	41992	1.63000000
3	41993	2.87000000
3	41994	3.21000000
3	41996	2.69000000
3	41997	3.38000000
3	41998	2.37000000
3	42001	1.75000000
3	42002	1.01000000
3	42003	1.56000000
3	42004	2.92000000
3	42005	3.16000000
3	42006	2.84000000
3	42007	2.71000000
3	42010	2.08000000
3	42013	1.35000000
3	42014	2.47000000
3	42015	1.53000000
3	42029	2.99000000
3	42034	2.49000000
3	42035	2.29000000
3	42036	3.88000000
3	42037	3.73000000
3	42038	2.60000000
3	42041	2.18000000
3	42042	3.40000000
3	42050	3.41000000
3	42051	2.42000000
3	42282	3.66000000
3	42283	3.45000000
3	42284	3.58000000
3	42288	1.70000000
3	42289	2.03000000
3	42290	2.28000000
3	42291	1.75000000
3	42298	1.50000000
3	42299	2.10000000
3	42300	1.73000000
3	42306	3.22000000
3	42315	1.74000000
3	42316	3.16000000
3	42317	3.90000000
3	42324	2.43000000
3	42331	2.80000000
3	42332	2.87000000
3	42333	1.65000000
3	42338	2.80000000
3	42340	1.73000000
3	42344	1.81000000
3	42345	3.16000000
3	42346	1.11000000
3	42347	1.27000000
3	42575	2.07000000
3	42576	3.03000000
3	42577	1.82000000
3	42578	2.47000000
3	42579	3.03000000
3	42583	1.56000000
3	42584	3.29000000
3	42585	3.03000000
3	42586	3.26000000
3	42601	1.14000000
3	42612	2.50000000
3	42634	2.46000000
3	42870	1.32000000
3	42871	1.11000000
3	42872	1.79000000
3	42873	2.17000000
3	42874	3.45000000
3	42877	2.89000000
3	42878	3.68000000
3	42879	3.36000000
3	42903	2.08000000
3	42907	1.42000000
3	42920	2.25000000
3	42929	1.11000000
3	42930	3.57000000
3	42931	3.60000000
3	42932	2.40000000
3	43164	3.06000000
3	43165	2.42000000
3	43166	1.67000000
3	43169	1.60000000
3	43170	2.39000000
3	43171	2.40000000
3	43172	3.44000000
3	43173	1.44000000
3	43174	2.83000000
3	43198	1.54000000
3	43213	2.48000000
3	43214	3.59000000
3	43223	3.30000000
3	43229	2.68000000
3	43438	1.43000000
3	43460	1.30000000
3	43461	2.40000000
3	43462	2.91000000
3	43463	2.85000000
3	43464	1.45000000
3	43468	2.94000000
3	43509	3.14000000
3	43520	3.50000000
3	43521	1.40000000
3	43524	2.94000000
3	43732	2.39000000
3	43733	2.48000000
3	43757	2.94000000
3	43766	1.55000000
3	43767	2.78000000
3	43803	1.99000000
3	43804	3.78000000
3	43816	2.55000000
3	44047	1.54000000
3	44098	1.30000000
3	44099	3.05000000
3	44333	1.09000000
3	44356	1.69000000
3	44627	2.37000000
3	44628	1.21000000
3	44638	3.04000000
3	44920	1.04000000
3	44922	2.20000000
3	45212	2.55000000
3	45503	3.54000000
3	45504	2.65000000
3	45523	2.10000000
3	45796	2.69000000
3	45797	2.10000000
3	45798	1.86000000
3	45802	2.32000000
3	45819	2.50000000
3	45820	2.01000000
3	46081	3.04000000
3	46082	1.60000000
3	46089	2.26000000
3	46091	1.98000000
3	46376	1.27000000
3	46381	1.65000000
3	46384	3.00000000
3	46389	2.58000000
3	46673	2.26000000
3	46674	2.39000000
3	46675	1.72000000
3	46677	1.60000000
3	46678	1.57000000
3	46679	1.27000000
3	46965	1.60000000
3	47575	1.58000000
3	47576	2.19000000
3	47846	1.59000000
3	47848	1.24000000
3	48142	2.11000000
3	48156	3.08000000
3	48452	1.77000000
3	52570	2.69000000
3	52891	1.43000000
3	53478	1.74000000
3	53775	1.36000000
3	54377	3.54000000
3	54378	1.32000000
3	54655	2.25000000
3	54943	2.07000000
3	54951	3.38000000
3	55227	1.31000000
3	55228	3.61000000
3	55520	2.30000000
3	55521	2.81000000
3	55522	1.09000000
3	55523	1.56000000
3	55524	1.07000000
3	55530	1.26000000
3	55533	2.62000000
3	55553	3.79000000
3	55554	3.40000000
3	55555	3.44000000
3	55557	3.35000000
3	55558	2.21000000
3	55559	1.74000000
3	55816	1.85000000
3	55818	1.06000000
3	55819	2.07000000
3	55848	1.76000000
3	55849	2.38000000
3	55850	1.61000000
3	56124	1.48000000
3	56129	1.12000000
3	56143	1.77000000
3	56144	1.18000000
3	56145	1.61000000
3	56147	1.52000000
3	56148	3.19000000
3	56149	3.71000000
3	56150	2.26000000
3	56439	1.61000000
3	56440	2.37000000
3	56441	1.88000000
3	56442	3.15000000
3	56443	3.71000000
3	56444	1.14000000
3	57022	1.59000000
3	57023	3.94000000
3	57032	1.09000000
3	57315	1.76000000
3	57316	2.65000000
3	57318	3.72000000
3	57319	3.39000000
3	57611	3.45000000
3	57612	2.98000000
3	57613	1.69000000
3	57614	3.71000000
3	57906	2.37000000
3	57907	2.77000000
3	57908	1.38000000
3	57909	3.76000000
3	58201	1.95000000
3	58202	3.09000000
3	58203	1.27000000
3	58204	3.20000000
3	58496	2.33000000
3	58497	2.99000000
3	58498	3.18000000
3	58790	2.51000000
3	58791	3.74000000
3	58792	1.37000000
3	59084	2.07000000
3	59085	3.83000000
3	59086	3.75000000
3	59374	2.31000000
3	59375	3.03000000
3	59669	2.58000000
3	59670	2.97000000
3	59671	2.74000000
3	59673	3.25000000
3	59676	3.70000000
3	59681	1.89000000
3	59962	1.90000000
3	59963	1.05000000
3	59964	3.33000000
3	59965	3.05000000
3	59966	2.05000000
3	59967	3.55000000
3	59968	3.70000000
3	59971	2.23000000
3	60260	2.01000000
3	60261	2.29000000
3	60262	3.71000000
3	60263	3.66000000
3	60270	1.38000000
3	60556	2.49000000
3	60557	3.71000000
3	60558	3.77000000
3	60560	1.30000000
3	60561	1.02000000
3	60848	1.26000000
3	60849	2.02000000
3	60851	1.89000000
3	60852	3.74000000
3	60853	3.63000000
3	61144	1.18000000
3	61145	1.12000000
3	61146	1.37000000
3	61154	1.35000000
3	61155	1.29000000
3	61437	2.81000000
3	61438	1.41000000
3	61445	1.80000000
3	61446	2.63000000
3	61447	1.79000000
3	61740	1.64000000
3	61741	2.43000000
3	61742	3.64000000
3	62035	3.57000000
3	62036	1.14000000
3	62037	3.87000000
3	62038	2.44000000
3	62327	2.03000000
3	62328	2.69000000
3	62330	4.00000000
3	62331	2.23000000
3	62332	2.15000000
3	62333	3.98000000
3	62334	1.46000000
3	62626	3.93000000
3	62627	1.42000000
3	62921	3.90000000
3	63217	3.19000000
3	63218	1.45000000
3	63219	3.63000000
3	63509	3.78000000
3	63513	2.73000000
3	63514	2.26000000
3	63808	3.74000000
3	63809	1.43000000
3	64103	2.98000000
3	64104	1.21000000
3	64398	2.05000000
3	64400	3.73000000
3	64402	2.32000000
3	64693	3.64000000
3	64695	3.38000000
3	64696	4.00000000
3	64698	3.30000000
3	64988	3.11000000
3	64990	3.48000000
3	64991	4.00000000
3	65283	1.96000000
3	65285	3.00000000
3	65286	2.97000000
3	65578	3.67000000
3	65580	2.63000000
3	65581	3.88000000
3	65873	3.67000000
3	65874	1.21000000
3	65876	3.66000000
3	66168	2.82000000
3	66169	1.43000000
3	66170	1.88000000
3	66457	1.42000000
3	66458	1.11000000
3	66463	3.78000000
3	66464	1.10000000
3	66465	3.10000000
3	66466	3.67000000
3	66751	3.71000000
3	66752	2.85000000
3	66753	3.45000000
3	66755	2.26000000
3	66756	1.61000000
3	66757	1.08000000
3	66758	2.77000000
3	66759	2.65000000
3	66761	3.14000000
3	67046	3.64000000
3	67047	2.86000000
3	67048	2.77000000
3	67049	3.82000000
3	67643	1.84000000
3	67644	1.59000000
3	67645	2.51000000
3	67646	3.66000000
3	67938	2.51000000
3	67939	1.56000000
3	67940	2.50000000
3	67941	3.83000000
3	67945	1.98000000
3	68233	2.36000000
3	68234	1.52000000
3	68235	2.84000000
3	68236	2.98000000
3	68528	1.24000000
3	68530	3.18000000
3	68531	3.84000000
3	68823	2.66000000
3	68824	1.08000000
3	68825	3.31000000
3	69118	3.83000000
3	69119	1.49000000
3	69120	3.48000000
3	69125	2.38000000
3	69412	1.91000000
3	69413	4.00000000
3	69414	1.38000000
3	69418	2.94000000
3	69419	3.47000000
3	69420	3.67000000
3	69707	2.61000000
3	69708	2.95000000
3	69710	2.41000000
3	69711	2.96000000
3	69712	1.42000000
3	69713	1.27000000
3	69714	1.76000000
3	69715	2.31000000
3	70002	1.62000000
3	70003	1.76000000
3	70008	1.28000000
3	70296	1.09000000
3	70297	2.18000000
3	70302	2.33000000
3	70303	2.81000000
3	70304	2.04000000
3	70307	1.58000000
3	70590	1.76000000
3	70591	1.89000000
3	70595	2.86000000
3	70596	3.20000000
3	70597	3.06000000
3	70598	2.32000000
3	70599	3.22000000
3	70600	2.27000000
3	70601	1.67000000
3	70602	1.33000000
3	70897	1.56000000
3	71182	2.97000000
3	71183	2.08000000
3	71465	1.79000000
3	71470	2.44000000
3	71471	1.31000000
3	71476	2.05000000
3	71477	2.99000000
3	71482	2.94000000
3	71483	1.28000000
3	71761	1.34000000
3	71762	1.64000000
3	71765	3.41000000
3	71766	2.44000000
3	71767	2.60000000
3	71770	1.22000000
3	71771	3.87000000
3	71778	1.03000000
3	71779	1.41000000
3	72057	2.32000000
3	72058	1.48000000
3	72060	3.04000000
3	72061	3.70000000
3	72062	1.11000000
3	72065	3.30000000
3	72356	2.22000000
3	72357	1.23000000
3	72359	2.11000000
3	72360	3.80000000
3	72365	1.44000000
3	72652	2.61000000
3	72654	1.10000000
3	72655	3.65000000
3	72947	2.00000000
3	72948	1.03000000
3	72950	1.09000000
3	73242	1.44000000
3	73243	3.32000000
3	73245	1.07000000
3	73537	3.45000000
3	73538	3.87000000
3	73541	2.55000000
3	73542	3.29000000
3	73831	2.55000000
3	73832	3.59000000
3	73833	3.38000000
3	73836	1.39000000
3	73837	3.16000000
3	74124	2.59000000
3	74125	3.71000000
3	74126	3.05000000
3	74127	3.02000000
3	74128	3.71000000
3	74132	3.76000000
3	74418	1.82000000
3	74419	2.12000000
3	74420	1.97000000
3	74421	1.07000000
3	74422	2.83000000
3	74423	1.36000000
3	74426	1.62000000
3	74427	3.04000000
3	74428	3.19000000
3	74712	2.36000000
3	74713	1.27000000
3	74716	2.09000000
3	74717	2.63000000
3	74719	2.01000000
3	74720	2.60000000
3	74721	1.54000000
3	74723	3.07000000
3	74724	1.75000000
3	75006	2.10000000
3	75007	3.03000000
3	75008	2.80000000
3	75009	3.05000000
3	75011	3.11000000
3	75012	2.32000000
3	75015	1.20000000
3	75017	1.44000000
3	75019	2.09000000
3	75020	2.08000000
3	75022	1.08000000
3	75300	1.52000000
3	75301	2.73000000
3	75302	3.33000000
3	75303	2.77000000
3	75304	3.83000000
3	75305	2.58000000
3	75306	1.15000000
3	75315	1.22000000
3	75316	1.98000000
3	75317	1.25000000
3	75594	2.15000000
3	75595	1.74000000
3	75596	2.27000000
3	75597	3.19000000
3	75598	2.04000000
3	75599	2.04000000
3	75602	1.55000000
3	75603	1.79000000
3	75607	2.83000000
3	75610	1.77000000
3	75611	2.29000000
3	75887	1.63000000
3	75888	2.23000000
3	75889	2.00000000
3	75895	2.68000000
3	75896	3.37000000
3	75897	2.46000000
3	75905	1.52000000
3	76179	1.35000000
3	76181	1.37000000
3	76190	1.78000000
3	76191	3.14000000
3	76192	3.57000000
3	76199	2.28000000
3	76200	2.28000000
3	76473	1.20000000
3	76478	1.07000000
3	76479	2.77000000
3	76484	1.10000000
3	76485	1.88000000
3	76486	2.75000000
3	76487	3.16000000
3	76494	3.14000000
3	76495	1.28000000
3	76771	1.19000000
3	76772	1.20000000
3	76775	2.43000000
3	76776	2.72000000
3	76777	1.07000000
3	76779	1.66000000
3	76780	2.15000000
3	76781	1.95000000
3	76789	1.07000000
3	77064	3.17000000
3	77065	2.29000000
3	77068	1.18000000
3	77069	3.16000000
3	77070	3.44000000
3	77071	3.71000000
3	77072	1.89000000
3	77073	2.33000000
3	77074	2.12000000
3	77075	2.00000000
3	77076	2.37000000
3	77358	0.19000000
3	77360	2.95000000
3	77362	1.83000000
3	77363	3.15000000
3	77366	2.16000000
3	77653	0.43000000
3	77655	2.29000000
3	77657	1.19000000
3	77658	1.39000000
3	77662	2.40000000
3	77950	2.22000000
3	77951	2.81000000
3	77952	1.13000000
3	77955	1.02000000
3	77957	3.63000000
3	77959	1.82000000
3	78247	2.47000000
3	78251	2.32000000
3	78542	2.20000000
3	78543	1.52000000
3	78547	1.69000000
4	3523	3.70000000
4	3524	3.17000000
4	3818	3.84000000
4	3819	3.30000000
4	4113	3.93000000
4	4114	2.00000000
4	4408	3.21000000
4	4409	2.00000000
4	4703	3.79000000
4	4704	1.61000000
4	5298	3.05000000
4	5299	2.78000000
4	5592	1.21000000
4	5593	2.00000000
4	5594	3.89000000
4	5595	1.40000000
4	5888	3.26000000
4	5889	1.44000000
4	5890	1.46000000
4	5891	1.15000000
4	6165	1.74000000
4	6166	2.76000000
4	6167	1.73000000
4	6183	3.45000000
4	6184	2.65000000
4	6185	3.12000000
4	6186	3.67000000
4	6188	2.77000000
4	6189	1.32000000
4	6461	2.58000000
4	6462	3.85000000
4	6463	3.78000000
4	6478	2.84000000
4	6479	4.00000000
4	6487	1.51000000
4	6754	1.15000000
4	6755	2.18000000
4	6756	2.98000000
4	6757	3.82000000
4	6758	3.88000000
4	6773	2.74000000
4	6774	3.68000000
4	7050	1.31000000
4	7051	2.28000000
4	7052	2.97000000
4	7053	3.87000000
4	7068	2.72000000
4	7069	3.69000000
4	7341	1.10000000
4	7344	1.42000000
4	7345	2.43000000
4	7346	3.37000000
4	7347	3.18000000
4	7348	3.50000000
4	7363	2.49000000
4	7364	3.56000000
4	7365	1.57000000
4	7366	1.00000000
4	7638	2.11000000
4	7639	1.18000000
4	7640	1.78000000
4	7641	3.27000000
4	7642	3.81000000
4	7658	3.44000000
4	7659	2.48000000
4	7660	3.56000000
4	7661	2.57000000
4	7933	1.26000000
4	7934	2.61000000
4	7935	3.72000000
4	7936	3.39000000
4	7937	3.20000000
4	7952	2.21000000
4	7953	3.89000000
4	7954	3.48000000
4	7955	3.63000000
4	7956	2.39000000
4	8229	2.18000000
4	8230	2.92000000
4	8231	1.99000000
4	8246	1.84000000
4	8247	3.89000000
4	8248	3.80000000
4	8249	2.64000000
4	8250	2.94000000
4	8251	2.25000000
4	8524	1.87000000
4	8525	2.77000000
4	8540	1.70000000
4	8542	3.78000000
4	8543	3.90000000
4	8544	3.32000000
4	8819	3.12000000
4	8820	3.39000000
4	8834	3.30000000
4	8835	3.65000000
4	8837	3.76000000
4	8838	3.65000000
4	8839	2.57000000
4	9129	3.85000000
4	9130	4.00000000
4	9131	3.72000000
4	9132	3.55000000
4	9133	3.23000000
4	9408	2.64000000
4	9409	2.63000000
4	9423	2.60000000
4	9424	3.85000000
4	9425	3.78000000
4	9426	3.32000000
4	9427	3.65000000
4	9703	3.42000000
4	9717	3.19000000
4	9718	3.87000000
4	9719	2.42000000
4	9720	1.37000000
4	10010	1.94000000
4	10011	3.88000000
4	10012	3.88000000
4	10013	2.99000000
4	10014	2.93000000
4	10015	2.61000000
4	10293	3.19000000
4	10304	2.90000000
4	10305	3.82000000
4	10306	3.77000000
4	10307	2.42000000
4	10597	1.34000000
4	10598	3.01000000
4	10599	3.68000000
4	10600	3.43000000
4	10601	3.33000000
4	10602	3.46000000
4	10878	1.36000000
4	10879	2.37000000
4	10892	2.99000000
4	10893	3.81000000
4	10894	3.55000000
4	10895	3.66000000
4	10896	3.36000000
4	10897	1.72000000
4	11169	2.01000000
4	11170	2.44000000
4	11172	2.72000000
4	11173	2.56000000
4	11174	1.80000000
4	11189	3.67000000
4	11190	3.59000000
4	11191	3.63000000
4	11464	2.99000000
4	11465	3.44000000
4	11466	3.60000000
4	11467	3.86000000
4	11468	3.79000000
4	11484	3.83000000
4	11485	3.55000000
4	11486	2.50000000
4	11487	1.73000000
4	11757	1.30000000
4	11758	3.02000000
4	11759	3.03000000
4	11761	3.73000000
4	11762	3.56000000
4	11763	3.88000000
4	11775	1.07000000
4	12051	1.34000000
4	12053	1.16000000
4	12054	3.19000000
4	12055	3.23000000
4	12056	3.17000000
4	12070	2.87000000
4	12346	1.15000000
4	12348	2.68000000
4	12349	3.72000000
4	12350	3.81000000
4	12364	2.85000000
4	12365	3.93000000
4	12366	3.83000000
4	12640	1.24000000
4	12641	1.86000000
4	12642	2.46000000
4	12643	2.48000000
4	12644	1.77000000
4	12645	2.85000000
4	12648	3.29000000
4	12658	2.38000000
4	12659	2.20000000
4	12661	3.10000000
4	12935	2.85000000
4	12937	2.63000000
4	12938	3.43000000
4	12939	3.37000000
4	12940	3.17000000
4	12941	2.94000000
4	12942	2.07000000
4	12943	1.50000000
4	12952	1.18000000
4	12953	3.85000000
4	12954	3.56000000
4	12955	1.51000000
4	12956	3.13000000
4	13234	2.01000000
4	13235	3.14000000
4	13236	3.02000000
4	13237	2.99000000
4	13247	1.12000000
4	13248	3.76000000
4	13249	3.70000000
4	13250	2.76000000
4	13251	3.76000000
4	13254	1.96000000
4	13528	3.00000000
4	13529	3.63000000
4	13530	3.69000000
4	13531	3.55000000
4	13532	1.23000000
4	13549	1.24000000
4	13823	3.89000000
4	13824	3.65000000
4	13825	3.91000000
4	13826	2.60000000
4	14118	3.92000000
4	14119	3.80000000
4	14120	3.68000000
4	14121	1.94000000
4	14413	3.00000000
4	14416	1.29000000
4	14708	1.68000000
4	15003	1.97000000
4	15023	1.56000000
4	15317	3.47000000
4	15593	1.00000000
4	15594	3.05000000
4	15595	2.10000000
4	15610	3.74000000
4	15611	3.14000000
4	15612	1.77000000
4	15888	2.65000000
4	15890	2.65000000
4	15896	1.39000000
4	15897	2.50000000
4	15905	3.93000000
4	15906	2.93000000
4	15907	2.06000000
4	16180	3.10000000
4	16181	3.62000000
4	16183	3.55000000
4	16184	1.55000000
4	16185	2.99000000
4	16191	3.00000000
4	16192	3.82000000
4	16200	3.96000000
4	16201	2.99000000
4	16202	1.00000000
4	16475	3.03000000
4	16476	1.63000000
4	16477	1.64000000
4	16478	2.66000000
4	16479	1.52000000
4	16480	2.55000000
4	16491	3.32000000
4	16495	3.31000000
4	16496	3.23000000
4	16768	3.26000000
4	16769	1.69000000
4	16770	2.34000000
4	16771	2.38000000
4	16772	2.62000000
4	16773	2.94000000
4	16786	3.62000000
4	16790	1.80000000
4	17063	2.79000000
4	17064	3.66000000
4	17065	3.65000000
4	17066	1.70000000
4	17067	2.27000000
4	17068	3.30000000
4	17069	3.32000000
4	17085	3.21000000
4	17358	1.62000000
4	17359	3.74000000
4	17360	3.86000000
4	17361	3.67000000
4	17362	3.64000000
4	17363	3.17000000
4	17364	3.50000000
4	17365	1.15000000
4	17660	3.47000000
4	17661	1.19000000
4	17955	2.63000000
4	17956	1.97000000
4	18250	2.11000000
4	18545	1.01000000
4	18841	1.46000000
4	18842	3.16000000
4	18846	2.39000000
4	18847	3.83000000
4	18848	3.95000000
4	18849	3.06000000
4	18850	1.42000000
4	19135	3.17000000
4	19136	3.84000000
4	19141	3.25000000
4	19142	4.00000000
4	19143	2.84000000
4	19144	3.00000000
4	19429	1.37000000
4	19430	2.02000000
4	19431	2.93000000
4	19438	1.03000000
4	19439	1.46000000
4	19725	1.44000000
4	19726	3.49000000
4	19732	3.12000000
4	19733	3.76000000
4	20020	1.90000000
4	20021	3.48000000
4	20027	2.78000000
4	20028	3.67000000
4	20029	3.03000000
4	20311	1.49000000
4	20312	1.07000000
4	20313	1.64000000
4	20314	3.38000000
4	20315	3.12000000
4	20316	1.22000000
4	20317	1.44000000
4	20322	2.74000000
4	20323	3.30000000
4	20324	4.00000000
4	20325	1.45000000
4	20604	1.58000000
4	20605	1.55000000
4	20606	3.00000000
4	20607	2.90000000
4	20608	3.27000000
4	20609	3.92000000
4	20611	3.67000000
4	20612	3.14000000
4	20613	1.64000000
4	20617	2.10000000
4	20618	3.14000000
4	20619	3.92000000
4	20620	3.62000000
4	20899	2.25000000
4	20900	3.60000000
4	20903	3.56000000
4	20904	4.00000000
4	20908	2.15000000
4	20913	3.94000000
4	20914	3.69000000
4	20915	4.00000000
4	21195	1.33000000
4	21198	3.45000000
4	21199	3.26000000
4	21203	1.54000000
4	21208	3.29000000
4	21209	3.87000000
4	21210	3.49000000
4	21490	1.51000000
4	21491	3.18000000
4	21492	2.62000000
4	21493	3.92000000
4	21498	1.65000000
4	21503	1.83000000
4	21504	3.72000000
4	21786	2.03000000
4	21787	2.95000000
4	21788	3.94000000
4	21793	1.02000000
4	22081	1.09000000
4	22082	2.34000000
4	22083	3.69000000
4	22088	1.59000000
4	22377	1.06000000
4	22378	2.74000000
4	22383	1.98000000
4	22406	1.93000000
4	22672	3.63000000
4	22673	3.78000000
4	22678	1.58000000
4	22701	3.88000000
4	22966	2.10000000
4	22967	3.88000000
4	22968	3.94000000
4	22973	1.80000000
4	22987	3.87000000
4	22988	3.92000000
4	22989	3.63000000
4	22990	2.48000000
4	22991	2.95000000
4	22992	3.20000000
4	22993	3.34000000
4	23260	1.85000000
4	23261	3.16000000
4	23262	3.78000000
4	23263	3.81000000
4	23274	3.05000000
4	23281	3.91000000
4	23282	2.69000000
4	23554	1.04000000
4	23555	2.50000000
4	23556	3.45000000
4	23557	3.61000000
4	23558	3.94000000
4	23569	3.71000000
4	23570	3.23000000
4	23576	3.86000000
4	23850	2.76000000
4	23851	3.43000000
4	23852	3.74000000
4	23853	3.73000000
4	23857	1.16000000
4	23864	3.23000000
4	23865	3.77000000
4	23871	3.77000000
4	23872	1.78000000
4	23873	3.32000000
4	23874	3.99000000
4	24146	3.34000000
4	24147	4.00000000
4	24148	3.97000000
4	24158	1.30000000
4	24159	4.00000000
4	24160	3.97000000
4	24167	2.49000000
4	24168	2.49000000
4	24169	2.67000000
4	24441	2.21000000
4	24442	3.78000000
4	24443	3.78000000
4	24453	2.31000000
4	24454	4.00000000
4	24736	2.48000000
4	24737	4.00000000
4	24738	4.00000000
4	24992	1.82000000
4	24993	2.69000000
4	24994	3.44000000
4	25031	2.86000000
4	25032	4.00000000
4	25033	3.69000000
4	25034	3.92000000
4	25035	2.43000000
4	25287	1.81000000
4	25288	3.95000000
4	25289	3.28000000
4	25313	1.19000000
4	25318	2.43000000
4	25321	1.22000000
4	25322	1.20000000
4	25323	1.12000000
4	25325	2.57000000
4	25326	3.77000000
4	25327	3.53000000
4	25328	3.13000000
4	25329	4.00000000
4	25330	2.14000000
4	25363	1.77000000
4	25364	3.94000000
4	25365	1.87000000
4	25603	1.46000000
4	25604	1.36000000
4	25606	2.27000000
4	25607	1.21000000
4	25611	2.96000000
4	25612	3.82000000
4	25613	3.36000000
4	25617	2.79000000
4	25618	3.19000000
4	25619	3.11000000
4	25620	3.50000000
4	25621	3.54000000
4	25622	2.57000000
4	25623	2.73000000
4	25624	3.08000000
4	25625	1.46000000
4	25649	2.52000000
4	25650	3.97000000
4	25651	3.88000000
4	25652	3.75000000
4	25657	1.75000000
4	25658	3.60000000
4	25659	2.79000000
4	25660	3.24000000
4	25877	1.63000000
4	25899	1.46000000
4	25900	2.35000000
4	25901	1.77000000
4	25902	3.53000000
4	25903	3.38000000
4	25904	3.45000000
4	25905	3.91000000
4	25906	3.69000000
4	25907	3.74000000
4	25913	3.99000000
4	25914	3.97000000
4	25915	3.88000000
4	25916	3.87000000
4	25917	3.97000000
4	25918	3.94000000
4	25919	4.00000000
4	25920	2.72000000
4	25944	3.96000000
4	25945	3.96000000
4	25946	3.87000000
4	25947	3.91000000
4	25948	1.74000000
4	25949	2.45000000
4	25950	3.58000000
4	25951	1.64000000
4	25952	3.67000000
4	25953	3.52000000
4	25954	2.64000000
4	25955	3.93000000
4	25956	2.62000000
4	26172	3.31000000
4	26173	3.44000000
4	26193	2.75000000
4	26194	2.83000000
4	26195	3.85000000
4	26196	2.35000000
4	26197	3.90000000
4	26198	3.42000000
4	26199	3.71000000
4	26200	3.90000000
4	26212	3.54000000
4	26213	3.61000000
4	26214	3.92000000
4	26215	1.82000000
4	26239	2.96000000
4	26240	3.56000000
4	26241	3.30000000
4	26242	4.00000000
4	26243	1.40000000
4	26245	2.25000000
4	26246	3.65000000
4	26247	3.46000000
4	26248	3.28000000
4	26249	2.94000000
4	26250	2.42000000
4	26251	3.26000000
4	26466	1.29000000
4	26467	1.82000000
4	26484	1.03000000
4	26485	2.28000000
4	26486	1.65000000
4	26487	2.51000000
4	26488	3.64000000
4	26489	3.87000000
4	26490	3.61000000
4	26495	3.93000000
4	26507	2.46000000
4	26508	3.52000000
4	26509	3.35000000
4	26534	3.84000000
4	26535	2.68000000
4	26536	3.23000000
4	26537	2.53000000
4	26538	3.61000000
4	26540	1.19000000
4	26541	3.50000000
4	26542	1.82000000
4	26543	2.12000000
4	26544	1.92000000
4	26545	2.91000000
4	26546	3.94000000
4	26547	1.79000000
4	26761	2.30000000
4	26778	1.75000000
4	26779	1.98000000
4	26780	1.30000000
4	26782	1.82000000
4	26783	3.94000000
4	26784	3.98000000
4	26790	3.81000000
4	26791	3.89000000
4	26792	3.97000000
4	26793	3.91000000
4	26794	4.00000000
4	26802	3.76000000
4	26803	3.28000000
4	26804	1.41000000
4	26831	1.90000000
4	26832	3.12000000
4	26836	2.74000000
4	26837	2.54000000
4	26838	3.94000000
4	26839	3.37000000
4	26840	3.72000000
4	26841	3.84000000
4	26842	2.91000000
4	27062	1.01000000
4	27071	1.93000000
4	27072	2.16000000
4	27073	3.15000000
4	27074	1.99000000
4	27075	3.08000000
4	27076	3.66000000
4	27077	3.84000000
4	27078	3.86000000
4	27079	3.92000000
4	27089	3.83000000
4	27090	3.96000000
4	27094	2.37000000
4	27095	1.87000000
4	27097	2.09000000
4	27102	1.35000000
4	27103	2.53000000
4	27104	1.74000000
4	27125	1.90000000
4	27127	3.77000000
4	27131	3.69000000
4	27132	3.28000000
4	27133	3.01000000
4	27134	3.46000000
4	27135	4.00000000
4	27136	2.48000000
4	27137	3.49000000
4	27357	2.93000000
4	27358	2.03000000
4	27359	1.09000000
4	27365	2.06000000
4	27366	3.53000000
4	27367	3.79000000
4	27368	3.96000000
4	27369	3.89000000
4	27370	3.90000000
4	27371	3.94000000
4	27372	3.94000000
4	27373	3.76000000
4	27385	1.60000000
4	27397	2.86000000
4	27422	3.48000000
4	27423	3.19000000
4	27424	1.66000000
4	27425	1.44000000
4	27426	2.70000000
4	27427	3.67000000
4	27428	3.21000000
4	27429	2.52000000
4	27430	2.77000000
4	27431	3.30000000
4	27432	3.52000000
4	27651	1.29000000
4	27652	3.55000000
4	27653	3.10000000
4	27654	1.65000000
4	27655	1.64000000
4	27656	3.43000000
4	27657	1.22000000
4	27659	2.48000000
4	27660	3.83000000
4	27661	3.93000000
4	27662	4.00000000
4	27663	4.00000000
4	27664	3.91000000
4	27665	3.88000000
4	27678	1.64000000
4	27681	1.69000000
4	27687	2.40000000
4	27688	2.83000000
4	27692	1.10000000
4	27696	3.39000000
4	27697	1.30000000
4	27710	1.02000000
4	27711	1.70000000
4	27722	3.01000000
4	27723	3.49000000
4	27724	3.78000000
4	27725	4.00000000
4	27726	3.84000000
4	27727	3.61000000
4	27942	2.63000000
4	27943	1.22000000
4	27944	1.72000000
4	27946	1.21000000
4	27947	1.72000000
4	27948	1.65000000
4	27949	1.32000000
4	27954	1.61000000
4	27955	2.62000000
4	27956	3.77000000
4	27957	3.79000000
4	27971	1.46000000
4	27973	1.32000000
4	27974	3.59000000
4	27975	3.97000000
4	27976	3.58000000
4	27981	2.45000000
4	27982	3.82000000
4	27983	2.01000000
4	27986	2.02000000
4	27987	2.63000000
4	27993	1.73000000
4	28002	1.76000000
4	28003	1.77000000
4	28004	3.09000000
4	28005	2.64000000
4	28006	3.11000000
4	28007	1.99000000
4	28008	2.63000000
4	28009	3.11000000
4	28016	2.45000000
4	28017	2.81000000
4	28236	3.06000000
4	28237	3.04000000
4	28238	1.35000000
4	28251	2.70000000
4	28266	1.02000000
4	28267	1.95000000
4	28268	3.60000000
4	28269	3.95000000
4	28270	3.78000000
4	28271	3.72000000
4	28273	1.16000000
4	28274	2.70000000
4	28275	3.53000000
4	28276	3.38000000
4	28277	3.20000000
4	28278	1.09000000
4	28280	1.57000000
4	28281	2.99000000
4	28282	3.54000000
4	28288	1.40000000
4	28289	2.57000000
4	28290	1.81000000
4	28292	3.71000000
4	28293	2.22000000
4	28294	3.20000000
4	28300	2.00000000
4	28302	2.30000000
4	28303	1.98000000
4	28305	1.29000000
4	28306	1.39000000
4	28311	1.72000000
4	28312	1.34000000
4	28526	1.55000000
4	28560	1.39000000
4	28561	3.85000000
4	28562	3.16000000
4	28563	3.19000000
4	28564	3.80000000
4	28565	3.70000000
4	28566	3.59000000
4	28567	2.19000000
4	28568	1.86000000
4	28569	2.99000000
4	28570	3.10000000
4	28571	3.70000000
4	28572	2.41000000
4	28574	3.51000000
4	28575	3.65000000
4	28576	1.90000000
4	28577	2.34000000
4	28584	3.33000000
4	28585	2.15000000
4	28586	3.31000000
4	28592	1.34000000
4	28597	3.22000000
4	28601	3.33000000
4	28602	2.51000000
4	28603	2.55000000
4	28604	3.88000000
4	28606	3.23000000
4	28607	1.90000000
4	28610	1.07000000
4	28611	1.28000000
4	28821	1.49000000
4	28834	2.07000000
4	28835	1.38000000
4	28850	2.21000000
4	28853	1.99000000
4	28854	3.58000000
4	28855	3.66000000
4	28856	3.99000000
4	28857	3.59000000
4	28858	2.84000000
4	28859	3.81000000
4	28860	3.85000000
4	28861	1.15000000
4	28862	2.50000000
4	28864	1.87000000
4	28865	3.17000000
4	28866	2.75000000
4	28867	1.94000000
4	28869	1.16000000
4	28881	3.63000000
4	28891	1.34000000
4	28892	1.44000000
4	28895	3.23000000
4	28896	3.37000000
4	28897	3.17000000
4	28898	3.55000000
4	28899	4.00000000
4	28904	2.50000000
4	28905	2.45000000
4	28906	2.53000000
4	29129	3.89000000
4	29130	4.00000000
4	29131	3.56000000
4	29132	1.04000000
4	29137	2.84000000
4	29147	3.66000000
4	29148	2.56000000
4	29149	3.87000000
4	29150	3.22000000
4	29151	2.30000000
4	29153	1.92000000
4	29154	3.92000000
4	29155	2.55000000
4	29159	1.26000000
4	29187	1.02000000
4	29191	1.20000000
4	29193	1.69000000
4	29194	3.14000000
4	29199	3.94000000
4	29200	2.74000000
4	29201	1.41000000
4	29424	3.93000000
4	29425	3.98000000
4	29426	3.32000000
4	29427	3.79000000
4	29428	1.08000000
4	29430	2.28000000
4	29442	3.85000000
4	29443	2.42000000
4	29444	3.20000000
4	29445	1.93000000
4	29447	2.93000000
4	29448	2.28000000
4	29449	1.57000000
4	29450	2.72000000
4	29489	2.29000000
4	29707	1.33000000
4	29715	1.76000000
4	29716	3.64000000
4	29717	1.51000000
4	29719	2.85000000
4	29720	3.52000000
4	29721	2.71000000
4	29722	3.83000000
4	29723	3.82000000
4	29724	3.69000000
4	29737	3.92000000
4	29738	3.38000000
4	29739	1.43000000
4	29741	3.56000000
4	29742	3.19000000
4	29743	2.71000000
4	29744	3.04000000
4	29745	1.69000000
4	29785	1.55000000
4	30002	3.74000000
4	30011	1.36000000
4	30012	2.53000000
4	30013	2.61000000
4	30014	1.96000000
4	30015	1.25000000
4	30017	1.91000000
4	30018	2.32000000
4	30019	2.83000000
4	30022	1.24000000
4	30023	3.33000000
4	30024	2.63000000
4	30025	1.18000000
4	30026	3.04000000
4	30032	3.63000000
4	30033	1.32000000
4	30035	1.73000000
4	30036	1.89000000
4	30037	1.55000000
4	30038	1.63000000
4	30039	2.55000000
4	30040	1.24000000
4	30079	1.75000000
4	30080	1.75000000
4	30297	2.88000000
4	30298	1.67000000
4	30315	1.16000000
4	30317	1.16000000
4	30318	3.16000000
4	30319	3.74000000
4	30320	3.63000000
4	30321	3.68000000
4	30322	3.76000000
4	30323	3.98000000
4	30324	3.98000000
4	30325	3.98000000
4	30326	3.78000000
4	30327	2.74000000
4	30335	3.07000000
4	30362	3.56000000
4	30365	3.82000000
4	30366	3.08000000
4	30374	1.07000000
4	30375	1.34000000
4	30592	2.52000000
4	30593	1.69000000
4	30610	2.99000000
4	30611	3.93000000
4	30612	2.50000000
4	30617	1.51000000
4	30618	3.70000000
4	30619	3.67000000
4	30620	3.45000000
4	30621	3.21000000
4	30622	1.59000000
4	30657	2.73000000
4	30660	3.66000000
4	30887	1.89000000
4	30904	1.87000000
4	30905	3.34000000
4	30906	3.11000000
4	30907	3.45000000
4	30908	1.30000000
4	30909	1.17000000
4	30911	1.76000000
4	30912	3.04000000
4	30913	3.66000000
4	30914	3.78000000
4	30915	3.79000000
4	30916	3.38000000
4	30917	1.74000000
4	31198	2.36000000
4	31199	3.26000000
4	31200	3.17000000
4	31202	1.76000000
4	31203	3.53000000
4	31204	3.58000000
4	31205	3.92000000
4	31206	3.85000000
4	31207	3.63000000
4	31208	3.72000000
4	31209	2.98000000
4	31210	2.34000000
4	31211	2.44000000
4	31494	2.26000000
4	31495	3.29000000
4	31496	1.24000000
4	31497	1.29000000
4	31498	3.34000000
4	31499	3.85000000
4	31500	3.83000000
4	31501	3.72000000
4	31502	1.54000000
4	31503	1.80000000
4	31505	1.77000000
4	31790	1.10000000
4	31793	1.65000000
4	31794	3.37000000
4	31795	3.46000000
4	31796	2.36000000
4	31797	1.09000000
4	31798	1.48000000
4	31799	1.33000000
4	31800	1.33000000
4	32088	1.51000000
4	32089	1.95000000
4	32091	3.10000000
4	32092	1.74000000
