network_name	coarse_cell_id	counted_area_ha	total_restorable_ha
Global	83542	2.85000000	2.85000000
Global	83543	1.01000000	1.01000000
Global	83841	1.85000000	1.85000000
Global	83842	1.94000000	1.94000000
Global	83843	1.40000000	1.40000000
Global	84136	2.61000000	2.61000000
Global	84137	3.75000000	3.75000000
Global	84138	1.53000000	1.53000000
Global	84430	2.24000000	2.24000000
Global	84431	4.00000000	4.00000000
Global	84432	3.50000000	3.50000000
Global	84433	2.76000000	2.76000000
Global	84443	1.62000000	1.62000000
Global	84444	1.68000000	1.68000000
Global	84445	1.28000000	1.28000000
Global	84446	1.15000000	1.15000000
Global	84448	1.97000000	1.97000000
Global	84449	1.54000000	1.54000000
Global	84450	1.11000000	1.11000000
Global	84731	2.00000000	2.00000000
Global	84734	1.92000000	1.92000000
Global	84736	1.88000000	1.88000000
Global	84737	3.26000000	3.26000000
Global	84738	2.32000000	2.32000000
Global	84739	2.59000000	2.59000000
Global	84740	2.82000000	2.82000000
Global	84741	3.31000000	3.31000000
Global	84742	3.27000000	3.27000000
Global	84743	2.66000000	2.66000000
Global	84744	2.83000000	2.83000000
Global	84745	1.13000000	1.13000000
Global	84746	1.66000000	1.66000000
Global	85022	1.51000000	1.51000000
Global	85024	2.45000000	2.45000000
Global	85025	2.92000000	2.92000000
Global	85026	3.19000000	3.19000000
Global	85027	2.97000000	2.97000000
Global	85028	2.92000000	2.92000000
Global	85029	2.28000000	2.28000000
Global	85030	2.35000000	2.35000000
Global	85031	1.59000000	1.59000000
Global	85032	2.30000000	2.30000000
Global	85037	1.42000000	1.42000000
Global	85038	2.97000000	2.97000000
Global	85039	3.69000000	3.69000000
Global	85040	3.74000000	3.74000000
Global	85041	3.57000000	3.57000000
Global	85042	1.15000000	1.15000000
Global	85318	1.15000000	1.15000000
Global	85319	1.38000000	1.38000000
Global	85323	2.39000000	2.39000000
Global	85330	2.11000000	2.11000000
Global	85331	2.56000000	2.56000000
Global	85332	1.72000000	1.72000000
Global	85333	1.54000000	1.54000000
Global	85334	2.43000000	2.43000000
Global	85337	2.80000000	2.80000000
Global	85616	1.18000000	1.18000000
Global	85617	2.80000000	2.80000000
Global	85618	2.04000000	2.04000000
Global	85619	2.10000000	2.10000000
Global	85620	3.55000000	3.55000000
Global	85621	1.72000000	1.72000000
Global	85629	1.03000000	1.03000000
Global	85632	1.56000000	1.56000000
Global	85633	1.60000000	1.60000000
Global	85909	1.86000000	1.86000000
Global	85912	2.80000000	2.80000000
Global	85913	3.01000000	3.01000000
Global	85914	2.82000000	2.82000000
Global	85915	2.35000000	2.35000000
Global	85916	2.93000000	2.93000000
Global	85917	3.29000000	3.29000000
Global	85918	2.55000000	2.55000000
Global	85927	1.11000000	1.11000000
Global	85928	1.45000000	1.45000000
Global	85929	1.60000000	1.60000000
Global	85930	2.10000000	2.10000000
Global	85931	1.87000000	1.87000000
Global	86207	1.03000000	1.03000000
Global	86208	3.01000000	3.01000000
Global	86209	1.10000000	1.10000000
Global	86210	3.32000000	3.32000000
Global	86212	2.92000000	2.92000000
Global	86213	3.27000000	3.27000000
Global	86214	1.83000000	1.83000000
Global	86221	2.26000000	2.26000000
Global	86222	2.60000000	2.60000000
Global	86225	1.00000000	1.00000000
Global	86227	1.92000000	1.92000000
Global	86228	2.00000000	2.00000000
Global	86503	1.18000000	1.18000000
Global	86504	1.20000000	1.20000000
Global	86505	1.78000000	1.78000000
Global	86506	1.85000000	1.85000000
Global	86508	1.10000000	1.10000000
Global	86509	3.48000000	3.48000000
Global	86510	1.12000000	1.12000000
Global	86511	2.23000000	2.23000000
Global	86516	1.57000000	1.57000000
Global	86517	1.59000000	1.59000000
Global	86524	2.80000000	2.80000000
Global	86805	1.52000000	1.52000000
Global	86806	1.49000000	1.49000000
Global	86807	1.18000000	1.18000000
Global	86808	1.10000000	1.10000000
Global	86819	2.64000000	2.64000000
Global	86821	3.64000000	3.64000000
Global	86822	1.17000000	1.17000000
Global	86823	2.00000000	2.00000000
Global	86830	2.52000000	2.52000000
Global	86835	2.51000000	2.51000000
Global	87102	1.23000000	1.23000000
Global	87104	1.65000000	1.65000000
Global	87113	2.16000000	2.16000000
Global	87114	1.54000000	1.54000000
Global	87116	3.06000000	3.06000000
Global	87117	3.91000000	3.91000000
Global	87118	3.50000000	3.50000000
Global	87119	2.16000000	2.16000000
Global	87127	1.67000000	1.67000000
Global	87130	2.07000000	2.07000000
Global	87131	1.39000000	1.39000000
Global	87132	3.47000000	3.47000000
Global	87134	2.95000000	2.95000000
Global	87135	1.56000000	1.56000000
Global	87136	1.17000000	1.17000000
Global	87408	1.18000000	1.18000000
Global	87409	1.44000000	1.44000000
Global	87411	2.90000000	2.90000000
Global	87412	3.42000000	3.42000000
Global	87413	2.88000000	2.88000000
Global	87414	2.50000000	2.50000000
Global	87415	2.94000000	2.94000000
Global	87416	2.74000000	2.74000000
Global	87421	1.40000000	1.40000000
Global	87423	1.84000000	1.84000000
Global	87424	1.64000000	1.64000000
Global	87425	3.05000000	3.05000000
Global	87427	3.24000000	3.24000000
Global	87428	1.42000000	1.42000000
Global	87430	1.61000000	1.61000000
Global	87431	1.37000000	1.37000000
Global	87705	1.81000000	1.81000000
Global	87706	1.29000000	1.29000000
Global	87707	2.51000000	2.51000000
Global	87711	1.07000000	1.07000000
Global	87712	1.56000000	1.56000000
Global	87713	3.68000000	3.68000000
Global	87714	3.72000000	3.72000000
Global	87715	3.68000000	3.68000000
Global	87716	3.43000000	3.43000000
Global	87717	1.23000000	1.23000000
Global	87718	2.18000000	2.18000000
Global	87719	3.61000000	3.61000000
Global	87720	1.89000000	1.89000000
Global	87722	1.11000000	1.11000000
Global	87723	3.38000000	3.38000000
Global	87724	1.72000000	1.72000000
Global	87725	1.69000000	1.69000000
Global	87726	1.44000000	1.44000000
Global	88003	1.69000000	1.69000000
Global	88008	3.71000000	3.71000000
Global	88009	4.00000000	4.00000000
Global	88010	3.77000000	3.77000000
Global	88011	3.51000000	3.51000000
Global	88012	3.60000000	3.60000000
Global	88013	2.26000000	2.26000000
Global	88014	3.78000000	3.78000000
Global	88015	1.53000000	1.53000000
Global	88018	2.75000000	2.75000000
Global	88019	3.82000000	3.82000000
Global	88020	2.02000000	2.02000000
Global	88021	2.55000000	2.55000000
Global	88304	2.95000000	2.95000000
Global	88305	3.82000000	3.82000000
Global	88306	3.10000000	3.10000000
Global	88307	3.58000000	3.58000000
Global	88308	3.69000000	3.69000000
Global	88309	3.61000000	3.61000000
Global	88310	1.59000000	1.59000000
Global	88314	1.71000000	1.71000000
Global	88316	1.21000000	1.21000000
Global	88318	2.31000000	2.31000000
Global	88605	3.49000000	3.49000000
Global	88606	2.83000000	2.83000000
Global	88609	3.89000000	3.89000000
Global	88610	1.62000000	1.62000000
Global	88611	3.70000000	3.70000000
Global	88612	1.51000000	1.51000000
Global	88613	1.41000000	1.41000000
Global	88900	3.49000000	3.49000000
Global	88901	2.91000000	2.91000000
Global	88903	1.20000000	1.20000000
Global	88904	3.97000000	3.97000000
Global	88906	2.84000000	2.84000000
Global	88907	1.30000000	1.30000000
Global	89194	3.41000000	3.41000000
Global	89195	3.49000000	3.49000000
Global	89196	1.84000000	1.84000000
Global	89199	3.52000000	3.52000000
Global	89200	3.38000000	3.38000000
Global	89201	1.76000000	1.76000000
Global	89202	2.03000000	2.03000000
Global	89491	3.25000000	3.25000000
Global	89495	1.15000000	1.15000000
Global	89786	3.77000000	3.77000000
Global	89787	1.52000000	1.52000000
Global	90082	1.28000000	1.28000000
Global	90379	2.27000000	2.27000000
Global	90383	2.63000000	2.63000000
Global	90384	2.98000000	2.98000000
Global	90385	3.42000000	3.42000000
Global	90386	1.67000000	1.67000000
Global	90674	3.63000000	3.63000000
Global	90675	3.60000000	3.60000000
Global	90676	2.78000000	2.78000000
Global	90677	2.40000000	2.40000000
Global	90678	2.78000000	2.78000000
Global	90681	3.95000000	3.95000000
Global	90976	3.70000000	3.70000000
Global	91271	3.70000000	3.70000000
Global	91566	3.41000000	3.41000000
Global	91861	3.34000000	3.34000000
Global	91864	1.67000000	1.67000000
Global	91867	1.30000000	1.30000000
Global	92156	3.24000000	3.24000000
Global	92157	1.28000000	1.28000000
Global	92160	1.91000000	1.91000000
Global	92161	1.51000000	1.51000000
Global	92162	1.92000000	1.92000000
Global	92163	2.37000000	2.37000000
Global	92164	2.01000000	2.01000000
Global	92451	2.04000000	2.04000000
Global	92452	1.27000000	1.27000000
Global	92456	1.07000000	1.07000000
Global	92457	1.55000000	1.55000000
Global	92458	3.33000000	3.33000000
Global	92459	3.18000000	3.18000000
Global	92460	1.84000000	1.84000000
Global	92461	2.52000000	2.52000000
Global	92749	1.06000000	1.06000000
Global	92754	2.24000000	2.24000000
Global	92755	3.70000000	3.70000000
Global	92756	3.46000000	3.46000000
Global	93042	1.56000000	1.56000000
Global	93043	2.92000000	2.92000000
Global	93044	1.25000000	1.25000000
Global	93045	1.67000000	1.67000000
Global	93046	1.58000000	1.58000000
Global	93051	2.37000000	2.37000000
Global	93052	2.97000000	2.97000000
Global	93053	1.87000000	1.87000000
Global	93330	1.56000000	1.56000000
Global	93331	1.25000000	1.25000000
Global	93337	1.25000000	1.25000000
Global	93338	3.85000000	3.85000000
Global	93339	3.83000000	3.83000000
Global	93343	1.76000000	1.76000000
Global	93347	1.05000000	1.05000000
Global	93348	1.63000000	1.63000000
Global	93349	1.63000000	1.63000000
Global	93626	1.89000000	1.89000000
Global	93636	1.00000000	1.00000000
Global	93637	3.28000000	3.28000000
Global	93638	3.75000000	3.75000000
Global	93639	3.35000000	3.35000000
Global	93640	1.04000000	1.04000000
Global	93911	1.45000000	1.45000000
Global	93917	1.25000000	1.25000000
Global	93918	2.97000000	2.97000000
Global	93919	1.51000000	1.51000000
Global	93920	2.11000000	2.11000000
Global	93921	2.88000000	2.88000000
Global	93922	1.31000000	1.31000000
Global	93923	1.04000000	1.04000000
Global	93924	2.34000000	2.34000000
Global	93931	2.35000000	2.35000000
Global	93932	3.55000000	3.55000000
Global	93933	1.97000000	1.97000000
Global	93934	1.78000000	1.78000000
Global	93935	3.01000000	3.01000000
Global	93936	2.29000000	2.29000000
Global	94202	1.27000000	1.27000000
Global	94206	1.44000000	1.44000000
Global	94207	2.08000000	2.08000000
Global	94211	1.79000000	1.79000000
Global	94212	3.68000000	3.68000000
Global	94213	3.94000000	3.94000000
Global	94214	3.76000000	3.76000000
Global	94215	2.19000000	2.19000000
Global	94216	1.42000000	1.42000000
Global	94217	3.34000000	3.34000000
Global	94218	3.43000000	3.43000000
Global	94219	2.51000000	2.51000000
Global	94224	1.27000000	1.27000000
Global	94226	3.00000000	3.00000000
Global	94227	2.96000000	2.96000000
Global	94231	1.29000000	1.29000000
Global	94232	2.20000000	2.20000000
Global	94497	2.46000000	2.46000000
Global	94498	1.11000000	1.11000000
Global	94503	3.27000000	3.27000000
Global	94504	3.68000000	3.68000000
Global	94505	3.61000000	3.61000000
Global	94506	4.00000000	4.00000000
Global	94507	3.20000000	3.20000000
Global	94508	1.53000000	1.53000000
Global	94511	1.00000000	1.00000000
Global	94512	3.04000000	3.04000000
Global	94513	2.30000000	2.30000000
Global	94514	2.37000000	2.37000000
Global	94519	1.45000000	1.45000000
Global	94521	1.90000000	1.90000000
Global	94522	2.29000000	2.29000000
Global	94529	1.39000000	1.39000000
Global	94790	2.93000000	2.93000000
Global	94791	3.70000000	3.70000000
Global	94792	3.09000000	3.09000000
Global	94796	1.97000000	1.97000000
Global	94797	1.05000000	1.05000000
Global	94798	3.27000000	3.27000000
Global	94799	3.89000000	3.89000000
Global	94800	3.14000000	3.14000000
Global	94801	3.48000000	3.48000000
Global	94802	2.21000000	2.21000000
Global	94806	1.57000000	1.57000000
Global	94807	1.70000000	1.70000000
Global	94808	1.21000000	1.21000000
Global	94810	1.76000000	1.76000000
Global	94811	2.44000000	2.44000000
Global	94812	2.13000000	2.13000000
Global	94813	3.02000000	3.02000000
Global	94814	3.10000000	3.10000000
Global	95084	1.22000000	1.22000000
Global	95085	3.76000000	3.76000000
Global	95086	3.74000000	3.74000000
Global	95087	3.43000000	3.43000000
Global	95088	1.58000000	1.58000000
Global	95090	3.58000000	3.58000000
Global	95091	3.71000000	3.71000000
Global	95092	3.49000000	3.49000000
Global	95093	3.43000000	3.43000000
Global	95094	3.47000000	3.47000000
Global	95095	3.01000000	3.01000000
Global	95096	2.65000000	2.65000000
Global	95099	1.19000000	1.19000000
Global	95111	1.58000000	1.58000000
Global	95380	1.61000000	1.61000000
Global	95381	1.83000000	1.83000000
Global	95382	3.65000000	3.65000000
Global	95383	2.71000000	2.71000000
Global	95385	1.37000000	1.37000000
Global	95386	3.69000000	3.69000000
Global	95387	1.82000000	1.82000000
Global	95388	2.93000000	2.93000000
Global	95389	2.36000000	2.36000000
Global	95390	1.97000000	1.97000000
Global	95391	2.03000000	2.03000000
Global	95406	1.10000000	1.10000000
Global	95677	1.06000000	1.06000000
Global	95678	1.54000000	1.54000000
Global	95682	1.75000000	1.75000000
Global	95683	3.49000000	3.49000000
Global	95684	2.82000000	2.82000000
Global	95685	1.45000000	1.45000000
Global	95686	1.58000000	1.58000000
Global	95687	2.08000000	2.08000000
Global	95701	2.50000000	2.50000000
Global	95965	2.04000000	2.04000000
Global	95966	3.63000000	3.63000000
Global	95967	3.80000000	3.80000000
Global	95968	1.91000000	1.91000000
Global	95969	1.54000000	1.54000000
Global	95970	2.88000000	2.88000000
Global	95971	1.75000000	1.75000000
Global	95972	2.99000000	2.99000000
Global	95973	3.29000000	3.29000000
Global	95974	2.09000000	2.09000000
Global	95978	1.10000000	1.10000000
Global	95981	2.38000000	2.38000000
Global	95982	3.77000000	3.77000000
Global	95983	1.66000000	1.66000000
Global	95988	2.10000000	2.10000000
Global	95989	1.66000000	1.66000000
Global	95993	1.69000000	1.69000000
Global	95995	1.70000000	1.70000000
Global	95996	2.93000000	2.93000000
Global	96258	1.71000000	1.71000000
Global	96259	2.82000000	2.82000000
Global	96260	1.19000000	1.19000000
Global	96261	4.00000000	4.00000000
Global	96262	4.00000000	4.00000000
Global	96263	3.25000000	3.25000000
Global	96264	1.09000000	1.09000000
Global	96265	2.36000000	2.36000000
Global	96266	3.82000000	3.82000000
Global	96267	3.80000000	3.80000000
Global	96268	2.48000000	2.48000000
Global	96269	2.81000000	2.81000000
Global	96270	1.75000000	1.75000000
Global	96273	2.79000000	2.79000000
Global	96274	2.35000000	2.35000000
Global	96275	2.11000000	2.11000000
Global	96276	2.01000000	2.01000000
Global	96277	3.60000000	3.60000000
Global	96288	1.60000000	1.60000000
Global	96289	2.93000000	2.93000000
Global	96290	3.56000000	3.56000000
Global	96291	3.65000000	3.65000000
Global	96292	3.31000000	3.31000000
Global	96293	1.42000000	1.42000000
Global	96554	2.11000000	2.11000000
Global	96555	3.54000000	3.54000000
Global	96556	3.78000000	3.78000000
Global	96557	3.98000000	3.98000000
Global	96558	3.52000000	3.52000000
Global	96561	1.65000000	1.65000000
Global	96562	2.51000000	2.51000000
Global	96567	2.50000000	2.50000000
Global	96568	1.69000000	1.69000000
Global	96569	2.14000000	2.14000000
Global	96571	1.40000000	1.40000000
Global	96572	1.84000000	1.84000000
Global	96573	2.54000000	2.54000000
Global	96574	2.23000000	2.23000000
Global	96575	1.48000000	1.48000000
Global	96581	1.02000000	1.02000000
Global	96582	3.01000000	3.01000000
Global	96583	3.28000000	3.28000000
Global	96585	3.80000000	3.80000000
Global	96586	3.88000000	3.88000000
Global	96587	3.48000000	3.48000000
Global	96588	3.80000000	3.80000000
Global	96589	2.37000000	2.37000000
Global	96849	2.29000000	2.29000000
Global	96850	3.86000000	3.86000000
Global	96851	2.81000000	2.81000000
Global	96852	1.38000000	1.38000000
Global	96853	2.44000000	2.44000000
Global	96860	1.03000000	1.03000000
Global	96862	3.65000000	3.65000000
Global	96863	2.72000000	2.72000000
Global	96876	1.29000000	1.29000000
Global	96877	3.85000000	3.85000000
Global	96880	2.36000000	2.36000000
Global	96881	1.37000000	1.37000000
Global	96882	2.36000000	2.36000000
Global	96883	3.52000000	3.52000000
Global	96884	2.54000000	2.54000000
Global	96885	2.80000000	2.80000000
Global	96886	1.74000000	1.74000000
Global	97145	2.18000000	2.18000000
Global	97146	3.43000000	3.43000000
Global	97147	2.15000000	2.15000000
Global	97148	3.03000000	3.03000000
Global	97149	1.89000000	1.89000000
Global	97152	1.15000000	1.15000000
Global	97153	1.34000000	1.34000000
Global	97157	3.49000000	3.49000000
Global	97158	3.24000000	3.24000000
Global	97159	3.16000000	3.16000000
Global	97160	2.58000000	2.58000000
Global	97172	3.12000000	3.12000000
Global	97173	3.48000000	3.48000000
Global	97175	3.13000000	3.13000000
Global	97176	1.97000000	1.97000000
Global	97177	1.07000000	1.07000000
Global	97180	1.88000000	1.88000000
Global	97441	1.50000000	1.50000000
Global	97447	1.89000000	1.89000000
Global	97452	3.08000000	3.08000000
Global	97453	1.37000000	1.37000000
Global	97457	2.33000000	2.33000000
Global	97458	1.49000000	1.49000000
Global	97461	1.00000000	1.00000000
Global	97729	2.13000000	2.13000000
Global	97738	1.33000000	1.33000000
Global	97739	1.32000000	1.32000000
Global	97740	1.17000000	1.17000000
Global	97742	1.70000000	1.70000000
Global	97743	2.93000000	2.93000000
Global	97753	1.25000000	1.25000000
Global	98024	2.46000000	2.46000000
Global	98026	1.24000000	1.24000000
Global	98030	1.78000000	1.78000000
Global	98031	2.47000000	2.47000000
Global	98032	2.36000000	2.36000000
Global	98033	2.57000000	2.57000000
Global	98034	1.39000000	1.39000000
Global	98325	2.31000000	2.31000000
Global	98326	2.00000000	2.00000000
Global	98327	2.75000000	2.75000000
Global	98614	3.22000000	3.22000000
Global	98620	2.07000000	2.07000000
Global	98621	1.95000000	1.95000000
Global	98625	1.39000000	1.39000000
Global	98909	3.04000000	3.04000000
Global	98915	1.12000000	1.12000000
Global	98916	1.02000000	1.02000000
Global	99204	2.88000000	2.88000000
Global	99211	1.18000000	1.18000000
Global	99499	1.67000000	1.67000000
Global	99502	2.70000000	2.70000000
Global	99505	2.47000000	2.47000000
Global	99506	2.36000000	2.36000000
Global	99793	2.77000000	2.77000000
Global	99794	3.01000000	3.01000000
Global	99795	3.02000000	3.02000000
Global	99796	1.21000000	1.21000000
Global	99797	2.40000000	2.40000000
Global	99799	1.00000000	1.00000000
Global	99801	1.06000000	1.06000000
Global	100088	3.09000000	3.09000000
Global	100092	1.82000000	1.82000000
Global	100093	2.51000000	2.51000000
Global	100095	1.99000000	1.99000000
Global	100096	1.80000000	1.80000000
Global	100097	2.33000000	2.33000000
Global	100388	1.10000000	1.10000000
Global	100392	2.05000000	2.05000000
Global	100393	1.86000000	1.86000000
Global	100682	1.34000000	1.34000000
Global	100684	1.09000000	1.09000000
Global	100688	1.20000000	1.20000000
Global	100980	2.76000000	2.76000000
Global	100983	1.02000000	1.02000000
Global	100984	2.86000000	2.86000000
Global	100985	1.05000000	1.05000000
Global	101278	2.01000000	2.01000000
Global	101279	2.74000000	2.74000000
Global	101280	2.11000000	2.11000000
Global	101567	1.83000000	1.83000000
Global	101568	2.36000000	2.36000000
Global	101569	2.37000000	2.37000000
Global	101571	1.03000000	1.03000000
Global	101575	1.20000000	1.20000000
Global	101863	1.02000000	1.02000000
Global	101865	1.99000000	1.99000000
Global	101867	1.76000000	1.76000000
Global	101869	2.40000000	2.40000000
Global	101871	2.28000000	2.28000000
Global	102160	1.54000000	1.54000000
Global	102163	2.24000000	2.24000000
Global	102165	2.61000000	2.61000000
Global	102166	1.95000000	1.95000000
Global	102168	3.00000000	3.00000000
Global	102454	1.59000000	1.59000000
Global	102455	2.89000000	2.89000000
Global	102459	2.40000000	2.40000000
Global	102461	1.71000000	1.71000000
Global	102462	2.66000000	2.66000000
Global	102463	2.72000000	2.72000000
Global	102751	1.70000000	1.70000000
Global	102753	1.93000000	1.93000000
Global	102754	1.80000000	1.80000000
Global	102755	3.05000000	3.05000000
Global	102756	1.36000000	1.36000000
Global	102757	3.04000000	3.04000000
Global	102758	1.51000000	1.51000000
Global	102759	1.81000000	1.81000000
Global	103046	3.43000000	3.43000000
Global	103048	1.92000000	1.92000000
Global	103049	1.62000000	1.62000000
Global	103050	2.25000000	2.25000000
Global	103341	1.99000000	1.99000000
Global	103345	2.70000000	2.70000000
Global	103348	2.89000000	2.89000000
Global	103640	2.89000000	2.89000000
Global	104231	3.22000000	3.22000000
Global	104232	1.50000000	1.50000000
Global	104531	2.61000000	2.61000000
Global	104534	2.09000000	2.09000000
Global	104825	1.84000000	1.84000000
Global	104827	1.89000000	1.89000000
Global	104828	2.43000000	2.43000000
Global	105120	2.31000000	2.31000000
Global	105123	1.63000000	1.63000000
Global	105124	3.25000000	3.25000000
Global	105410	2.35000000	2.35000000
Global	105412	1.60000000	1.60000000
Global	105419	3.44000000	3.44000000
Global	105420	2.20000000	2.20000000
Global	105700	2.72000000	2.72000000
Global	105701	2.63000000	2.63000000
Global	105702	2.11000000	2.11000000
Global	105703	1.07000000	1.07000000
Global	105704	2.45000000	2.45000000
Global	105705	1.82000000	1.82000000
Global	105707	3.02000000	3.02000000
Global	105710	2.54000000	2.54000000
Global	105715	1.19000000	1.19000000
Global	105993	2.82000000	2.82000000
Global	106000	3.21000000	3.21000000
Global	106002	2.59000000	2.59000000
Global	106003	2.19000000	2.19000000
Global	106004	2.70000000	2.70000000
Global	106288	1.65000000	1.65000000
Global	106297	2.14000000	2.14000000
Global	106299	3.02000000	3.02000000
Global	106593	2.04000000	2.04000000
Global	106594	2.25000000	2.25000000
Global	106595	1.64000000	1.64000000
Global	106889	1.71000000	1.71000000
Global	106890	2.60000000	2.60000000
Global	107182	2.72000000	2.72000000
Global	107184	1.61000000	1.61000000
Global	107185	3.03000000	3.03000000
Global	107186	2.65000000	2.65000000
Global	107480	2.74000000	2.74000000
Global	107481	3.39000000	3.39000000
Global	107482	1.69000000	1.69000000
Global	107483	2.43000000	2.43000000
Global	107773	1.96000000	1.96000000
Global	107775	1.18000000	1.18000000
Global	107776	2.08000000	2.08000000
Global	108068	3.29000000	3.29000000
Global	108070	1.05000000	1.05000000
Global	108071	2.30000000	2.30000000
Global	108075	1.13000000	1.13000000
Global	108364	2.65000000	2.65000000
Global	108367	1.37000000	1.37000000
Global	108369	2.96000000	2.96000000
Global	108374	1.37000000	1.37000000
Global	108660	2.38000000	2.38000000
Global	108662	2.32000000	2.32000000
Global	108663	1.27000000	1.27000000
Global	108666	1.11000000	1.11000000
Global	108667	1.68000000	1.68000000
Global	108668	1.66000000	1.66000000
Global	108669	1.31000000	1.31000000
Global	108955	2.78000000	2.78000000
Global	108956	1.76000000	1.76000000
Global	108957	2.44000000	2.44000000
Global	108958	2.07000000	2.07000000
Global	108962	2.38000000	2.38000000
Global	109249	1.74000000	1.74000000
Global	109250	2.34000000	2.34000000
Global	109251	2.51000000	2.51000000
Global	109252	1.90000000	1.90000000
Global	109255	1.41000000	1.41000000
Global	109257	2.64000000	2.64000000
Global	109543	2.95000000	2.95000000
Global	109544	1.80000000	1.80000000
Global	109546	2.46000000	2.46000000
Global	109836	1.57000000	1.57000000
Global	109837	3.73000000	3.73000000
Global	109841	2.02000000	2.02000000
Global	109842	2.34000000	2.34000000
Global	109843	3.01000000	3.01000000
Global	110134	3.28000000	3.28000000
Global	110135	1.98000000	1.98000000
Global	110136	1.29000000	1.29000000
Global	110138	3.16000000	3.16000000
Global	110139	2.52000000	2.52000000
Global	110429	3.32000000	3.32000000
Global	110433	1.99000000	1.99000000
Global	110723	2.72000000	2.72000000
Global	110724	2.29000000	2.29000000
Global	110727	1.64000000	1.64000000
Global	110729	1.16000000	1.16000000
Global	111018	2.78000000	2.78000000
Global	111021	1.30000000	1.30000000
Global	111022	1.09000000	1.09000000
Global	111023	2.12000000	2.12000000
Global	111313	2.59000000	2.59000000
Global	111318	2.34000000	2.34000000
Global	111607	2.77000000	2.77000000
Global	111608	1.42000000	1.42000000
Global	111609	3.33000000	3.33000000
Global	111613	1.84000000	1.84000000
Global	111900	1.59000000	1.59000000
Global	111901	1.63000000	1.63000000
Global	111907	2.83000000	2.83000000
Global	111908	1.53000000	1.53000000
Global	112193	2.63000000	2.63000000
Global	112194	3.38000000	3.38000000
Global	112196	2.63000000	2.63000000
Global	112201	2.91000000	2.91000000
Global	112202	1.33000000	1.33000000
Global	112487	2.27000000	2.27000000
Global	112488	1.84000000	1.84000000
Global	112490	1.88000000	1.88000000
Global	112496	2.63000000	2.63000000
Global	112779	2.55000000	2.55000000
Global	112780	3.76000000	3.76000000
Global	112781	3.66000000	3.66000000
Global	113371	1.19000000	1.19000000
Global	113666	2.00000000	2.00000000
Global	113959	2.37000000	2.37000000
Global	113960	1.07000000	1.07000000
Global	114255	2.50000000	2.50000000
Global	114550	2.16000000	2.16000000
Global	114551	3.84000000	3.84000000
Global	114552	3.13000000	3.13000000
Global	114842	3.65000000	3.65000000
Global	114846	1.84000000	1.84000000
Global	114851	1.70000000	1.70000000
Global	114852	1.87000000	1.87000000
Global	115135	1.89000000	1.89000000
Global	115136	3.00000000	3.00000000
Global	115137	2.97000000	2.97000000
Global	115139	1.76000000	1.76000000
Global	115140	1.34000000	1.34000000
Global	115141	1.44000000	1.44000000
Global	115142	2.19000000	2.19000000
Global	115147	2.04000000	2.04000000
Global	115430	1.14000000	1.14000000
Global	115434	2.74000000	2.74000000
Global	115721	2.08000000	2.08000000
Global	116016	2.42000000	2.42000000
Global	116018	1.97000000	1.97000000
Global	116306	1.59000000	1.59000000
Global	116311	2.55000000	2.55000000
Global	116598	2.18000000	2.18000000
Global	116599	2.10000000	2.10000000
Global	116600	1.92000000	1.92000000
Global	116601	3.21000000	3.21000000
Global	116602	3.20000000	3.20000000
Global	116603	3.17000000	3.17000000
Global	116604	3.38000000	3.38000000
Global	116605	1.99000000	1.99000000
Global	116891	1.04000000	1.04000000
Global	116892	2.76000000	2.76000000
Global	116893	1.67000000	1.67000000
Global	116902	1.93000000	1.93000000
Global	117489	3.02000000	3.02000000
Global	117784	1.25000000	1.25000000
Global	118078	1.11000000	1.11000000
Global	118372	1.07000000	1.07000000
Global	118666	2.13000000	2.13000000
Global	119254	1.80000000	1.80000000
Global	119542	2.03000000	2.03000000
Global	119550	1.09000000	1.09000000
Global	119837	1.03000000	1.03000000
Global	120132	2.12000000	2.12000000
Global	120133	1.90000000	1.90000000
Global	120134	2.39000000	2.39000000
Global	120136	2.37000000	2.37000000
Global	120137	2.28000000	2.28000000
Global	120138	2.08000000	2.08000000
Global	120139	1.61000000	1.61000000
Global	120959	1.42000000	1.42000000
Global	121025	1.35000000	1.35000000
Global	121254	2.71000000	2.71000000
Global	121319	1.62000000	1.62000000
Global	121320	1.56000000	1.56000000
Global	121550	2.67000000	2.67000000
Global	121612	1.08000000	1.08000000
Global	121613	3.13000000	3.13000000
Global	121615	2.28000000	2.28000000
Global	121843	1.08000000	1.08000000
Global	121906	2.03000000	2.03000000
Global	121910	2.07000000	2.07000000
Global	122434	1.09000000	1.09000000
Global	122494	2.08000000	2.08000000
Global	122495	1.47000000	1.47000000
Global	122728	2.08000000	2.08000000
Global	122729	1.96000000	1.96000000
Global	122731	3.20000000	3.20000000
Global	122789	1.48000000	1.48000000
Global	123030	1.68000000	1.68000000
Global	123082	2.11000000	2.11000000
Global	123083	2.53000000	2.53000000
Global	123325	1.66000000	1.66000000
Global	123326	2.04000000	2.04000000
Global	123327	1.44000000	1.44000000
Global	123376	1.55000000	1.55000000
Global	123619	2.19000000	2.19000000
Global	123620	1.14000000	1.14000000
Global	123621	1.11000000	1.11000000
Global	123622	1.51000000	1.51000000
Global	123669	2.37000000	2.37000000
Global	123670	1.86000000	1.86000000
Global	123671	3.57000000	3.57000000
Global	123910	1.54000000	1.54000000
Global	123912	1.68000000	1.68000000
Global	123917	2.79000000	2.79000000
Global	123963	1.92000000	1.92000000
Global	124210	3.13000000	3.13000000
Global	124211	2.03000000	2.03000000
Global	124213	2.55000000	2.55000000
Global	124258	1.32000000	1.32000000
Global	124506	1.97000000	1.97000000
Global	124508	1.10000000	1.10000000
Global	124513	2.32000000	2.32000000
Global	124550	1.29000000	1.29000000
Global	124551	1.43000000	1.43000000
Global	124808	3.37000000	3.37000000
Global	124844	1.82000000	1.82000000
Global	125099	1.06000000	1.06000000
Global	125103	2.93000000	2.93000000
Global	125139	1.39000000	1.39000000
Global	125393	2.06000000	2.06000000
Global	125395	3.10000000	3.10000000
Global	125396	2.88000000	2.88000000
Global	125397	3.82000000	3.82000000
Global	125398	1.90000000	1.90000000
Global	125434	1.60000000	1.60000000
Global	125688	2.24000000	2.24000000
Global	125690	1.59000000	1.59000000
Global	125693	2.62000000	2.62000000
Global	125723	1.19000000	1.19000000
Global	125729	1.84000000	1.84000000
Global	125985	1.12000000	1.12000000
Global	126014	3.35000000	3.35000000
Global	126015	1.87000000	1.87000000
Global	126019	2.28000000	2.28000000
Global	126021	1.28000000	1.28000000
Global	126025	1.46000000	1.46000000
Global	126282	1.99000000	1.99000000
Global	126310	2.54000000	2.54000000
Global	126319	1.37000000	1.37000000
Global	126576	1.66000000	1.66000000
Global	126577	1.10000000	1.10000000
Global	126599	1.61000000	1.61000000
Global	126605	2.95000000	2.95000000
Global	126606	1.56000000	1.56000000
Global	126608	1.56000000	1.56000000
Global	126609	2.16000000	2.16000000
Global	126873	1.57000000	1.57000000
Global	126894	3.02000000	3.02000000
Global	126899	1.80000000	1.80000000
Global	127167	2.69000000	2.69000000
Global	127168	1.11000000	1.11000000
Global	127189	3.44000000	3.44000000
Global	127194	2.59000000	2.59000000
Global	127457	2.01000000	2.01000000
Global	127458	3.15000000	3.15000000
Global	127459	2.80000000	2.80000000
Global	127460	3.04000000	3.04000000
Global	127461	1.28000000	1.28000000
Global	127462	1.81000000	1.81000000
Global	127484	3.77000000	3.77000000
Global	127485	2.57000000	2.57000000
Global	127486	2.07000000	2.07000000
Global	127488	2.69000000	2.69000000
Global	127780	1.97000000	1.97000000
Global	127782	1.19000000	1.19000000
Global	127800	1.40000000	1.40000000
Global	128077	3.54000000	3.54000000
Global	128078	1.51000000	1.51000000
Global	128092	2.87000000	2.87000000
Global	128093	3.09000000	3.09000000
Global	128349	3.41000000	3.41000000
Global	128350	2.99000000	2.99000000
Global	128354	3.43000000	3.43000000
Global	128383	1.21000000	1.21000000
Global	128386	1.10000000	1.10000000
Global	128645	2.78000000	2.78000000
Global	128646	1.43000000	1.43000000
Global	128647	1.05000000	1.05000000
Global	128649	2.05000000	2.05000000
Global	128678	1.13000000	1.13000000
Global	128944	1.03000000	1.03000000
Global	128960	1.87000000	1.87000000
Global	128966	1.83000000	1.83000000
Global	129238	3.52000000	3.52000000
Global	129245	1.25000000	1.25000000
Global	129268	1.21000000	1.21000000
Global	129533	3.84000000	3.84000000
Global	129540	2.41000000	2.41000000
Global	129543	1.02000000	1.02000000
Global	129544	2.12000000	2.12000000
Global	129548	1.46000000	1.46000000
Global	129553	1.06000000	1.06000000
Global	129557	1.99000000	1.99000000
Global	129562	3.10000000	3.10000000
Global	129828	3.25000000	3.25000000
Global	129840	1.02000000	1.02000000
Global	129841	1.18000000	1.18000000
Global	129843	1.50000000	1.50000000
Global	129844	2.67000000	2.67000000
Global	129846	1.26000000	1.26000000
Global	129848	1.24000000	1.24000000
Global	129849	1.60000000	1.60000000
Global	129853	1.89000000	1.89000000
Global	129857	1.38000000	1.38000000
Global	130123	3.69000000	3.69000000
Global	130138	3.06000000	3.06000000
Global	130139	2.33000000	2.33000000
Global	130144	1.26000000	1.26000000
Global	130150	1.11000000	1.11000000
Global	130418	3.79000000	3.79000000
Global	130429	2.60000000	2.60000000
Global	130430	2.08000000	2.08000000
Global	130433	1.93000000	1.93000000
Global	130434	1.03000000	1.03000000
Global	130438	1.42000000	1.42000000
Global	130444	1.53000000	1.53000000
Global	130713	3.12000000	3.12000000
Global	130714	3.83000000	3.83000000
Global	130715	2.08000000	2.08000000
Global	130716	3.33000000	3.33000000
Global	130717	3.98000000	3.98000000
Global	130733	1.67000000	1.67000000
Global	130734	1.17000000	1.17000000
Global	131012	2.90000000	2.90000000
Global	131013	1.79000000	1.79000000
Global	131014	3.27000000	3.27000000
Global	131015	3.41000000	3.41000000
Global	131021	1.35000000	1.35000000
Global	131024	2.31000000	2.31000000
Global	131025	1.38000000	1.38000000
Global	131028	2.59000000	2.59000000
Global	131029	2.01000000	2.01000000
Global	131032	2.98000000	2.98000000
Global	131310	1.35000000	1.35000000
Global	131311	1.14000000	1.14000000
Global	131312	2.70000000	2.70000000
Global	131317	1.86000000	1.86000000
Global	131320	2.35000000	2.35000000
Global	131323	1.48000000	1.48000000
Global	131327	1.25000000	1.25000000
Global	131328	2.22000000	2.22000000
Global	131329	1.78000000	1.78000000
Global	131607	1.37000000	1.37000000
Global	131608	1.08000000	1.08000000
Global	131609	2.97000000	2.97000000
Global	131610	1.68000000	1.68000000
Global	131620	2.30000000	2.30000000
Global	131622	1.67000000	1.67000000
Global	131904	2.94000000	2.94000000
Global	132199	1.75000000	1.75000000
Global	132200	1.16000000	1.16000000
Global	132201	2.13000000	2.13000000
Subarea1	120139	1.61000000	1.61000000
Subarea1	121025	1.35000000	1.35000000
Subarea1	121320	1.56000000	1.56000000
Subarea1	121613	3.13000000	3.13000000
Subarea1	122494	2.08000000	2.08000000
Subarea1	123082	2.11000000	2.11000000
Subarea1	123669	2.37000000	2.37000000
Subarea1	124258	1.32000000	1.32000000
Subarea1	124551	1.43000000	1.43000000
Subarea1	124844	1.82000000	1.82000000
Subarea1	125434	1.60000000	1.60000000
Subarea1	125723	1.19000000	1.19000000
Subarea1	126019	2.28000000	2.28000000
Subarea1	126021	1.28000000	1.28000000
Subarea1	126025	1.46000000	1.46000000
Subarea1	126319	1.37000000	1.37000000
Subarea1	126606	1.56000000	1.56000000
Subarea1	126609	2.16000000	2.16000000
Subarea1	127488	2.69000000	2.69000000
Subarea1	128078	1.51000000	1.51000000
Subarea1	128092	2.87000000	2.87000000
Subarea1	128093	3.09000000	3.09000000
Subarea1	128383	1.21000000	1.21000000
Subarea1	128960	1.87000000	1.87000000
Subarea1	129268	1.21000000	1.21000000
Subarea1	129544	2.12000000	2.12000000
Subarea1	129562	3.10000000	3.10000000
Subarea1	129841	1.18000000	1.18000000
Subarea1	129843	1.50000000	1.50000000
Subarea1	129846	1.26000000	1.26000000
Subarea1	130138	3.06000000	3.06000000
Subarea1	130429	2.60000000	2.60000000
Subarea1	130433	1.93000000	1.93000000
Subarea1	130733	1.67000000	1.67000000
Subarea1	131021	1.35000000	1.35000000
Subarea1	131024	2.31000000	2.31000000
Subarea1	131025	1.38000000	1.38000000
Subarea1	131028	2.59000000	2.59000000
Subarea1	131032	2.98000000	2.98000000
Subarea1	131320	2.35000000	2.35000000
Subarea1	131610	1.68000000	1.68000000
Subarea2	83543	1.01000000	1.01000000
Subarea2	83842	1.94000000	1.94000000
Subarea2	83843	1.40000000	1.40000000
Subarea2	84136	2.61000000	2.61000000
Subarea2	84137	3.75000000	3.75000000
Subarea2	84138	1.53000000	1.53000000
Subarea2	84430	2.24000000	2.24000000
Subarea2	84431	4.00000000	4.00000000
Subarea2	84432	3.50000000	3.50000000
Subarea2	84433	2.76000000	2.76000000
Subarea2	84444	1.68000000	1.68000000
Subarea2	84445	1.28000000	1.28000000
Subarea2	84446	1.15000000	1.15000000
Subarea2	84448	1.97000000	1.97000000
Subarea2	84449	1.54000000	1.54000000
Subarea2	84450	1.11000000	1.11000000
Subarea2	84736	1.88000000	1.88000000
Subarea2	84737	3.26000000	3.26000000
Subarea2	84738	2.32000000	2.32000000
Subarea2	84739	2.59000000	2.59000000
Subarea2	84741	3.31000000	3.31000000
Subarea2	84742	3.27000000	3.27000000
Subarea2	84743	2.66000000	2.66000000
Subarea2	84744	2.83000000	2.83000000
Subarea2	85022	1.51000000	1.51000000
Subarea2	85024	2.45000000	2.45000000
Subarea2	85025	2.92000000	2.92000000
Subarea2	85028	2.92000000	2.92000000
Subarea2	85029	2.28000000	2.28000000
Subarea2	85030	2.35000000	2.35000000
Subarea2	85031	1.59000000	1.59000000
Subarea2	85032	2.30000000	2.30000000
Subarea2	85037	1.42000000	1.42000000
Subarea2	85038	2.97000000	2.97000000
Subarea2	85039	3.69000000	3.69000000
Subarea2	85040	3.74000000	3.74000000
Subarea2	85041	3.57000000	3.57000000
Subarea2	85042	1.15000000	1.15000000
Subarea2	85318	1.15000000	1.15000000
Subarea2	85319	1.38000000	1.38000000
Subarea2	85331	2.56000000	2.56000000
Subarea2	85334	2.43000000	2.43000000
Subarea2	85337	2.80000000	2.80000000
Subarea2	85616	1.18000000	1.18000000
Subarea2	85617	2.80000000	2.80000000
Subarea2	85618	2.04000000	2.04000000
Subarea2	85619	2.10000000	2.10000000
Subarea2	85620	3.55000000	3.55000000
Subarea2	85621	1.72000000	1.72000000
Subarea2	85632	1.56000000	1.56000000
Subarea2	85633	1.60000000	1.60000000
Subarea2	85912	2.80000000	2.80000000
Subarea2	85913	3.01000000	3.01000000
Subarea2	85914	2.82000000	2.82000000
Subarea2	85915	2.35000000	2.35000000
Subarea2	85916	2.93000000	2.93000000
Subarea2	85928	1.45000000	1.45000000
Subarea2	85929	1.60000000	1.60000000
Subarea2	85930	2.10000000	2.10000000
Subarea2	85931	1.87000000	1.87000000
Subarea2	86207	1.03000000	1.03000000
Subarea2	86208	3.01000000	3.01000000
Subarea2	86209	1.10000000	1.10000000
Subarea2	86210	3.32000000	3.32000000
Subarea2	86212	2.92000000	2.92000000
Subarea2	86213	3.27000000	3.27000000
Subarea2	86214	1.83000000	1.83000000
Subarea2	86221	2.26000000	2.26000000
Subarea2	86222	2.60000000	2.60000000
Subarea2	86227	1.92000000	1.92000000
Subarea2	86228	2.00000000	2.00000000
Subarea2	86503	1.18000000	1.18000000
Subarea2	86504	1.20000000	1.20000000
Subarea2	86505	1.78000000	1.78000000
Subarea2	86506	1.85000000	1.85000000
Subarea2	86509	3.48000000	3.48000000
Subarea2	86510	1.12000000	1.12000000
Subarea2	86511	2.23000000	2.23000000
Subarea2	86516	1.57000000	1.57000000
Subarea2	86524	2.80000000	2.80000000
Subarea2	86806	1.49000000	1.49000000
Subarea2	86807	1.18000000	1.18000000
Subarea2	86808	1.10000000	1.10000000
Subarea2	86819	2.64000000	2.64000000
Subarea2	86821	3.64000000	3.64000000
Subarea2	86822	1.17000000	1.17000000
Subarea2	86823	2.00000000	2.00000000
Subarea2	87104	1.65000000	1.65000000
Subarea2	87114	1.54000000	1.54000000
Subarea2	87118	3.50000000	3.50000000
Subarea2	87119	2.16000000	2.16000000
Subarea2	87130	2.07000000	2.07000000
Subarea2	87132	3.47000000	3.47000000
Subarea2	87409	1.44000000	1.44000000
Subarea2	87411	2.90000000	2.90000000
Subarea2	87412	3.42000000	3.42000000
Subarea2	87414	2.50000000	2.50000000
Subarea2	87415	2.94000000	2.94000000
Subarea2	87416	2.74000000	2.74000000
Subarea2	87424	1.64000000	1.64000000
Subarea2	87425	3.05000000	3.05000000
Subarea2	87427	3.24000000	3.24000000
Subarea2	87428	1.42000000	1.42000000
Subarea2	87705	1.81000000	1.81000000
Subarea2	87706	1.29000000	1.29000000
Subarea2	87707	2.51000000	2.51000000
Subarea2	87711	1.07000000	1.07000000
Subarea2	87714	3.72000000	3.72000000
Subarea2	87716	3.43000000	3.43000000
Subarea2	87717	1.23000000	1.23000000
Subarea2	87718	2.18000000	2.18000000
Subarea2	87719	3.61000000	3.61000000
Subarea2	87720	1.89000000	1.89000000
Subarea2	87722	1.11000000	1.11000000
Subarea2	87723	3.38000000	3.38000000
Subarea2	88008	3.71000000	3.71000000
Subarea2	88009	4.00000000	4.00000000
Subarea2	88010	3.77000000	3.77000000
Subarea2	88011	3.51000000	3.51000000
Subarea2	88012	3.60000000	3.60000000
Subarea2	88013	2.26000000	2.26000000
Subarea2	88014	3.78000000	3.78000000
Subarea2	88015	1.53000000	1.53000000
Subarea2	88018	2.75000000	2.75000000
Subarea2	88019	3.82000000	3.82000000
Subarea2	88021	2.55000000	2.55000000
Subarea2	88305	3.82000000	3.82000000
Subarea2	88306	3.10000000	3.10000000
Subarea2	88307	3.58000000	3.58000000
Subarea2	88308	3.69000000	3.69000000
Subarea2	88309	3.61000000	3.61000000
Subarea2	88310	1.59000000	1.59000000
Subarea2	88314	1.71000000	1.71000000
Subarea2	88316	1.21000000	1.21000000
Subarea2	88318	2.31000000	2.31000000
Subarea2	88605	3.49000000	3.49000000
Subarea2	88609	3.89000000	3.89000000
Subarea2	88611	3.70000000	3.70000000
Subarea2	88612	1.51000000	1.51000000
Subarea2	88900	3.49000000	3.49000000
Subarea2	88904	3.97000000	3.97000000
Subarea2	88906	2.84000000	2.84000000
Subarea2	89195	3.49000000	3.49000000
Subarea2	89196	1.84000000	1.84000000
Subarea2	89199	3.52000000	3.52000000
Subarea2	89200	3.38000000	3.38000000
Subarea2	89202	2.03000000	2.03000000
Subarea2	89495	1.15000000	1.15000000
Subarea2	89786	3.77000000	3.77000000
Subarea2	89787	1.52000000	1.52000000
Subarea2	90082	1.28000000	1.28000000
Subarea2	90379	2.27000000	2.27000000
Subarea2	90383	2.63000000	2.63000000
Subarea2	90384	2.98000000	2.98000000
Subarea2	90385	3.42000000	3.42000000
Subarea2	90386	1.67000000	1.67000000
Subarea2	90674	3.63000000	3.63000000
Subarea2	90675	3.60000000	3.60000000
Subarea2	90676	2.78000000	2.78000000
Subarea2	90677	2.40000000	2.40000000
Subarea2	90678	2.78000000	2.78000000
Subarea2	90681	3.95000000	3.95000000
Subarea2	90976	3.70000000	3.70000000
Subarea2	91271	3.70000000	3.70000000
Subarea2	91566	3.41000000	3.41000000
Subarea2	91861	3.34000000	3.34000000
Subarea2	92156	3.24000000	3.24000000
Subarea2	92157	1.28000000	1.28000000
Subarea2	92160	1.91000000	1.91000000
Subarea2	92161	1.51000000	1.51000000
Subarea2	92162	1.92000000	1.92000000
Subarea2	92163	2.37000000	2.37000000
Subarea2	92451	2.04000000	2.04000000
Subarea2	92452	1.27000000	1.27000000
Subarea2	92456	1.07000000	1.07000000
Subarea2	92457	1.55000000	1.55000000
Subarea2	92458	3.33000000	3.33000000
Subarea2	92459	3.18000000	3.18000000
Subarea2	92460	1.84000000	1.84000000
Subarea2	92461	2.52000000	2.52000000
Subarea2	92754	2.24000000	2.24000000
Subarea2	92755	3.70000000	3.70000000
Subarea2	92756	3.46000000	3.46000000
Subarea2	93042	1.56000000	1.56000000
Subarea2	93043	2.92000000	2.92000000
Subarea2	93044	1.25000000	1.25000000
Subarea2	93045	1.67000000	1.67000000
Subarea2	93046	1.58000000	1.58000000
Subarea2	93051	2.37000000	2.37000000
Subarea2	93052	2.97000000	2.97000000
Subarea2	93053	1.87000000	1.87000000
Subarea2	93337	1.25000000	1.25000000
Subarea2	93338	3.85000000	3.85000000
Subarea2	93339	3.83000000	3.83000000
Subarea2	93343	1.76000000	1.76000000
Subarea2	93347	1.05000000	1.05000000
Subarea2	93348	1.63000000	1.63000000
Subarea2	93636	1.00000000	1.00000000
Subarea2	93637	3.28000000	3.28000000
Subarea2	93638	3.75000000	3.75000000
Subarea2	93639	3.35000000	3.35000000
Subarea2	93640	1.04000000	1.04000000
Subarea2	93920	2.11000000	2.11000000
Subarea2	93921	2.88000000	2.88000000
Subarea2	93922	1.31000000	1.31000000
Subarea2	93923	1.04000000	1.04000000
Subarea2	93931	2.35000000	2.35000000
Subarea2	93932	3.55000000	3.55000000
Subarea2	93933	1.97000000	1.97000000
Subarea2	93934	1.78000000	1.78000000
Subarea2	93935	3.01000000	3.01000000
Subarea2	93936	2.29000000	2.29000000
Subarea2	94211	1.79000000	1.79000000
Subarea2	94212	3.68000000	3.68000000
Subarea2	94213	3.94000000	3.94000000
Subarea2	94214	3.76000000	3.76000000
Subarea2	94215	2.19000000	2.19000000
Subarea2	94216	1.42000000	1.42000000
Subarea2	94217	3.34000000	3.34000000
Subarea2	94218	3.43000000	3.43000000
Subarea2	94219	2.51000000	2.51000000
Subarea2	94226	3.00000000	3.00000000
Subarea2	94231	1.29000000	1.29000000
Subarea2	94232	2.20000000	2.20000000
Subarea2	94504	3.68000000	3.68000000
Subarea2	94505	3.61000000	3.61000000
Subarea2	94506	4.00000000	4.00000000
Subarea2	94507	3.20000000	3.20000000
Subarea2	94508	1.53000000	1.53000000
Subarea2	94511	1.00000000	1.00000000
Subarea2	94512	3.04000000	3.04000000
Subarea2	94513	2.30000000	2.30000000
Subarea2	94514	2.37000000	2.37000000
Subarea2	94521	1.90000000	1.90000000
Subarea2	94522	2.29000000	2.29000000
Subarea2	94799	3.89000000	3.89000000
Subarea2	94800	3.14000000	3.14000000
Subarea2	94806	1.57000000	1.57000000
Subarea2	94808	1.21000000	1.21000000
Subarea2	95095	3.01000000	3.01000000
Subarea2	95096	2.65000000	2.65000000
Subarea2	95111	1.58000000	1.58000000
Subarea2	95406	1.10000000	1.10000000
Subarea2	95701	2.50000000	2.50000000
Subarea2	95988	2.10000000	2.10000000
Subarea2	95989	1.66000000	1.66000000
Subarea2	95993	1.69000000	1.69000000
Subarea2	95995	1.70000000	1.70000000
Subarea2	95996	2.93000000	2.93000000
Subarea2	96288	1.60000000	1.60000000
Subarea2	96289	2.93000000	2.93000000
Subarea2	96290	3.56000000	3.56000000
Subarea2	96291	3.65000000	3.65000000
Subarea2	96292	3.31000000	3.31000000
Subarea2	96581	1.02000000	1.02000000
Subarea2	96582	3.01000000	3.01000000
Subarea2	96583	3.28000000	3.28000000
Subarea2	96585	3.80000000	3.80000000
Subarea2	96586	3.88000000	3.88000000
Subarea2	96587	3.48000000	3.48000000
Subarea2	96588	3.80000000	3.80000000
Subarea2	96876	1.29000000	1.29000000
Subarea2	96877	3.85000000	3.85000000
Subarea2	96880	2.36000000	2.36000000
Subarea2	96881	1.37000000	1.37000000
Subarea2	96882	2.36000000	2.36000000
Subarea2	96883	3.52000000	3.52000000
Subarea2	96884	2.54000000	2.54000000
Subarea2	97175	3.13000000	3.13000000
Subarea2	97176	1.97000000	1.97000000
Subarea2	97177	1.07000000	1.07000000
Subarea3	29095	1.87000000	1.87000000
Subarea3	29099	1.93000000	1.93000000
Subarea3	29100	1.24000000	1.24000000
Subarea3	29389	1.66000000	1.66000000
Subarea3	29390	3.11000000	3.11000000
Subarea3	29393	1.74000000	1.74000000
Subarea3	29394	3.84000000	3.84000000
Subarea3	29395	2.57000000	2.57000000
Subarea3	29683	1.29000000	1.29000000
Subarea3	29684	3.63000000	3.63000000
Subarea3	29685	2.91000000	2.91000000
Subarea3	29687	1.99000000	1.99000000
Subarea3	29688	3.59000000	3.59000000
Subarea3	29689	3.32000000	3.32000000
Subarea3	29690	3.21000000	3.21000000
Subarea3	29691	1.38000000	1.38000000
Subarea3	29978	3.12000000	3.12000000
Subarea3	29979	3.28000000	3.28000000
Subarea3	29981	2.49000000	2.49000000
Subarea3	29982	2.85000000	2.85000000
Subarea3	30272	3.22000000	3.22000000
Subarea3	30273	1.04000000	1.04000000
Subarea3	30274	1.19000000	1.19000000
Subarea3	30275	2.69000000	2.69000000
Subarea3	30276	1.69000000	1.69000000
Subarea3	30278	2.18000000	2.18000000
Subarea3	30279	1.41000000	1.41000000
Subarea3	30568	3.11000000	3.11000000
Subarea3	30569	2.90000000	2.90000000
Subarea3	30859	1.03000000	1.03000000
Subarea3	30860	1.65000000	1.65000000
Subarea3	30861	3.87000000	3.87000000
Subarea3	30863	2.37000000	2.37000000
Subarea3	30864	3.57000000	3.57000000
Subarea3	31156	1.40000000	1.40000000
Subarea3	31157	1.16000000	1.16000000
Subarea3	31165	1.04000000	1.04000000
Subarea3	31166	1.19000000	1.19000000
Subarea3	31167	1.86000000	1.86000000
Subarea3	31168	2.43000000	2.43000000
Subarea3	31448	2.74000000	2.74000000
Subarea3	31449	2.40000000	2.40000000
Subarea3	31450	1.81000000	1.81000000
Subarea3	31451	3.12000000	3.12000000
Subarea3	31452	2.81000000	2.81000000
Subarea3	31453	2.98000000	2.98000000
Subarea3	31456	1.96000000	1.96000000
Subarea3	31746	1.14000000	1.14000000
Subarea3	31747	1.54000000	1.54000000
Subarea3	31755	3.08000000	3.08000000
Subarea3	32048	1.18000000	1.18000000
Subarea3	32049	3.13000000	3.13000000
Subarea3	32338	2.46000000	2.46000000
Subarea3	32339	1.90000000	1.90000000
Subarea3	32340	1.43000000	1.43000000
Subarea3	32341	1.91000000	1.91000000
Subarea3	32342	1.05000000	1.05000000
Subarea3	32629	2.10000000	2.10000000
Subarea3	32634	2.16000000	2.16000000
Subarea3	32635	2.76000000	2.76000000
Subarea3	32636	2.44000000	2.44000000
Subarea3	32637	1.72000000	1.72000000
Subarea3	32927	1.59000000	1.59000000
Subarea3	32928	3.56000000	3.56000000
Subarea3	32929	2.80000000	2.80000000
Subarea3	32930	2.02000000	2.02000000
Subarea3	32931	1.94000000	1.94000000
Subarea3	33218	1.57000000	1.57000000
Subarea3	33221	1.10000000	1.10000000
Subarea3	33222	3.43000000	3.43000000
Subarea3	33223	1.37000000	1.37000000
Subarea3	33224	2.79000000	2.79000000
Subarea3	33513	2.07000000	2.07000000
Subarea3	33514	1.83000000	1.83000000
Subarea3	33516	2.74000000	2.74000000
Subarea3	33517	3.20000000	3.20000000
Subarea3	33518	3.50000000	3.50000000
Subarea3	33519	1.87000000	1.87000000
Subarea3	33809	2.40000000	2.40000000
Subarea3	33810	1.78000000	1.78000000
Subarea3	33813	2.51000000	2.51000000
Subarea3	34104	2.42000000	2.42000000
Subarea3	34108	3.04000000	3.04000000
Subarea3	34404	2.89000000	2.89000000
Subarea3	34985	3.10000000	3.10000000
Subarea3	34991	1.86000000	1.86000000
Subarea3	35280	3.46000000	3.46000000
Subarea3	35286	3.58000000	3.58000000
Subarea3	35575	2.61000000	2.61000000
Subarea3	35867	1.73000000	1.73000000
Subarea3	35876	3.39000000	3.39000000
Subarea3	35877	2.25000000	2.25000000
Subarea3	35878	3.05000000	3.05000000
Subarea3	36164	3.21000000	3.21000000
Subarea3	36165	1.04000000	1.04000000
Subarea3	36168	1.10000000	1.10000000
Subarea3	36171	3.67000000	3.67000000
Subarea3	36172	1.63000000	1.63000000
Subarea3	36173	2.49000000	2.49000000
Subarea3	36448	1.52000000	1.52000000
Subarea3	36456	3.88000000	3.88000000
Subarea3	36458	1.66000000	1.66000000
Subarea3	36464	2.59000000	2.59000000
Subarea3	36465	3.69000000	3.69000000
Subarea3	36466	2.16000000	2.16000000
Subarea3	36467	1.79000000	1.79000000
Subarea3	36468	3.82000000	3.82000000
Subarea3	36469	2.40000000	2.40000000
Subarea3	36740	2.58000000	2.58000000
Subarea3	36741	3.03000000	3.03000000
Subarea3	36743	3.30000000	3.30000000
Subarea3	36744	1.72000000	1.72000000
Subarea3	36749	3.12000000	3.12000000
Subarea3	36751	2.56000000	2.56000000
Subarea3	36757	1.76000000	1.76000000
Subarea3	36761	1.24000000	1.24000000
Subarea3	36762	2.50000000	2.50000000
Subarea3	37035	2.46000000	2.46000000
Subarea3	37037	2.81000000	2.81000000
Subarea3	37038	3.45000000	3.45000000
Subarea3	37039	3.83000000	3.83000000
Subarea3	37042	3.07000000	3.07000000
Subarea3	37043	2.99000000	2.99000000
Subarea3	37044	1.65000000	1.65000000
Subarea3	37326	1.25000000	1.25000000
Subarea3	37327	2.89000000	2.89000000
Subarea3	37328	3.03000000	3.03000000
Subarea3	37329	2.29000000	2.29000000
Subarea3	37330	2.50000000	2.50000000
Subarea3	37333	2.84000000	2.84000000
Subarea3	37334	2.73000000	2.73000000
Subarea3	37335	3.77000000	3.77000000
Subarea3	37336	3.34000000	3.34000000
Subarea3	37337	1.44000000	1.44000000
Subarea3	37623	3.25000000	3.25000000
Subarea3	37625	2.66000000	2.66000000
Subarea3	37629	1.09000000	1.09000000
Subarea3	37630	1.20000000	1.20000000
Subarea3	37633	1.00000000	1.00000000
Subarea3	37634	1.06000000	1.06000000
Subarea3	37635	1.44000000	1.44000000
Subarea3	37920	2.01000000	2.01000000
Subarea3	37928	3.15000000	3.15000000
Subarea3	38221	1.12000000	1.12000000
Subarea3	38222	3.57000000	3.57000000
Subarea3	38512	1.06000000	1.06000000
Subarea3	38515	1.65000000	1.65000000
Subarea3	38809	1.27000000	1.27000000
Subarea3	38810	3.81000000	3.81000000
Subarea3	39104	3.37000000	3.37000000
Subarea3	39105	3.68000000	3.68000000
Subarea3	39397	1.92000000	1.92000000
Subarea3	39398	1.56000000	1.56000000
Subarea3	39691	1.70000000	1.70000000
Subarea3	39986	2.31000000	2.31000000
Subarea3	39989	1.51000000	1.51000000
Subarea3	40284	2.08000000	2.08000000
Subarea3	40577	1.28000000	1.28000000
Subarea3	40578	1.33000000	1.33000000
Subarea3	40579	2.34000000	2.34000000
Subarea3	40872	1.58000000	1.58000000
Subarea3	40873	2.44000000	2.44000000
Subarea3	40874	3.72000000	3.72000000
Subarea3	41167	1.59000000	1.59000000
Subarea3	41168	1.45000000	1.45000000
Subarea3	41461	1.45000000	1.45000000
Subarea3	41462	1.80000000	1.80000000
Subarea3	41463	2.82000000	2.82000000
Subarea3	41755	3.29000000	3.29000000
Subarea3	41756	2.76000000	2.76000000
Subarea3	41757	2.16000000	2.16000000
Subarea3	41758	2.48000000	2.48000000
Subarea3	42050	3.41000000	3.41000000
Subarea3	42051	2.42000000	2.42000000
Subarea3	42344	1.81000000	1.81000000
Subarea3	42345	3.16000000	3.16000000
Subarea3	42346	1.11000000	1.11000000
Subarea3	42347	1.27000000	1.27000000
Subarea4	9408	2.64000000	2.64000000
Subarea4	9703	3.42000000	3.42000000
Subarea4	11169	2.01000000	2.01000000
Subarea4	11170	2.44000000	2.44000000
Subarea4	11464	2.99000000	2.99000000
Subarea4	11465	3.44000000	3.44000000
Subarea4	11466	3.60000000	3.60000000
Subarea4	11467	3.86000000	3.86000000
Subarea4	11468	3.79000000	3.79000000
Subarea4	11759	3.03000000	3.03000000
Subarea4	11761	3.73000000	3.73000000
Subarea4	11762	3.56000000	3.56000000
Subarea4	12054	3.19000000	3.19000000
Subarea4	12346	1.15000000	1.15000000
Subarea4	12349	3.72000000	3.72000000
Subarea4	12350	3.81000000	3.81000000
Subarea4	12640	1.24000000	1.24000000
Subarea4	12641	1.86000000	1.86000000
Subarea4	12643	2.48000000	2.48000000
Subarea4	12645	2.85000000	2.85000000
Subarea4	12939	3.37000000	3.37000000
Subarea4	12940	3.17000000	3.17000000
Subarea4	12941	2.94000000	2.94000000
Subarea4	12942	2.07000000	2.07000000
Subarea4	12943	1.50000000	1.50000000
Subarea4	13237	2.99000000	2.99000000
Subarea4	13529	3.63000000	3.63000000
Subarea4	13532	1.23000000	1.23000000
Subarea4	16184	1.55000000	1.55000000
Subarea4	16185	2.99000000	2.99000000
Subarea4	16476	1.63000000	1.63000000
Subarea4	16478	2.66000000	2.66000000
Subarea4	16479	1.52000000	1.52000000
Subarea4	16771	2.38000000	2.38000000
Subarea4	16772	2.62000000	2.62000000
Subarea4	16773	2.94000000	2.94000000
Subarea4	17065	3.65000000	3.65000000
Subarea4	17067	2.27000000	2.27000000
Subarea4	17363	3.17000000	3.17000000
Subarea4	17364	3.50000000	3.50000000
Subarea4	17365	1.15000000	1.15000000
Subarea4	17956	1.97000000	1.97000000
Subarea4	18841	1.46000000	1.46000000
Subarea4	18842	3.16000000	3.16000000
Subarea4	19135	3.17000000	3.17000000
Subarea4	19136	3.84000000	3.84000000
Subarea4	19429	1.37000000	1.37000000
Subarea4	19430	2.02000000	2.02000000
Subarea4	19725	1.44000000	1.44000000
Subarea4	20020	1.90000000	1.90000000
Subarea4	20021	3.48000000	3.48000000
Subarea4	20313	1.64000000	1.64000000
Subarea4	20314	3.38000000	3.38000000
Subarea4	20315	3.12000000	3.12000000
Subarea4	20316	1.22000000	1.22000000
Subarea4	20611	3.67000000	3.67000000
Subarea4	20612	3.14000000	3.14000000
Subarea4	20613	1.64000000	1.64000000
Subarea4	20908	2.15000000	2.15000000
Subarea4	21203	1.54000000	1.54000000
Subarea4	21498	1.65000000	1.65000000
Subarea4	21793	1.02000000	1.02000000
Subarea4	22672	3.63000000	3.63000000
Subarea4	22966	2.10000000	2.10000000
Subarea4	22967	3.88000000	3.88000000
Subarea4	23261	3.16000000	3.16000000
Subarea4	23556	3.45000000	3.45000000
Subarea4	23850	2.76000000	2.76000000
Subarea4	23851	3.43000000	3.43000000
Subarea4	23852	3.74000000	3.74000000
Subarea4	23853	3.73000000	3.73000000
Subarea4	24147	4.00000000	4.00000000
Subarea4	24442	3.78000000	3.78000000
Subarea4	24736	2.48000000	2.48000000
Subarea4	24737	4.00000000	4.00000000
Subarea4	24738	4.00000000	4.00000000
Subarea4	25031	2.86000000	2.86000000
Subarea4	25032	4.00000000	4.00000000
Subarea4	25033	3.69000000	3.69000000
Subarea4	25035	2.43000000	2.43000000
Subarea4	25325	2.57000000	2.57000000
Subarea4	25326	3.77000000	3.77000000
Subarea4	25607	1.21000000	1.21000000
Subarea4	25621	3.54000000	3.54000000
Subarea4	25625	1.46000000	1.46000000
Subarea4	25901	1.77000000	1.77000000
Subarea4	25902	3.53000000	3.53000000
Subarea4	25903	3.38000000	3.38000000
Subarea4	25914	3.97000000	3.97000000
Subarea4	25915	3.88000000	3.88000000
Subarea4	25916	3.87000000	3.87000000
Subarea4	25917	3.97000000	3.97000000
Subarea4	25920	2.72000000	2.72000000
Subarea4	26194	2.83000000	2.83000000
Subarea4	26195	3.85000000	3.85000000
Subarea4	26196	2.35000000	2.35000000
Subarea4	26198	3.42000000	3.42000000
Subarea4	26199	3.71000000	3.71000000
Subarea4	26200	3.90000000	3.90000000
Subarea4	26212	3.54000000	3.54000000
Subarea4	26213	3.61000000	3.61000000
Subarea4	26214	3.92000000	3.92000000
Subarea4	26215	1.82000000	1.82000000
Subarea4	26485	2.28000000	2.28000000
Subarea4	26487	2.51000000	2.51000000
Subarea4	26488	3.64000000	3.64000000
Subarea4	26489	3.87000000	3.87000000
Subarea4	26490	3.61000000	3.61000000
Subarea4	26495	3.93000000	3.93000000
Subarea4	26507	2.46000000	2.46000000
Subarea4	26778	1.75000000	1.75000000
Subarea4	26779	1.98000000	1.98000000
Subarea4	26780	1.30000000	1.30000000
Subarea4	26783	3.94000000	3.94000000
Subarea4	26784	3.98000000	3.98000000
Subarea4	26790	3.81000000	3.81000000
Subarea4	26791	3.89000000	3.89000000
Subarea4	26792	3.97000000	3.97000000
Subarea4	26793	3.91000000	3.91000000
Subarea4	26794	4.00000000	4.00000000
Subarea4	26802	3.76000000	3.76000000
Subarea4	26803	3.28000000	3.28000000
Subarea4	27073	3.15000000	3.15000000
Subarea4	27075	3.08000000	3.08000000
Subarea4	27077	3.84000000	3.84000000
Subarea4	27078	3.86000000	3.86000000
Subarea4	27089	3.83000000	3.83000000
Subarea4	27090	3.96000000	3.96000000
Subarea4	27094	2.37000000	2.37000000
Subarea4	27097	2.09000000	2.09000000
Subarea4	27365	2.06000000	2.06000000
Subarea4	27366	3.53000000	3.53000000
Subarea4	27367	3.79000000	3.79000000
Subarea4	27368	3.96000000	3.96000000
Subarea4	27369	3.89000000	3.89000000
Subarea4	27385	1.60000000	1.60000000
Subarea4	27657	1.22000000	1.22000000
Subarea4	27659	2.48000000	2.48000000
Subarea4	27660	3.83000000	3.83000000
Subarea4	27662	4.00000000	4.00000000
Subarea4	27663	4.00000000	4.00000000
Subarea4	27664	3.91000000	3.91000000
Subarea4	27678	1.64000000	1.64000000
Subarea4	27954	1.61000000	1.61000000
Subarea4	28251	2.70000000	2.70000000
Subarea4	28266	1.02000000	1.02000000
Subarea4	28268	3.60000000	3.60000000
Subarea4	28269	3.95000000	3.95000000
Subarea4	28563	3.19000000	3.19000000
Subarea4	28564	3.80000000	3.80000000
Subarea4	28853	1.99000000	1.99000000
Subarea4	28854	3.58000000	3.58000000
Subarea4	28856	3.99000000	3.99000000
Subarea4	28857	3.59000000	3.59000000
Subarea4	28858	2.84000000	2.84000000
Subarea4	28859	3.81000000	3.81000000
Subarea4	29148	2.56000000	2.56000000
Subarea4	29149	3.87000000	3.87000000
Subarea4	29150	3.22000000	3.22000000
Subarea4	29151	2.30000000	2.30000000
Subarea4	29153	1.92000000	1.92000000
Subarea4	29154	3.92000000	3.92000000
Subarea4	29155	2.55000000	2.55000000
Subarea4	29445	1.93000000	1.93000000
Subarea4	29447	2.93000000	2.93000000
Subarea4	29449	1.57000000	1.57000000
Subarea4	29739	1.43000000	1.43000000
Subarea4	30026	3.04000000	3.04000000
Subarea4	30035	1.73000000	1.73000000
Subarea4	30317	1.16000000	1.16000000
Subarea4	30318	3.16000000	3.16000000
Subarea4	30321	3.68000000	3.68000000
Subarea4	30322	3.76000000	3.76000000
Subarea4	30324	3.98000000	3.98000000
Subarea4	30326	3.78000000	3.78000000
Subarea4	30327	2.74000000	2.74000000
Subarea4	30611	3.93000000	3.93000000
Subarea4	30612	2.50000000	2.50000000
Subarea4	30617	1.51000000	1.51000000
Subarea4	30618	3.70000000	3.70000000
Subarea4	30619	3.67000000	3.67000000
Subarea4	30621	3.21000000	3.21000000
Subarea4	30905	3.34000000	3.34000000
Subarea4	30907	3.45000000	3.45000000
Subarea4	30912	3.04000000	3.04000000
Subarea4	30913	3.66000000	3.66000000
Subarea4	30914	3.78000000	3.78000000
Subarea4	30915	3.79000000	3.79000000
Subarea4	30916	3.38000000	3.38000000
Subarea4	30917	1.74000000	1.74000000
Subarea4	31202	1.76000000	1.76000000
Subarea4	31205	3.92000000	3.92000000
Subarea4	31208	3.72000000	3.72000000
Subarea4	31209	2.98000000	2.98000000
Subarea4	31210	2.34000000	2.34000000
Subarea4	31211	2.44000000	2.44000000
Subarea4	31500	3.83000000	3.83000000
Subarea4	31501	3.72000000	3.72000000
Subarea4	31502	1.54000000	1.54000000
Subarea4	31794	3.37000000	3.37000000
Subarea4	31795	3.46000000	3.46000000
Subarea4	31797	1.09000000	1.09000000
Subarea4	31798	1.48000000	1.48000000
Subarea4	32089	1.95000000	1.95000000
