network_name	patch_id	counted_area_ha	total_patch_ha
Global	84163	0.03000000	0.03000000
Global	84208	0.53000000	0.53000000
Global	84211	0.03000000	0.03000000
Global	84239	0.01000000	0.01000000
Global	84280	0.23000000	0.23000000
Global	84346	0.32000000	0.32000000
Global	84625	0.62000000	0.62000000
Global	84627	4.94000000	4.94000000
Global	84660	0.08000000	0.08000000
Global	84706	0.18000000	0.18000000
Global	84746	0.29000000	0.29000000
Global	84753	0.01000000	0.01000000
Global	84760	0.01000000	0.01000000
Global	84762	13.51000000	13.51000000
Global	84767	0.64000000	0.64000000
Global	84782	0.01000000	0.01000000
Global	84788	0.13000000	0.13000000
Global	84802	0.10000000	0.10000000
Global	84805	0.23000000	0.23000000
Global	84811	0.11000000	0.11000000
Global	84815	0.01000000	0.01000000
Global	84818	3.36000000	3.36000000
Global	84825	0.17000000	0.17000000
Global	84844	0.08000000	0.08000000
Global	84861	0.71000000	0.71000000
Global	84868	0.29000000	0.29000000
Global	84967	0.11000000	0.11000000
Global	84992	0.01000000	0.01000000
Global	85049	4.78000000	4.78000000
Global	85057	0.12000000	0.12000000
Global	85076	0.39000000	0.39000000
Global	85127	3.99000000	3.99000000
Global	85137	0.01000000	0.01000000
Global	85138	0.01000000	0.01000000
Global	85146	0.01000000	0.01000000
Global	85155	0.01000000	0.01000000
Global	85202	0.22000000	0.22000000
Global	85203	0.47000000	0.47000000
Global	85212	0.03000000	0.03000000
Global	85213	1.38000000	1.38000000
Global	85225	0.02000000	0.02000000
Global	85244	0.01000000	0.01000000
Global	85289	0.23000000	0.23000000
Global	85308	8.78000000	8.78000000
Global	85355	0.45000000	0.45000000
Global	85377	8.83000000	8.83000000
Global	85462	19.66000000	19.66000000
Global	85463	1.64000000	1.64000000
Global	85465	8.61000000	8.61000000
Global	85472	12.94000000	12.94000000
Global	85476	0.01000000	0.01000000
Global	85491	0.01000000	0.01000000
Global	85517	0.06000000	0.06000000
Global	85531	0.06000000	0.06000000
Global	85547	0.08000000	0.08000000
Global	85564	0.82000000	0.82000000
Global	85565	1.48000000	1.48000000
Global	85571	1.38000000	1.38000000
Global	85582	1.87000000	1.87000000
Global	85586	0.69000000	0.69000000
Global	85608	0.05000000	0.05000000
Global	85634	0.44000000	0.44000000
Global	85684	0.65000000	0.65000000
Global	85703	12.61000000	12.61000000
Global	85704	34.94000000	34.94000000
Global	85708	0.02000000	0.02000000
Global	85733	0.92000000	0.92000000
Global	85736	2.85000000	2.85000000
Global	85751	2.96000000	2.96000000
Global	85754	0.09000000	0.09000000
Global	85773	0.01000000	0.01000000
Global	85807	2.74000000	2.74000000
Global	85845	0.15000000	0.15000000
Global	85853	3.53000000	3.53000000
Global	85856	0.16000000	0.16000000
Global	85860	0.01000000	0.01000000
Global	85864	2.98000000	2.98000000
Global	85873	0.07000000	0.07000000
Global	85874	0.01000000	0.01000000
Global	85900	0.12000000	0.12000000
Global	85921	0.14000000	0.14000000
Global	85925	0.71000000	0.71000000
Global	85929	0.01000000	0.01000000
Global	86006	0.02000000	0.02000000
Global	86011	5.25000000	5.25000000
Global	86073	2.22000000	2.22000000
Global	86088	4.90000000	4.90000000
Global	86098	4.47000000	4.47000000
Global	86116	1.59000000	1.59000000
Global	86117	0.31000000	0.31000000
Global	86217	8.04000000	8.04000000
Global	86265	15.92000000	15.92000000
Global	86287	0.32000000	0.32000000
Global	86326	2.43000000	2.43000000
Global	86347	1.78000000	1.78000000
Global	86402	5.50000000	5.50000000
Global	86433	0.01000000	0.01000000
Global	86441	0.02000000	0.02000000
Global	86448	2.19000000	2.19000000
Global	86475	0.01000000	0.01000000
Global	86625	0.01000000	0.01000000
Global	86637	0.01000000	0.01000000
Global	86653	3.23000000	3.23000000
Global	86658	0.01000000	0.01000000
Global	86661	2.13000000	2.13000000
Global	86697	0.01000000	0.01000000
Global	86707	0.01000000	0.01000000
Global	86715	0.88000000	0.88000000
Global	86721	9.86000000	9.86000000
Global	86723	10.01000000	10.01000000
Global	86730	2.67000000	2.67000000
Global	86766	0.16000000	0.16000000
Global	86822	0.05000000	0.05000000
Global	86832	2.94000000	2.94000000
Global	86863	1.82000000	1.82000000
Global	86875	3.08000000	3.08000000
Global	86893	0.33000000	0.33000000
Global	86922	0.01000000	0.01000000
Global	86940	0.01000000	0.01000000
Global	86948	15.35000000	15.35000000
Global	86965	0.01000000	0.01000000
Global	86978	5.71000000	5.71000000
Global	87015	12.56000000	12.56000000
Global	87028	9.94000000	9.94000000
Global	87043	0.55000000	0.55000000
Global	87050	7.64000000	7.64000000
Global	87085	10.48000000	10.48000000
Global	87099	0.01000000	0.01000000
Global	87242	0.01000000	0.01000000
Global	87282	3.17000000	3.17000000
Global	87317	10.23000000	10.23000000
Global	87354	2.13000000	2.13000000
Global	87391	1.21000000	1.21000000
Global	87431	5.17000000	5.17000000
Global	87558	2.02000000	2.02000000
Global	87609	0.01000000	0.01000000
Global	87623	0.01000000	0.01000000
Global	87629	0.01000000	0.01000000
Global	87632	8.34000000	8.34000000
Global	87642	0.01000000	0.01000000
Global	87649	0.01000000	0.01000000
Global	87660	1.35000000	1.35000000
Global	87781	0.17000000	0.17000000
Global	87806	1.80000000	1.80000000
Global	87839	3.13000000	3.13000000
Global	87969	21.98000000	21.98000000
Global	88018	2.49000000	2.49000000
Global	88263	3.73000000	3.73000000
Global	88305	20.87000000	20.87000000
Global	89563	0.02000000	0.02000000
Global	89568	0.29000000	0.29000000
Global	89671	5.92000000	5.92000000
Global	89731	0.90000000	0.90000000
Global	89832	6.99000000	6.99000000
Global	89895	0.81000000	0.81000000
Global	89904	8.84000000	8.84000000
Global	89911	0.02000000	0.02000000
Global	89944	0.01000000	0.01000000
Global	89960	0.01000000	0.01000000
Global	90011	0.04000000	0.04000000
Global	90019	0.01000000	0.01000000
Global	90028	0.01000000	0.01000000
Global	90056	0.04000000	0.04000000
Global	90067	0.01000000	0.01000000
Global	90105	3.43000000	3.43000000
Global	90109	1.39000000	1.39000000
Global	90116	0.05000000	0.05000000
Global	90129	0.48000000	0.48000000
Global	90191	0.01000000	0.01000000
Global	90204	0.01000000	0.01000000
Global	90216	15.35000000	15.35000000
Global	90223	0.06000000	0.06000000
Global	90306	0.21000000	0.21000000
Global	90516	1.89000000	1.89000000
Global	90679	0.01000000	0.01000000
Global	90682	35.82000000	35.82000000
Global	90705	0.01000000	0.01000000
Global	90738	0.01000000	0.01000000
Global	90769	0.01000000	0.01000000
Global	90788	0.01000000	0.01000000
Global	90797	0.01000000	0.01000000
Global	90807	0.01000000	0.01000000
Global	90811	0.03000000	0.03000000
Global	90833	0.01000000	0.01000000
Global	90840	0.02000000	0.02000000
Global	90905	30.05000000	30.05000000
Global	90906	1.52000000	1.52000000
Global	90956	2.25000000	2.25000000
Global	90978	0.02000000	0.02000000
Global	91021	0.37000000	0.37000000
Global	91061	0.02000000	0.02000000
Global	91064	2.83000000	2.83000000
Global	91070	0.77000000	0.77000000
Global	91075	0.01000000	0.01000000
Global	91076	8.37000000	8.37000000
Global	91092	1.28000000	1.28000000
Global	91211	0.85000000	0.85000000
Global	91233	1.72000000	1.72000000
Global	91237	21.96000000	21.96000000
Global	91348	4.43000000	4.43000000
Global	91359	0.01000000	0.01000000
Global	91386	0.07000000	0.07000000
Global	91394	0.55000000	0.55000000
Global	91396	0.01000000	0.01000000
Global	91397	0.04000000	0.04000000
Global	91411	0.06000000	0.06000000
Global	91446	0.21000000	0.21000000
Global	91458	0.12000000	0.12000000
Global	91500	0.05000000	0.05000000
Global	91516	0.43000000	0.43000000
Global	91535	0.03000000	0.03000000
Global	91555	0.01000000	0.01000000
Global	91583	0.01000000	0.01000000
Global	91606	0.11000000	0.11000000
Global	91618	0.01000000	0.01000000
Global	91628	0.87000000	0.87000000
Global	91635	0.01000000	0.01000000
Global	91696	6.63000000	6.63000000
Global	91723	0.08000000	0.08000000
Global	91729	0.02000000	0.02000000
Global	91731	0.07000000	0.07000000
Global	91732	0.01000000	0.01000000
Global	91733	29.98000000	29.98000000
Global	91795	5.38000000	5.38000000
Global	91797	1.21000000	1.21000000
Global	91803	0.02000000	0.02000000
Global	91811	0.15000000	0.15000000
Global	91823	3.66000000	3.66000000
Global	91829	0.01000000	0.01000000
Global	91839	0.16000000	0.16000000
Global	91853	0.15000000	0.15000000
Global	91864	0.85000000	0.85000000
Global	91880	1.92000000	1.92000000
Global	91888	1.08000000	1.08000000
Global	91905	0.01000000	0.01000000
Global	91917	0.01000000	0.01000000
Global	91918	0.01000000	0.01000000
Global	91919	0.95000000	0.95000000
Global	91921	0.25000000	0.25000000
Global	91945	0.50000000	0.50000000
Global	91951	0.02000000	0.02000000
Global	92003	0.82000000	0.82000000
Global	92005	0.01000000	0.01000000
Global	92010	0.96000000	0.96000000
Global	92044	11.26000000	11.26000000
Global	92052	0.21000000	0.21000000
Global	92064	0.01000000	0.01000000
Global	92094	0.75000000	0.75000000
Global	92099	0.01000000	0.01000000
Global	92117	0.08000000	0.08000000
Global	92119	0.01000000	0.01000000
Global	92135	0.01000000	0.01000000
Global	92185	24.93000000	24.93000000
Global	92189	0.01000000	0.01000000
Global	92199	11.67000000	11.67000000
Global	92206	9.51000000	9.51000000
Global	92237	0.01000000	0.01000000
Global	92242	0.10000000	0.10000000
Global	92243	0.01000000	0.01000000
Global	92245	5.44000000	5.44000000
Global	92256	0.01000000	0.01000000
Global	92257	0.01000000	0.01000000
Global	92309	0.04000000	0.04000000
Global	92312	0.46000000	0.46000000
Global	92319	65.82000000	65.82000000
Global	92321	1.18000000	1.18000000
Global	92337	0.01000000	0.01000000
Global	92342	0.01000000	0.01000000
Global	92350	0.02000000	0.02000000
Global	92358	0.45000000	0.45000000
Global	92360	0.65000000	0.65000000
Global	92377	0.64000000	0.64000000
Global	92395	0.19000000	0.19000000
Global	92474	4.90000000	4.90000000
Global	92499	0.87000000	0.87000000
Global	92518	0.02000000	0.02000000
Global	92548	0.01000000	0.01000000
Global	92693	0.01000000	0.01000000
Global	92701	0.41000000	0.41000000
Global	92704	11.11000000	11.11000000
Global	92705	1.83000000	1.83000000
Global	92741	0.51000000	0.51000000
Global	92801	1.92000000	1.92000000
Global	92822	0.01000000	0.01000000
Global	92833	2.67000000	2.67000000
Global	92850	0.01000000	0.01000000
Global	92875	10.80000000	10.80000000
Global	92888	0.11000000	0.11000000
Global	92897	0.01000000	0.01000000
Global	92904	2.07000000	2.07000000
Global	92907	1.80000000	1.80000000
Global	92956	3.66000000	3.66000000
Global	92960	0.44000000	0.44000000
Global	92997	2.45000000	2.45000000
Global	93019	0.07000000	0.07000000
Global	93059	1.20000000	1.20000000
Global	93074	0.01000000	0.01000000
Global	93081	0.01000000	0.01000000
Global	93082	0.01000000	0.01000000
Global	93089	0.01000000	0.01000000
Global	93102	0.16000000	0.16000000
Global	93103	4.16000000	4.16000000
Global	93131	0.05000000	0.05000000
Global	93140	3.17000000	3.17000000
Global	93166	0.39000000	0.39000000
Global	93184	66.07000000	66.07000000
Global	93193	9.78000000	9.78000000
Global	93194	0.49000000	0.49000000
Global	93196	0.04000000	0.04000000
Global	93200	0.01000000	0.01000000
Global	93219	0.02000000	0.02000000
Global	93238	0.04000000	0.04000000
Global	93239	0.03000000	0.03000000
Global	93241	0.05000000	0.05000000
Global	93248	0.01000000	0.01000000
Global	93249	0.01000000	0.01000000
Global	93250	0.03000000	0.03000000
Global	93256	0.01000000	0.01000000
Global	93265	0.01000000	0.01000000
Global	93266	0.01000000	0.01000000
Global	93285	0.01000000	0.01000000
Global	93286	0.01000000	0.01000000
Global	93296	0.01000000	0.01000000
Global	93318	16.30000000	16.30000000
Global	93324	0.43000000	0.43000000
Global	93327	0.02000000	0.02000000
Global	93347	3.51000000	3.51000000
Global	93353	85.94000000	85.94000000
Global	93363	0.11000000	0.11000000
Global	93371	0.01000000	0.01000000
Global	93377	0.01000000	0.01000000
Global	93465	0.01000000	0.01000000
Global	93473	9.98000000	9.98000000
Global	93476	1.04000000	1.04000000
Global	93492	0.01000000	0.01000000
Global	93499	0.03000000	0.03000000
Global	93502	0.04000000	0.04000000
Global	93505	0.02000000	0.02000000
Global	93538	0.16000000	0.16000000
Global	93547	0.11000000	0.11000000
Global	93566	0.14000000	0.14000000
Global	93575	0.03000000	0.03000000
Global	93626	0.01000000	0.01000000
Global	93650	0.02000000	0.02000000
Global	93655	13.51000000	13.51000000
Global	93665	0.01000000	0.01000000
Global	93680	0.01000000	0.01000000
Global	93688	0.01000000	0.01000000
Global	93706	0.02000000	0.02000000
Global	93710	0.33000000	0.33000000
Global	93729	0.05000000	0.05000000
Global	93756	0.01000000	0.01000000
Global	93790	12.85000000	12.85000000
Global	93896	0.02000000	0.02000000
Global	93901	0.54000000	0.54000000
Global	93928	0.02000000	0.02000000
Global	93936	41.06000000	41.06000000
Global	93949	0.02000000	0.02000000
Global	93979	0.03000000	0.03000000
Global	93980	0.02000000	0.02000000
Global	93996	0.03000000	0.03000000
Global	94002	0.37000000	0.37000000
Global	94011	0.01000000	0.01000000
Global	94023	0.10000000	0.10000000
Global	94030	0.02000000	0.02000000
Global	94059	0.01000000	0.01000000
Global	94076	0.01000000	0.01000000
Global	94082	0.02000000	0.02000000
Global	94093	0.01000000	0.01000000
Global	94104	6.53000000	6.53000000
Global	94135	0.01000000	0.01000000
Global	94141	0.01000000	0.01000000
Global	94169	0.01000000	0.01000000
Global	94177	0.03000000	0.03000000
Global	94206	0.02000000	0.02000000
Global	94241	1.14000000	1.14000000
Global	94249	0.03000000	0.03000000
Global	94250	0.01000000	0.01000000
Global	94259	0.01000000	0.01000000
Global	94269	0.01000000	0.01000000
Global	94316	0.02000000	0.02000000
Global	94369	0.01000000	0.01000000
Global	94378	1.29000000	1.29000000
Global	94495	1.25000000	1.25000000
Global	94501	0.02000000	0.02000000
Global	94519	27.93000000	27.93000000
Global	94527	0.01000000	0.01000000
Global	94530	1.76000000	1.76000000
Global	94544	2.28000000	2.28000000
Global	94548	0.02000000	0.02000000
Global	94555	0.79000000	0.79000000
Global	94581	2.75000000	2.75000000
Global	94626	0.05000000	0.05000000
Global	94644	0.02000000	0.02000000
Global	94645	0.02000000	0.02000000
Global	94648	0.01000000	0.01000000
Global	94659	0.01000000	0.01000000
Global	94682	0.01000000	0.01000000
Global	94684	1.33000000	1.33000000
Global	94688	0.01000000	0.01000000
Global	94689	0.01000000	0.01000000
Global	94702	0.02000000	0.02000000
Global	94703	0.97000000	0.97000000
Global	94712	0.02000000	0.02000000
Global	94717	0.05000000	0.05000000
Global	94719	0.02000000	0.02000000
Global	94722	0.30000000	0.30000000
Global	94728	1.44000000	1.44000000
Global	94760	0.10000000	0.10000000
Global	94878	0.01000000	0.01000000
Global	94894	0.01000000	0.01000000
Global	95016	2.08000000	2.08000000
Global	95048	2.79000000	2.79000000
Global	95161	0.01000000	0.01000000
Global	95167	3.04000000	3.04000000
Global	95208	11.32000000	11.32000000
Global	95225	0.01000000	0.01000000
Global	95238	0.01000000	0.01000000
Global	95248	0.01000000	0.01000000
Global	95249	0.01000000	0.01000000
Global	95273	0.01000000	0.01000000
Global	95296	2.01000000	2.01000000
Global	95346	0.01000000	0.01000000
Global	95353	8.94000000	8.94000000
Global	95358	0.01000000	0.01000000
Global	95366	0.01000000	0.01000000
Global	95410	3.75000000	3.75000000
Global	95436	0.19000000	0.19000000
Global	95512	0.56000000	0.56000000
Global	95544	0.02000000	0.02000000
Global	95560	0.02000000	0.02000000
Global	95569	0.17000000	0.17000000
Global	95576	0.06000000	0.06000000
Global	95676	0.02000000	0.02000000
Global	95703	8.48000000	8.48000000
Global	95707	1.33000000	1.33000000
Global	95741	3.39000000	3.39000000
Global	95775	0.01000000	0.01000000
Global	95792	1.29000000	1.29000000
Global	95826	0.34000000	0.34000000
Global	95851	0.02000000	0.02000000
Global	95891	0.82000000	0.82000000
Global	95892	0.52000000	0.52000000
Global	95906	0.01000000	0.01000000
Global	95910	0.01000000	0.01000000
Global	95920	0.01000000	0.01000000
Global	95939	0.01000000	0.01000000
Global	95945	0.11000000	0.11000000
Global	96010	0.51000000	0.51000000
Global	96023	0.12000000	0.12000000
Global	96034	0.01000000	0.01000000
Global	96043	0.01000000	0.01000000
Global	96049	0.01000000	0.01000000
Global	96061	0.01000000	0.01000000
Global	96062	0.01000000	0.01000000
Global	96063	0.02000000	0.02000000
Global	96084	0.02000000	0.02000000
Global	96089	1.56000000	1.56000000
Global	96091	0.04000000	0.04000000
Global	96095	0.01000000	0.01000000
Global	96096	0.02000000	0.02000000
Global	96106	2.80000000	2.80000000
Global	96143	0.01000000	0.01000000
Global	96148	0.02000000	0.02000000
Global	96149	0.10000000	0.10000000
Global	96171	0.17000000	0.17000000
Global	96172	0.10000000	0.10000000
Global	96193	0.01000000	0.01000000
Global	96199	0.28000000	0.28000000
Global	96226	0.02000000	0.02000000
Global	96298	50.82000000	50.82000000
Global	96310	0.18000000	0.18000000
Global	96449	0.80000000	0.80000000
Global	96454	0.25000000	0.25000000
Global	96679	6.53000000	6.53000000
Global	96797	0.41000000	0.41000000
Global	96981	0.01000000	0.01000000
Global	97000	0.05000000	0.05000000
Global	97063	1.11000000	1.11000000
Global	97316	20.80000000	20.80000000
Global	97400	20.75000000	20.75000000
Global	97574	0.14000000	0.14000000
Global	97632	0.03000000	0.03000000
Global	97636	0.56000000	0.56000000
Global	97648	2.97000000	2.97000000
Global	97698	1.82000000	1.82000000
Global	97766	0.27000000	0.27000000
Global	97788	0.09000000	0.09000000
Global	97797	0.29000000	0.29000000
Global	97814	0.01000000	0.01000000
Global	97826	0.01000000	0.01000000
Global	97830	40.74000000	40.74000000
Global	97855	0.05000000	0.05000000
Global	97867	0.01000000	0.01000000
Global	97916	0.89000000	0.89000000
Global	98042	3.92000000	3.92000000
Global	98051	0.46000000	0.46000000
Global	98059	17.52000000	17.52000000
Global	98085	0.27000000	0.27000000
Global	98507	2.94000000	2.94000000
Global	98642	1.36000000	1.36000000
Global	98829	12.71000000	12.71000000
Global	98972	0.01000000	0.01000000
Global	99051	15.80000000	15.80000000
Global	99173	0.09000000	0.09000000
Global	99185	0.01000000	0.01000000
Global	99191	3.00000000	3.00000000
Global	99214	0.39000000	0.39000000
Global	99230	0.01000000	0.01000000
Global	99335	15.88000000	15.88000000
Global	99515	0.01000000	0.01000000
Global	99788	0.18000000	0.18000000
Global	99812	0.62000000	0.62000000
Global	99843	0.09000000	0.09000000
Global	99845	0.03000000	0.03000000
Global	99864	0.01000000	0.01000000
Global	99902	0.06000000	0.06000000
Global	99930	0.24000000	0.24000000
Global	99944	0.01000000	0.01000000
Global	99957	1.02000000	1.02000000
Global	99987	0.54000000	0.54000000
Global	100008	0.81000000	0.81000000
Global	100059	0.73000000	0.73000000
Global	100098	0.01000000	0.01000000
Global	100162	0.61000000	0.61000000
Global	100202	0.18000000	0.18000000
Global	100209	38.16000000	38.16000000
Global	100390	0.03000000	0.03000000
Global	100506	0.28000000	0.28000000
Global	100519	0.01000000	0.01000000
Global	100587	0.50000000	0.50000000
Global	100625	30.30000000	30.30000000
Global	100650	19.95000000	19.95000000
Global	100822	0.55000000	0.55000000
Global	100874	0.41000000	0.41000000
Global	100892	0.03000000	0.03000000
Global	100935	0.19000000	0.19000000
Global	100941	0.01000000	0.01000000
Global	100948	0.11000000	0.11000000
Global	100951	0.01000000	0.01000000
Global	100974	0.02000000	0.02000000
Global	100979	0.57000000	0.57000000
Global	100986	0.01000000	0.01000000
Global	100987	0.01000000	0.01000000
Global	100996	0.01000000	0.01000000
Global	101005	0.01000000	0.01000000
Global	101030	0.07000000	0.07000000
Global	101032	0.04000000	0.04000000
Global	101052	0.02000000	0.02000000
Global	101107	0.03000000	0.03000000
Global	101120	0.04000000	0.04000000
Global	101130	0.01000000	0.01000000
Global	101151	0.01000000	0.01000000
Global	101168	0.01000000	0.01000000
Global	101174	0.05000000	0.05000000
Global	101207	0.28000000	0.28000000
Global	101221	0.02000000	0.02000000
Global	101228	0.26000000	0.26000000
Global	101231	0.01000000	0.01000000
Global	101237	0.39000000	0.39000000
Global	101247	0.02000000	0.02000000
Global	101257	0.03000000	0.03000000
Global	101260	0.01000000	0.01000000
Global	101274	0.01000000	0.01000000
Global	101287	0.18000000	0.18000000
Global	101292	0.01000000	0.01000000
Global	101300	0.01000000	0.01000000
Global	101318	0.01000000	0.01000000
Global	101364	0.05000000	0.05000000
Global	101456	0.62000000	0.62000000
Global	101490	0.87000000	0.87000000
Global	101533	0.08000000	0.08000000
Global	101538	0.09000000	0.09000000
Global	101547	0.35000000	0.35000000
Global	101580	0.49000000	0.49000000
Global	101586	0.01000000	0.01000000
Global	101598	0.22000000	0.22000000
Global	101619	0.02000000	0.02000000
Global	101791	0.50000000	0.50000000
Global	101980	0.02000000	0.02000000
Global	101982	0.09000000	0.09000000
Global	101990	0.01000000	0.01000000
Global	102032	0.05000000	0.05000000
Global	102064	0.21000000	0.21000000
Global	102069	0.07000000	0.07000000
Global	102082	0.04000000	0.04000000
Global	102102	0.04000000	0.04000000
Global	102127	0.01000000	0.01000000
Global	102263	0.59000000	0.59000000
Global	102281	2.40000000	2.40000000
Global	102357	1.69000000	1.69000000
Global	102445	1.79000000	1.79000000
Global	102468	0.41000000	0.41000000
Global	102474	0.02000000	0.02000000
Global	102497	0.12000000	0.12000000
Global	102533	0.01000000	0.01000000
Global	102546	0.45000000	0.45000000
Global	102604	3.03000000	3.03000000
Global	102653	0.13000000	0.13000000
Global	102707	0.46000000	0.46000000
Global	102803	0.55000000	0.55000000
Global	102936	4.12000000	4.12000000
Global	103226	0.01000000	0.01000000
Global	103409	0.03000000	0.03000000
Global	103532	1.91000000	1.91000000
Global	103544	0.06000000	0.06000000
Global	103580	0.03000000	0.03000000
Global	103661	0.18000000	0.18000000
Global	103678	0.11000000	0.11000000
Global	103980	1.76000000	1.76000000
Global	104015	0.01000000	0.01000000
Global	104237	0.32000000	0.32000000
Global	104364	17.13000000	17.13000000
Global	104437	0.10000000	0.10000000
Global	104469	0.03000000	0.03000000
Global	104638	2.07000000	2.07000000
Global	104654	0.47000000	0.47000000
Global	104712	8.88000000	8.88000000
Global	104845	5.34000000	5.34000000
Global	104912	14.55000000	14.55000000
Global	104915	1.34000000	1.34000000
Global	104948	0.01000000	0.01000000
Global	105077	1.98000000	1.98000000
Global	105111	4.49000000	4.49000000
Global	105117	1.02000000	1.02000000
Global	105308	0.02000000	0.02000000
Global	105325	0.02000000	0.02000000
Global	105341	0.02000000	0.02000000
Global	105380	0.10000000	0.10000000
Global	105511	2.25000000	2.25000000
Global	105698	0.36000000	0.36000000
Global	105872	0.88000000	0.88000000
Global	106002	7.58000000	7.58000000
Global	106010	0.71000000	0.71000000
Global	106116	0.16000000	0.16000000
Global	106126	0.65000000	0.65000000
Global	106335	0.59000000	0.59000000
Global	106635	0.01000000	0.01000000
Global	106640	28.80000000	28.80000000
Global	106647	0.01000000	0.01000000
Global	106664	0.01000000	0.01000000
Global	106684	0.02000000	0.02000000
Global	106688	0.01000000	0.01000000
Global	107153	2.15000000	2.15000000
Global	107161	0.01000000	0.01000000
Global	107177	0.01000000	0.01000000
Global	107192	0.01000000	0.01000000
Global	107204	0.01000000	0.01000000
Global	107413	0.68000000	0.68000000
Global	107568	1.66000000	1.66000000
Global	107716	1.65000000	1.65000000
Global	107940	0.01000000	0.01000000
Global	107948	0.03000000	0.03000000
Global	107957	0.01000000	0.01000000
Global	107965	0.01000000	0.01000000
Global	107972	18.05000000	18.05000000
Global	107976	0.06000000	0.06000000
Global	107977	0.01000000	0.01000000
Global	107982	0.01000000	0.01000000
Global	107992	0.02000000	0.02000000
Global	108191	6.00000000	6.00000000
Global	108207	0.10000000	0.10000000
Global	108208	0.30000000	0.30000000
Global	108209	0.03000000	0.03000000
Global	108251	0.53000000	0.53000000
Global	108261	0.01000000	0.01000000
Global	108274	0.01000000	0.01000000
Global	108283	0.01000000	0.01000000
Global	108302	0.01000000	0.01000000
Global	108310	0.01000000	0.01000000
Global	108320	7.41000000	7.41000000
Global	108321	0.71000000	0.71000000
Global	108327	0.01000000	0.01000000
Global	108329	2.59000000	2.59000000
Global	108333	0.25000000	0.25000000
Global	109133	7.12000000	7.12000000
Global	109138	0.68000000	0.68000000
Global	109150	15.17000000	15.17000000
Global	109155	0.01000000	0.01000000
Global	109210	0.23000000	0.23000000
Global	109215	0.12000000	0.12000000
Global	109219	0.01000000	0.01000000
Global	109240	0.01000000	0.01000000
Global	109464	1.04000000	1.04000000
Global	109723	0.01000000	0.01000000
Global	109749	0.01000000	0.01000000
Global	109821	73.74000000	73.74000000
Global	109852	8.38000000	8.38000000
Global	109879	0.05000000	0.05000000
Global	109970	2.71000000	2.71000000
Global	110110	1.41000000	1.41000000
Global	110122	0.01000000	0.01000000
Global	110135	0.02000000	0.02000000
Global	110314	2.54000000	2.54000000
Global	110321	0.01000000	0.01000000
Global	110417	0.41000000	0.41000000
Global	110434	0.01000000	0.01000000
Global	110435	0.01000000	0.01000000
Global	110465	0.61000000	0.61000000
Global	110468	0.08000000	0.08000000
Global	110549	0.63000000	0.63000000
Global	110551	0.13000000	0.13000000
Global	110564	7.78000000	7.78000000
Global	110573	42.52000000	42.52000000
Global	110578	0.01000000	0.01000000
Global	110597	0.01000000	0.01000000
Global	110625	0.01000000	0.01000000
Global	110637	0.01000000	0.01000000
Global	110798	16.53000000	16.53000000
Global	111012	0.01000000	0.01000000
Global	111019	0.01000000	0.01000000
Global	111029	4.45000000	4.45000000
Global	111064	0.04000000	0.04000000
Global	111081	0.01000000	0.01000000
Global	111114	0.02000000	0.02000000
Global	111126	5.17000000	5.17000000
Global	111130	0.01000000	0.01000000
Global	111194	20.95000000	20.95000000
Global	111283	0.53000000	0.53000000
Global	111424	2.25000000	2.25000000
Global	111540	1.54000000	1.54000000
Global	111604	2.71000000	2.71000000
Global	111665	8.88000000	8.88000000
Global	111677	0.01000000	0.01000000
Global	111678	0.01000000	0.01000000
Global	111832	0.30000000	0.30000000
Global	111907	0.03000000	0.03000000
Global	111915	0.01000000	0.01000000
Global	111960	0.45000000	0.45000000
Global	112039	2.31000000	2.31000000
Global	112077	24.64000000	24.64000000
Global	112101	0.01000000	0.01000000
Global	112111	0.01000000	0.01000000
Global	112116	0.51000000	0.51000000
Global	112213	4.84000000	4.84000000
Global	112278	0.01000000	0.01000000
Global	112337	0.07000000	0.07000000
Global	112353	0.09000000	0.09000000
Global	112362	0.01000000	0.01000000
Global	112634	0.01000000	0.01000000
Global	112757	0.29000000	0.29000000
Global	112788	2.17000000	2.17000000
Global	112962	11.36000000	11.36000000
Global	112975	17.28000000	17.28000000
Global	113129	0.02000000	0.02000000
Global	113137	17.37000000	17.37000000
Global	113141	0.01000000	0.01000000
Global	113155	0.01000000	0.01000000
Global	113174	0.01000000	0.01000000
Global	113185	0.22000000	0.22000000
Global	113189	0.01000000	0.01000000
Global	113218	0.08000000	0.08000000
Global	113228	0.12000000	0.12000000
Global	113242	0.01000000	0.01000000
Global	113254	0.01000000	0.01000000
Global	113260	4.30000000	4.30000000
Global	113285	0.05000000	0.05000000
Global	113288	37.53000000	37.53000000
Global	113315	0.42000000	0.42000000
Global	113317	0.09000000	0.09000000
Global	113347	0.01000000	0.01000000
Global	113370	0.27000000	0.27000000
Global	113584	0.01000000	0.01000000
Global	113592	62.24000000	62.24000000
Global	113693	17.70000000	17.70000000
Global	113703	10.91000000	10.91000000
Global	113794	1.16000000	1.16000000
Global	113879	0.01000000	0.01000000
Global	113880	0.02000000	0.02000000
Global	113888	0.25000000	0.25000000
Global	113910	0.10000000	0.10000000
Global	113983	0.61000000	0.61000000
Global	114034	28.59000000	28.59000000
Global	114039	207.71000000	207.71000000
Global	114114	0.01000000	0.01000000
Global	114129	0.01000000	0.01000000
Global	114143	0.01000000	0.01000000
Global	114157	0.01000000	0.01000000
Global	114171	12.46000000	12.46000000
Global	114182	0.01000000	0.01000000
Global	114319	1.63000000	1.63000000
Global	114350	37.56000000	37.56000000
Global	114437	1.07000000	1.07000000
Global	114585	4.56000000	4.56000000
Global	114593	0.01000000	0.01000000
Global	114720	5.89000000	5.89000000
Global	114866	0.03000000	0.03000000
Global	114919	0.03000000	0.03000000
Global	114969	0.03000000	0.03000000
Global	115195	1.30000000	1.30000000
Global	115254	0.01000000	0.01000000
Global	115339	80.07000000	80.07000000
Global	115661	0.01000000	0.01000000
Global	115953	234.16000000	234.16000000
Global	116089	1.39000000	1.39000000
Global	116144	3.22000000	3.22000000
Global	116155	0.51000000	0.51000000
Global	116255	0.01000000	0.01000000
Global	116258	61.34000000	61.34000000
Global	116298	69.32000000	69.32000000
Global	116299	0.79000000	0.79000000
Global	116311	0.07000000	0.07000000
Global	116340	11.27000000	11.27000000
Global	116366	1.68000000	1.68000000
Global	116446	7.62000000	7.62000000
Global	116668	8.10000000	8.10000000
Global	116701	6.70000000	6.70000000
Global	116822	1.96000000	1.96000000
Subarea1	108191	6.00000015	6.00000000
Subarea1	109133	5.46999434	7.12000000
Subarea1	109150	15.16999976	15.17000000
Subarea1	109215	0.11999990	0.12000000
Subarea1	109219	0.01000000	0.01000000
Subarea1	109240	0.00999995	0.01000000
Subarea1	109749	0.01000000	0.01000000
Subarea1	109852	8.38000010	8.38000000
Subarea1	110314	2.54000029	2.54000000
Subarea1	111126	5.17000015	5.17000000
Subarea1	111194	20.95000000	20.95000000
Subarea1	111283	0.53000005	0.53000000
Subarea1	111540	1.54000010	1.54000000
Subarea1	111604	2.71000000	2.71000000
Subarea1	112111	0.01000000	0.01000000
Subarea1	112337	0.07000000	0.07000000
Subarea1	112353	0.09000000	0.09000000
Subarea1	112362	0.01000000	0.01000000
Subarea1	112757	0.29000015	0.29000000
Subarea1	112975	17.23939893	17.28000000
Subarea1	113288	37.52999990	37.53000000
Subarea1	113347	0.00999995	0.01000000
Subarea1	113592	62.24000010	62.24000000
Subarea1	113693	17.69979985	17.70000000
Subarea1	113983	0.61000000	0.61000000
Subarea1	114039	207.71000000	207.71000000
Subarea1	114350	37.54500010	37.56000000
Subarea1	114593	0.01000000	0.01000000
Subarea1	115195	1.30000005	1.30000000
Subarea1	115254	0.01000000	0.01000000
Subarea1	115339	79.85699883	80.07000000
Subarea1	115953	234.02300093	234.16000000
Subarea1	116089	1.39000010	1.39000000
Subarea1	116258	61.33999985	61.34000000
Subarea1	116298	69.31999966	69.32000000
Subarea1	116311	0.06999995	0.07000000
Subarea1	116340	11.27000010	11.27000000
Subarea1	116446	7.62000005	7.62000000
Subarea1	116701	6.69999995	6.70000000
Subarea2	84163	0.03000000	0.03000000
Subarea2	84208	0.53000005	0.53000000
Subarea2	84211	0.03000005	0.03000000
Subarea2	84239	0.00999995	0.01000000
Subarea2	84280	0.23000005	0.23000000
Subarea2	84625	0.62000010	0.62000000
Subarea2	84627	4.94000020	4.94000000
Subarea2	84660	0.08000000	0.08000000
Subarea2	84706	0.18000000	0.18000000
Subarea2	84746	0.28999990	0.29000000
Subarea2	84753	0.01000000	0.01000000
Subarea2	84760	0.01000000	0.01000000
Subarea2	84762	12.00034836	13.51000000
Subarea2	84767	0.64000010	0.64000000
Subarea2	84782	0.01000000	0.01000000
Subarea2	84788	0.13000005	0.13000000
Subarea2	84802	0.10000005	0.10000000
Subarea2	84805	0.23000000	0.23000000
Subarea2	84811	0.11000000	0.11000000
Subarea2	84815	0.00999995	0.01000000
Subarea2	84818	3.36000005	3.36000000
Subarea2	84844	0.07999995	0.08000000
Subarea2	84861	0.70999995	0.71000000
Subarea2	84992	0.01000000	0.01000000
Subarea2	85049	4.77999990	4.78000000
Subarea2	85057	0.00560029	0.12000000
Subarea2	85076	0.39000000	0.39000000
Subarea2	85127	3.99000010	3.99000000
Subarea2	85137	0.01000000	0.01000000
Subarea2	85146	0.01000005	0.01000000
Subarea2	85202	0.22000000	0.22000000
Subarea2	85203	0.46999995	0.47000000
Subarea2	85212	0.03000000	0.03000000
Subarea2	85244	0.01000005	0.01000000
Subarea2	85289	0.16019878	0.23000000
Subarea2	85308	8.78000010	8.78000000
Subarea2	85377	4.89959961	8.83000000
Subarea2	85462	9.18620747	19.66000000
Subarea2	85465	8.60999976	8.61000000
Subarea2	85472	12.93999985	12.94000000
Subarea2	85491	0.01000000	0.01000000
Subarea2	85531	0.06000000	0.06000000
Subarea2	85547	0.08000010	0.08000000
Subarea2	85564	0.81999995	0.82000000
Subarea2	85565	1.47999990	1.48000000
Subarea2	85571	1.38000000	1.38000000
Subarea2	85586	0.69000005	0.69000000
Subarea2	85608	0.05000000	0.05000000
Subarea2	85684	0.64999990	0.65000000
Subarea2	85703	10.07422683	12.61000000
Subarea2	85704	10.42020786	34.94000000
Subarea2	85708	0.02000000	0.02000000
Subarea2	85733	0.92000000	0.92000000
Subarea2	85736	2.44280205	2.85000000
Subarea2	85751	2.36379897	2.96000000
Subarea2	85754	0.09000000	0.09000000
Subarea2	85773	0.01000000	0.01000000
Subarea2	85807	2.74000000	2.74000000
Subarea2	85845	0.14999995	0.15000000
Subarea2	85853	3.52999995	3.53000000
Subarea2	85856	0.16000000	0.16000000
Subarea2	85860	0.01000000	0.01000000
Subarea2	85864	2.85540000	2.98000000
Subarea2	85873	0.07000005	0.07000000
Subarea2	85874	0.01000000	0.01000000
Subarea2	85921	0.13999990	0.14000000
Subarea2	85925	0.70999985	0.71000000
Subarea2	85929	0.01000000	0.01000000
Subarea2	86006	0.01999995	0.02000000
Subarea2	86011	5.25000010	5.25000000
Subarea2	86088	3.77457791	4.90000000
Subarea2	86098	2.13262725	4.47000000
Subarea2	86116	1.59000005	1.59000000
Subarea2	86117	0.31000005	0.31000000
Subarea2	86217	7.91359990	8.04000000
Subarea2	86265	13.56159990	15.92000000
Subarea2	86287	0.14007480	0.32000000
Subarea2	86448	0.72606394	2.19000000
Subarea2	86653	0.85162534	3.23000000
Subarea2	86658	0.01000000	0.01000000
Subarea2	86697	0.01000000	0.01000000
Subarea2	86707	0.01000000	0.01000000
Subarea2	86715	0.88000000	0.88000000
Subarea2	86721	8.71368140	9.86000000
Subarea2	86723	9.92359985	10.01000000
Subarea2	86766	0.16000000	0.16000000
Subarea2	86832	2.93999990	2.94000000
Subarea2	86863	1.72120078	1.82000000
Subarea2	86875	3.08000020	3.08000000
Subarea2	86893	0.05920083	0.33000000
Subarea2	86922	0.01000005	0.01000000
Subarea2	86940	0.01000000	0.01000000
Subarea2	86948	15.34999980	15.35000000
Subarea2	86965	0.01000000	0.01000000
Subarea2	86978	1.26820249	5.71000000
Subarea2	87028	2.75259541	9.94000000
Subarea2	87050	5.19120537	7.64000000
Subarea2	87085	10.47999976	10.48000000
Subarea2	87099	0.01000000	0.01000000
Subarea2	87242	0.01000000	0.01000000
Subarea2	87282	3.17000005	3.17000000
Subarea2	87317	0.93440249	10.23000000
Subarea2	87354	2.12999976	2.13000000
Subarea2	87391	1.20999995	1.21000000
Subarea2	87431	4.60299687	5.17000000
Subarea2	87632	8.33999995	8.34000000
Subarea2	87660	1.34999985	1.35000000
Subarea2	87781	0.17000005	0.17000000
Subarea2	87806	1.80000015	1.80000000
Subarea2	87839	3.13000015	3.13000000
Subarea2	87969	21.98000010	21.98000000
Subarea2	88263	3.72999985	3.73000000
Subarea2	88305	20.87000020	20.87000000
Subarea2	89563	0.02000000	0.02000000
Subarea2	89568	0.28999995	0.29000000
Subarea2	89671	5.92000015	5.92000000
Subarea2	89731	0.90000000	0.90000000
Subarea2	89832	6.99000024	6.99000000
Subarea2	89895	0.81000000	0.81000000
Subarea2	89904	8.84000010	8.84000000
Subarea2	89911	0.02000000	0.02000000
Subarea2	89944	0.01000000	0.01000000
Subarea2	89960	0.00999995	0.01000000
Subarea2	90011	0.04000000	0.04000000
Subarea2	90019	0.01000000	0.01000000
Subarea2	90028	0.01000005	0.01000000
Subarea2	90056	0.03999995	0.04000000
Subarea2	90067	0.01000000	0.01000000
Subarea2	90109	1.39000000	1.39000000
Subarea2	90129	0.48000015	0.48000000
Subarea2	90191	0.01000000	0.01000000
Subarea2	90204	0.01000005	0.01000000
Subarea2	90216	15.34999951	15.35000000
Subarea2	90223	0.06000005	0.06000000
Subarea2	90306	0.21000000	0.21000000
Subarea2	90516	1.88999990	1.89000000
Subarea2	90679	0.01000000	0.01000000
Subarea2	90705	0.01000000	0.01000000
Subarea2	90738	0.01000000	0.01000000
Subarea2	90769	0.01000000	0.01000000
Subarea2	90788	0.01000000	0.01000000
Subarea2	90797	0.01000000	0.01000000
Subarea2	90807	0.01000005	0.01000000
Subarea2	90811	0.03000000	0.03000000
Subarea2	90833	0.01000000	0.01000000
Subarea2	90840	0.02000000	0.02000000
Subarea2	90905	5.38361731	30.05000000
Subarea2	91233	1.71999995	1.72000000
Subarea2	91237	21.95999976	21.96000000
Subarea2	91348	4.43000029	4.43000000
Subarea2	91945	0.49999995	0.50000000
Subarea2	91951	0.02000000	0.02000000
Subarea2	92003	0.82000005	0.82000000
Subarea2	92010	0.96000000	0.96000000
Subarea2	92044	0.89600488	11.26000000
Subarea2	92064	0.00999995	0.01000000
Subarea2	92094	0.74999995	0.75000000
Subarea2	92099	0.01000000	0.01000000
Subarea2	92319	50.50141138	65.82000000
Subarea2	92321	0.17419678	1.18000000
Subarea2	92474	3.05399521	4.90000000
Subarea2	92518	0.02000005	0.02000000
Subarea2	92693	0.00999995	0.01000000
Subarea2	92705	1.83000000	1.83000000
Subarea2	92741	0.51000000	0.51000000
Subarea2	92833	2.67000005	2.67000000
Subarea2	92904	2.07000005	2.07000000
Subarea2	93103	4.16000000	4.16000000
Subarea2	93318	14.00819570	16.30000000
Subarea3	57460	1.00999985	1.01000000
Subarea3	57490	0.00999995	0.01000000
Subarea3	57579	0.32000000	0.32000000
Subarea3	57592	7.56999990	7.57000000
Subarea3	57630	0.01000000	0.01000000
Subarea3	57660	0.02000000	0.02000000
Subarea3	57820	4.54999995	4.55000000
Subarea3	57891	12.24000020	12.24000000
Subarea3	57963	0.09999990	0.10000000
Subarea3	57991	5.60999985	5.61000000
Subarea3	58045	0.03000000	0.03000000
Subarea3	58109	2.45000005	2.45000000
Subarea3	58119	0.29000005	0.29000000
Subarea3	58162	2.04000005	2.04000000
Subarea3	58189	0.22000000	0.22000000
Subarea3	58319	2.77000029	2.77000000
Subarea3	58441	3.59000015	3.59000000
Subarea3	58451	80.98999985	80.99000000
Subarea3	58481	0.01000000	0.01000000
Subarea3	58486	1.73999995	1.74000000
Subarea3	58536	28.94000000	28.94000000
Subarea3	58579	0.01000000	0.01000000
Subarea3	58583	4.02999980	4.03000000
Subarea3	58591	0.02000000	0.02000000
Subarea3	58592	0.00999995	0.01000000
Subarea3	58597	0.01000000	0.01000000
Subarea3	58621	0.01000005	0.01000000
Subarea3	58797	9.38178662	9.46000000
Subarea3	58875	39.75999971	39.76000000
Subarea3	58955	0.81000005	0.81000000
Subarea3	58973	0.03000000	0.03000000
Subarea3	58975	7.99000000	7.99000000
Subarea3	58980	3.14999995	3.15000000
Subarea3	59013	0.83000010	0.83000000
Subarea3	59120	23.99945427	25.44000000
Subarea3	59200	0.01000005	0.01000000
Subarea3	59201	0.01000000	0.01000000
Subarea3	59205	0.01000000	0.01000000
Subarea3	59206	4.61000010	4.61000000
Subarea3	59208	0.01000000	0.01000000
Subarea3	59224	0.61000010	0.61000000
Subarea3	59228	0.25300215	2.57000000
Subarea3	59244	8.38999995	8.39000000
Subarea3	59251	3.21000005	3.21000000
Subarea3	59302	1.55000000	1.55000000
Subarea3	59506	12.21999985	12.22000000
Subarea3	59579	16.14000020	16.14000000
Subarea3	59602	1.74999990	1.75000000
Subarea3	59736	0.27000010	0.27000000
Subarea3	59903	14.69999976	14.70000000
Subarea3	60155	7.69000015	7.69000000
Subarea3	60259	14.14999990	14.15000000
Subarea3	60277	0.67999990	0.68000000
Subarea3	60340	1.79000005	1.79000000
Subarea3	60446	0.01000000	0.01000000
Subarea3	60732	0.12000000	0.12000000
Subarea3	60756	0.01000000	0.01000000
Subarea3	60771	0.01000000	0.01000000
Subarea3	60782	0.01000000	0.01000000
Subarea3	60790	0.08999995	0.09000000
Subarea3	60796	0.03000000	0.03000000
Subarea3	60808	0.01000000	0.01000000
Subarea3	60812	1.27999990	1.28000000
Subarea3	60817	0.02000000	0.02000000
Subarea3	60827	0.02999995	0.03000000
Subarea3	60829	0.11000000	0.11000000
Subarea3	60837	0.01000000	0.01000000
Subarea3	60838	79.73999966	79.74000000
Subarea3	60845	0.01000005	0.01000000
Subarea3	60855	0.02000000	0.02000000
Subarea3	60856	2.25999985	2.26000000
Subarea3	60866	0.02000000	0.02000000
Subarea3	60871	0.00999995	0.01000000
Subarea3	60873	1.00999990	1.01000000
Subarea3	60874	0.01000000	0.01000000
Subarea3	60892	0.98540215	8.21000000
Subarea3	60898	3.57000000	3.57000000
Subarea3	60900	0.89000005	0.89000000
Subarea3	60918	3.14999990	3.15000000
Subarea3	60933	0.12319966	0.34000000
Subarea3	60944	0.30000005	0.30000000
Subarea3	61015	1.61999980	1.62000000
Subarea3	61032	0.00380010	0.01000000
Subarea3	61042	0.01000005	0.01000000
Subarea3	61059	0.01000000	0.01000000
Subarea3	61060	0.07999995	0.08000000
Subarea3	61071	0.06000005	0.06000000
Subarea3	61087	5.32999976	5.33000000
Subarea3	61092	5.49999990	5.50000000
Subarea3	61132	1.12999985	1.13000000
Subarea3	61154	2.28919824	5.58000000
Subarea3	61207	15.29000000	15.29000000
Subarea3	61214	0.00999995	0.01000000
Subarea3	61286	2.66346467	4.31000000
Subarea3	61358	0.01000000	0.01000000
Subarea3	61381	6.55000020	6.55000000
Subarea3	61384	1.73000000	1.73000000
Subarea3	61399	0.06000000	0.06000000
Subarea3	61405	0.02000000	0.02000000
Subarea3	61455	3.95999995	3.96000000
Subarea3	61605	2.94999995	2.95000000
Subarea3	61799	3.67999985	3.68000000
Subarea3	61948	2.44000005	2.44000000
Subarea3	62029	8.96999971	8.97000000
Subarea3	62207	0.93179912	2.35000000
Subarea3	62259	0.10000005	0.10000000
Subarea3	62321	3.12999995	3.13000000
Subarea3	62608	1.39000000	1.39000000
Subarea3	62613	9.33999971	9.34000000
Subarea3	62660	55.84999985	55.85000000
Subarea3	62678	0.02000000	0.02000000
Subarea3	62705	0.12000015	0.12000000
Subarea3	62721	2.80999980	2.81000000
Subarea3	62722	0.03000005	0.03000000
Subarea3	62906	4.03000005	4.03000000
Subarea3	62982	3.73000005	3.73000000
Subarea3	63085	0.13000005	0.13000000
Subarea3	63163	0.80000000	0.80000000
Subarea3	63290	8.21000015	8.21000000
Subarea3	63307	2.16000010	2.16000000
Subarea3	63336	1.51000010	1.51000000
Subarea4	48846	0.02000000	0.02000000
Subarea4	48891	0.02000005	0.02000000
Subarea4	48930	0.10000000	0.10000000
Subarea4	48954	0.09000005	0.09000000
Subarea4	49368	0.00899985	0.01000000
Subarea4	49398	0.21160073	2.56000000
Subarea4	49406	0.35999990	0.36000000
Subarea4	49411	1.56619971	1.63000000
Subarea4	49421	0.01000005	0.01000000
Subarea4	49426	0.01000000	0.01000000
Subarea4	49432	14.92999990	14.93000000
Subarea4	49657	0.59000005	0.59000000
Subarea4	49661	0.01000005	0.01000000
Subarea4	49766	0.88000000	0.88000000
Subarea4	49779	0.41000010	0.41000000
Subarea4	49922	13.78999995	13.79000000
Subarea4	49985	1.02000010	1.02000000
Subarea4	50001	2.87000010	2.87000000
Subarea4	50016	0.09000000	0.09000000
Subarea4	50034	0.01000000	0.01000000
Subarea4	50041	0.02000000	0.02000000
Subarea4	50045	0.04000005	0.04000000
Subarea4	50046	0.02000005	0.02000000
Subarea4	50047	0.01000000	0.01000000
Subarea4	50050	1.54000000	1.54000000
Subarea4	50072	0.06000000	0.06000000
Subarea4	50086	0.01999995	0.02000000
Subarea4	50102	0.01999995	0.02000000
Subarea4	50123	0.01999995	0.02000000
Subarea4	50131	6.00000024	6.00000000
Subarea4	50133	0.02000000	0.02000000
Subarea4	50176	0.09999995	0.10000000
Subarea4	50190	0.02000000	0.02000000
Subarea4	50200	0.02000005	0.02000000
Subarea4	50210	2.25000000	2.25000000
Subarea4	50212	0.02000005	0.02000000
Subarea4	50229	0.02000000	0.02000000
Subarea4	50243	0.01000000	0.01000000
Subarea4	50260	0.01999995	0.02000000
Subarea4	50275	0.01999995	0.02000000
Subarea4	50288	0.02000000	0.02000000
Subarea4	50301	0.01000000	0.01000000
Subarea4	50321	0.02000005	0.02000000
Subarea4	50325	9.86000000	9.86000000
Subarea4	50340	0.02000005	0.02000000
Subarea4	50351	2.86000005	2.86000000
Subarea4	50373	30.95999971	30.96000000
Subarea4	51356	0.06000000	0.06000000
Subarea4	51442	0.13000010	0.13000000
Subarea4	51572	4.56000005	4.56000000
Subarea4	51815	3.25000010	3.25000000
Subarea4	51941	7.95000005	7.95000000
Subarea4	52034	0.21000005	0.21000000
Subarea4	52647	44.98860249	45.16000000
Subarea4	52935	2.28999946	2.29000000
Subarea4	52978	0.59999990	0.60000000
Subarea4	53546	0.50999995	0.51000000
Subarea4	53667	2.85999985	2.86000000
Subarea4	54156	13.07000015	13.07000000
Subarea4	54172	0.01000000	0.01000000
Subarea4	55798	62.88000024	62.88000000
Subarea4	56094	0.23000010	0.23000000
Subarea4	56160	1.77999990	1.78000000
Subarea4	56192	0.02000000	0.02000000
Subarea4	56204	0.45999995	0.46000000
Subarea4	56210	2.64099639	4.31000000
Subarea4	56355	5.73000005	5.73000000
Subarea4	56397	10.65999980	10.66000000
Subarea4	56432	4.50000000	4.50000000
Subarea4	56674	0.01000005	0.01000000
Subarea4	56694	4.66000015	4.66000000
Subarea4	57004	0.06999995	0.07000000
Subarea4	57093	47.00000010	47.00000000
Subarea4	57109	7.34000000	7.34000000
Subarea4	57355	0.71999985	0.72000000
Subarea4	57389	0.30000005	0.30000000
Subarea4	57395	0.42999990	0.43000000
Subarea4	57439	14.52000044	14.52000000
Subarea4	57573	0.01000000	0.01000000
Subarea4	57584	0.01000005	0.01000000
Subarea4	57598	3.74000010	3.74000000
Subarea4	57796	3.66999985	3.67000000
Subarea4	57997	0.02000005	0.02000000
Subarea4	58082	1.40000000	1.40000000
Subarea4	58107	21.64999995	21.65000000
Subarea4	58293	4.81999976	4.82000000
Subarea4	58315	1.41999985	1.42000000
Subarea4	58370	1.38420078	2.91000000
Subarea4	58416	2.21000000	2.21000000
Subarea4	58472	0.89999990	0.90000000
Subarea4	58556	5.00479966	5.03000000
Subarea4	58676	2.00379946	13.24000000
Subarea4	58777	3.56140088	3.58000000
Subarea4	58865	9.71439980	10.31000000
Subarea4	59082	10.05579790	12.49000000
